"Subject","Status","Recipient Name","Action","Sent On","Completed On","View Date","Status Changed Date","Sign Date","Recipient Email"
"Corrected: Please DocuSign your new ASI flood insurance application.-(941)915-3721| 00714110 | LR","Sent","Michelle Brady","Sent","","","","","","Bradys4christ@yahoo.com"
"Please DocuSign your notice of terrorism coverage-(203)912-7205| 00720754 |MD","Sent","Joel Wecksell","Sent","2/6/2018 12:53:01 PM EST","","","","","joel@wecksell.org"
"Please DocuSign your Southern Oak insurance documents.-(954)254-0944 | 00418899 |LR MO","Sent","Elvira Rodriguez","Sent","2/6/2018 12:33:21 PM EST","","","","","Elviyeja61@yahoo.com"
"Please DocuSign your ASI insurance documents.-(732)778-3634| 00721531 |SB","Completed","Gabriella Faldetta-Frick","Completed","2/6/2018 12:12:24 PM EST","2/6/2018 3:11:45 PM EST","2/6/2018 3:10:36 PM EST","2/6/2018 3:11:45 PM EST","2/6/2018 3:11:45 PM EST","GFRICKETTA@AOL.COM"
"Please DocuSign your UPC insurance documents.-(850)826-1736 | 00603085 |LR","Completed","Matthew Phelan","Completed","2/6/2018 11:59:29 AM EST","2/6/2018 5:17:50 PM EST","2/6/2018 5:17:20 PM EST","2/6/2018 5:17:50 PM EST","2/6/2018 5:17:50 PM EST","Mattphelan850@gmail.com"
"Please DocuSign: FLH-0007463 Inspection Letter.(786)390-0555 | 00712424 |LR","Completed","Frank Ortega Perez","Completed","2/6/2018 11:49:00 AM EST","2/6/2018 1:05:11 PM EST","2/6/2018 1:04:37 PM EST","2/6/2018 1:05:11 PM EST","2/6/2018 1:05:11 PM EST","frankortega45@hotmail.com"
"Please DocuSign your Geovera & Allrisk insurance documents.-(786)306-2942 | 00722608 | SR","Sent","Barbara Oliver","Sent","2/6/2018 10:54:45 AM EST","","","","","barbaraj1538@yahoo.com"
"Please DocuSign your AllRik, Geovera & ASI insurance documents.-(305)380-7767 | 00650999 | SR LR","Sent","Norberto Barrios","Sent","2/6/2018 10:45:18 AM EST","","","","","Susanab123@yahoo.com"
"NEw: Please DocuSign UPCIC Statement of No Loss form-(646)683-0008| 00696542 |LR","Completed","Esperanza Dejesus","Completed","2/6/2018 10:29:10 AM EST","2/6/2018 11:53:48 AM EST","2/6/2018 11:53:38 AM EST","2/6/2018 11:54:30 AM EST","2/6/2018 11:53:48 AM EST","rubianut@aol.com"
"NEw: Please DocuSign UPCIC Statement of No Loss form-(646)683-0008| 00696542 |LR","Completed","Dana Hole","Completed","2/6/2018 10:29:10 AM EST","2/6/2018 11:54:30 AM EST","2/6/2018 11:54:20 AM EST","2/6/2018 11:54:30 AM EST","2/6/2018 11:54:30 AM EST","rubianut@aol.com"
"Please DocuSign your Capitol Preferred insurance documents.-(954)439-4672| 00722735 | SB","Completed","Eve Philippeaux","Completed","2/6/2018 10:00:21 AM EST","2/6/2018 10:14:46 AM EST","2/6/2018 10:10:47 AM EST","2/6/2018 10:14:46 AM EST","2/6/2018 10:14:46 AM EST","evep2020@gmail.com"
"Please DocuSign your Safeco insurance documents.- | 00615593 | (352)727-8756 MM","Completed","George D Mayberry","Completed","2/6/2018 9:53:49 AM EST","2/6/2018 1:26:19 PM EST","2/6/2018 1:25:45 PM EST","2/6/2018 1:26:19 PM EST","2/6/2018 1:26:19 PM EST","Annies11@yahoo.com"
"Please DocuSign your Olympus insurance documents.-(954)290-5330| 00366074| LR","Delivered","George Cheddar","Delivered","2/6/2018 9:50:25 AM EST","","2/6/2018 10:57:47 AM EST","","","georgecheddar72@yahoo.com"
"Please DocuSign your Tapco insurance documents.-(612)353-7049| 00722698 | SR","Completed","James Laurence","Completed","2/6/2018 9:47:04 AM EST","2/6/2018 9:59:34 AM EST","2/6/2018 9:57:55 AM EST","2/6/2018 9:59:34 AM EST","2/6/2018 9:59:34 AM EST","jameslaur@comcast.net"
"Please DocuSign your Bass insurance documents.-(954)829-4858 | 00722688 | SR","Completed","Christpoher Simmons","Completed","2/6/2018 9:41:29 AM EST","2/6/2018 4:10:22 PM EST","2/6/2018 4:04:59 PM EST","2/6/2018 4:10:22 PM EST","2/6/2018 4:10:22 PM EST","penfowl@aol.com"
"Please DocuSign Cancellation request form.-(561)302-5128| 00711591 |MO","Completed","Debra Stone","Completed","2/5/2018 5:02:21 PM EST","2/5/2018 5:52:46 PM EST","2/5/2018 5:52:15 PM EST","2/5/2018 5:52:46 PM EST","2/5/2018 5:52:46 PM EST","debabcstone@yahoo.com"
"Please DocuSign your UPC insurance documents.-phn#727-319-9545pc#UHF1705016 SB MO","Sent","Ray Straley","Sent","2/5/2018 5:01:23 PM EST","","","","","straleyray@gmail.com"
"Please DocuSign your New  UPC APP & Cancellation request form.-(813)500-7459| 00722175 |MO","Sent","Juan C Perez","Sent","2/5/2018 4:58:09 PM EST","","","","","Jcjuanca14@yahoo.com"
"Please DocuSign Cancellation request form.-(561)951-0073 | 00721849 |MO","Sent","David Greif","Sent","2/5/2018 4:53:35 PM EST","","","","","david@delraymortgages.com"
"Please DocuSign Cancellation request form.-(561)951-0073 | 00721849 |MO","Sent","CARA DESTEFANO GREIF","Completed","2/5/2018 4:53:35 PM EST","2/6/2018 4:33:49 PM EST","2/6/2018 4:33:38 PM EST","","2/6/2018 4:33:49 PM EST","david@delraymortgages.com"
"Please DocuSign Cancellation request form.-(954)464-0919| 00433758 |MO","Sent","Koshy Mathew","Sent","2/5/2018 4:48:03 PM EST","","","","","KMATHEW4@HOTMAIL.COM"
"Please DocuSign this agent of record form.-(407)286-2092| 00722633 |BB DB","Delivered","JESUS RIOS","Delivered","2/5/2018 4:37:06 PM EST","","2/5/2018 4:51:52 PM EST","","","evarios07@yahoo.com"
"Please DocuSign this agent of record form.-(407)286-2092| 00722633 |BB DB","Delivered","Evangelina Rios","Completed","2/5/2018 4:37:06 PM EST","2/5/2018 4:50:41 PM EST","2/5/2018 4:44:25 PM EST","","2/5/2018 4:50:41 PM EST","evarios07@yahoo.com"
"Please DocuSign your AllRisk insurance documents.-(321)626-6978 | 00722565 | SR","Delivered","Irma Pinder","Delivered","2/5/2018 3:07:40 PM EST","","2/5/2018 3:12:59 PM EST","","","grlplnfxr@gmail.com"
"Please DocuSign your Progressive insurance documents.-(518)528-3117| 00722343 | MM","Completed","SUSAN MILLS","Completed","2/5/2018 3:01:03 PM EST","2/6/2018 10:38:22 AM EST","2/5/2018 4:48:07 PM EST","2/6/2018 10:38:22 AM EST","2/6/2018 10:38:22 AM EST","susanmills@biblesocieties.org"
"Please DocuSign your Edison insurance documents.-(518)528-3117| 00722343 |LR","Completed","Leigh Rene Martuscello","Completed","2/5/2018 2:46:01 PM EST","2/5/2018 4:35:42 PM EST","2/5/2018 4:33:43 PM EST","2/5/2018 4:35:42 PM EST","2/5/2018 4:35:42 PM EST","leighmartuscello@aol.com"
"Please DocuSign your Prepared & Tower Hill insurance documents.-(754)368-2700| 00722327 |LR","Sent","Daniel Fazio","Sent","2/5/2018 2:33:53 PM EST","","","","","dan@danfazio.net"
"Please DocuSign your Prepared & Tower Hill insurance documents.-(754)368-2700| 00722327 |LR","Sent","Leticia Fazio","Delivered","2/5/2018 2:33:54 PM EST","","2/5/2018 2:41:41 PM EST","","","dan@danfazio.net"
"Please DocuSign your UPCIC insurance documents.-(850)510-3368 | 00722599 |AG","Sent","Bonnie Woodall","Sent","2/5/2018 2:15:14 PM EST","","","","","toddwoodall@yahoo.com"
"Please DocuSign your UPCIC insurance documents.-(850)510-3368 | 00722599 |AG","Sent","Todd Woodall","Completed","2/5/2018 2:15:13 PM EST","2/5/2018 3:23:20 PM EST","2/5/2018 3:21:21 PM EST","","2/5/2018 3:23:20 PM EST","toddwoodall@yahoo.com"
"Please DocuSign your Bass insurance documents.-(941)526-5283| 00722588 | SR","Completed","Lova Patterson","Completed","2/5/2018 2:09:50 PM EST","2/5/2018 3:12:16 PM EST","2/5/2018 3:08:07 PM EST","2/5/2018 3:12:16 PM EST","2/5/2018 3:12:16 PM EST","patterlm@eckerd.edu"
"Please DocuSign your Bass insurance documents.-(917)373-0855| 00706751 | SR","Completed","Brenda Duncan","Completed","2/5/2018 2:05:34 PM EST","2/5/2018 3:10:19 PM EST","2/5/2018 3:09:25 PM EST","2/5/2018 3:10:19 PM EST","2/5/2018 3:10:19 PM EST","brendad000@hotmail.com"
"Please DocuSign your ST Johns insurance documents.-(727)420-7351| 00674813 |LR","Completed","Derek Cooper","Completed","2/5/2018 2:01:34 PM EST","2/5/2018 2:25:14 PM EST","2/5/2018 2:21:28 PM EST","2/5/2018 2:28:27 PM EST","2/5/2018 2:25:14 PM EST","kamaramcooper@yahoo.com"
"Please DocuSign your ST Johns insurance documents.-(727)420-7351| 00674813 |LR","Completed","Kamara Cooper","Completed","2/5/2018 2:01:33 PM EST","2/5/2018 2:28:27 PM EST","2/5/2018 2:26:29 PM EST","2/5/2018 2:28:27 PM EST","2/5/2018 2:28:27 PM EST","kamaramcooper@yahoo.com"
"Please DocuSign your UPCIC insurance documents.-(561)507-5407| 00456401 |AG LR","Sent","David Charles White","Sent","2/5/2018 1:22:57 PM EST","","","","","csnevins@gmail.com"
"Please DocuSign your UPCIC insurance documents.-(561)507-5407| 00456401 |AG LR","Sent","Valerie Mary White","Sent","2/5/2018 1:22:58 PM EST","","","","","csnevins@gmail.com"
"Please DocuSign your UPCIC insurance documents.-(561)507-5407| 00456401 |AG LR","Sent","Christina Nevins","Sent","2/5/2018 1:22:58 PM EST","","","","","csnevins@gmail.com"
"Please DocuSign Cancellation request form.-(561)373-1809| 00391792 |MO","Completed","Ilona Tapolyai","Completed","2/5/2018 12:24:58 PM EST","2/5/2018 6:05:40 PM EST","2/5/2018 6:04:35 PM EST","2/5/2018 6:05:40 PM EST","2/5/2018 6:05:40 PM EST","ica0726@gmail.com"
"Please DocuSign Cancellation request form.-(954)636-9065 | 00692483 |MO","Completed","Jason Jeffrey","Completed","2/5/2018 12:22:07 PM EST","2/5/2018 5:55:59 PM EST","2/5/2018 5:55:26 PM EST","2/5/2018 5:55:59 PM EST","2/5/2018 5:55:59 PM EST","sanjosegc@outlook.com"
"Please DocuSign this agent of record form.-(954)720-6976 | 00722595 | BB DB","Delivered","JACQUELINE CASSIO","Delivered","2/5/2018 12:12:49 PM EST","","2/5/2018 1:28:04 PM EST","","","jacknskip@att.net"
"Please DocuSign this agent of record form.-(954)720-6976 | 00722595 | BB DB","Delivered","JOSEPH CASSIO","Delivered","2/5/2018 12:12:49 PM EST","","2/5/2018 1:30:52 PM EST","","","jacknskip@att.net"
"Please DocuSign your UPCIC insurance documents.-(786)553-1100 | 00719261 AG","Sent","Juan Rivera","Sent","2/5/2018 12:02:41 PM EST","","","","","riveraj55561@gmail.com"
"Please DocuSign your UPCIC insurance documents.-(786)553-1100 | 00719261 AG","Sent","Onida Rivera","Completed","2/5/2018 12:02:41 PM EST","2/6/2018 12:36:32 PM EST","2/6/2018 12:35:49 PM EST","","2/6/2018 12:36:32 PM EST","riveraj55561@gmail.com"
"Corrected: Please DocuSign your UPCIC insurance documents.-(954)330-8125 | 00721837 | AG","Delivered","Shaunna Baker","Delivered","2/5/2018 12:01:06 PM EST","","2/5/2018 4:10:17 PM EST","","","shaunna.baker5@gmail.com"
"Please DocuSign your Bass insurance documents.-(813)408-0294| 00722352 |SR","Completed","Bertude Angervil","Completed","2/5/2018 11:29:36 AM EST","2/5/2018 3:00:18 PM EST","2/5/2018 2:40:55 PM EST","2/5/2018 3:00:18 PM EST","2/5/2018 3:00:18 PM EST","bangervil@gmail.com"
"Please DocuSign Cancellation request form.-(352)229-6777 | 00681130 | SB","Delivered","WOODROW GRIFFIN","Delivered","2/5/2018 10:47:51 AM EST","","2/6/2018 9:48:10 PM EST","","","g_woodrow@yahoo.com"
"Please DocuSign Cancellation request form.-(352)229-6777 | 00681130 | SB","Delivered","ROBIN GRIFFIN","Delivered","2/5/2018 10:47:51 AM EST","","2/6/2018 9:44:06 PM EST","","","g_woodrow@yahoo.com"
"Please DocuSign your UPC insurance documents.| 00708636 |ph#321-799-2953 LR MO","Completed","Susan Pelakh","Completed","2/5/2018 9:44:57 AM EST","2/5/2018 8:33:13 PM EST","2/5/2018 8:29:31 PM EST","2/5/2018 8:35:12 PM EST","2/5/2018 8:33:13 PM EST","pelakh@gmail.com"
"Please DocuSign your UPC insurance documents.| 00708636 |ph#321-799-2953 LR MO","Completed","Boris Pelakh","Completed","2/5/2018 9:44:57 AM EST","2/5/2018 8:35:12 PM EST","2/5/2018 8:33:57 PM EST","2/5/2018 8:35:12 PM EST","2/5/2018 8:35:12 PM EST","pelakh@gmail.com"
"Please DocuSign your Geovera insurance documents.-(954)655-6035| 00390984 | SR","Sent","Viola Ollivierre","Sent","2/2/2018 3:33:03 PM EST","","","","","dayda8@hotmail.com"
"Please DocuSign your Lexington insurance documents.-(772)410-9783 | 00707554 |MD","Completed","Paul Malinos","Completed","2/2/2018 3:18:21 PM EST","2/2/2018 3:54:34 PM EST","2/2/2018 3:53:49 PM EST","2/2/2018 3:56:10 PM EST","2/2/2018 3:54:34 PM EST","paulmalinos@hotmail.com"
"Please DocuSign your Lexington insurance documents.-(772)410-9783 | 00707554 |MD","Completed","Nancy Malinos","Completed","2/2/2018 3:18:21 PM EST","2/2/2018 3:56:10 PM EST","2/2/2018 3:55:41 PM EST","2/2/2018 3:56:10 PM EST","2/2/2018 3:56:10 PM EST","paulmalinos@hotmail.com"
"Please DocuSign: FLH-0007316  Inspection Letter.(786)468-0532| 00712223 |LR","Sent","Morton Augustin","Sent","2/2/2018 2:32:12 PM EST","","","","","brosegracia@yahoo.com"
"Please DocuSign: NVH-0003492 Inspection Letter.-(786)916-5691 | 00713025","Sent","Rosa Camino","Sent","2/2/2018 2:31:50 PM EST","","","","","rosa.a.camino@hotmail.com"
"NEW: Please DocuSign Named Driver Exclusion Election-(561)398-9536 | 00088117 |MMcCoy","Sent","Nidia Martinez","Sent","2/2/2018 2:29:37 PM EST","","","","","nimartinez56@gmail.com"
"Please DocuSign your UPCIC insurance documents.-(838)295-0182| 00722123 |AG","Sent","Essie Ridgeway","Sent","2/2/2018 2:25:32 PM EST","","","","","houstonsheila4@hotmail.com"
"Please DocuSign your UPC insurance documents.-..(561)862-7042 | 00722284 |LR","Sent","ELIZABETH VISE","Sent","2/2/2018 2:07:37 PM EST","","","","","toy4liz@aol.com"
"Please DocuSign your UPC insurance documents.-..(561)862-7042 | 00722284 |LR","Sent","Joseph Toscano","Completed","2/2/2018 2:07:36 PM EST","2/2/2018 2:26:36 PM EST","2/2/2018 2:25:12 PM EST","","2/2/2018 2:26:36 PM EST","toy4liz@aol.com"
"Corrected: Please DocuSign your Florida Specialty insurance documents.-(320)405-9509 | 00722236 |SB","Delivered","Maria Casil","Delivered","2/2/2018 1:57:36 PM EST","","2/2/2018 3:39:39 PM EST","","","honey.bunch@btopenworld.com"
"Please DocuSign your UPCIC insurance documents.-(954)401-7798| 00722225 |AG","Completed","Paula R. Williams","Completed","2/2/2018 1:34:49 PM EST","2/2/2018 1:41:14 PM EST","2/2/2018 1:35:34 PM EST","2/2/2018 1:41:14 PM EST","2/2/2018 1:41:14 PM EST","Phardy2009@yahoo.com"
"Please DocuSign your UPCIC insurance documents.-(954)636-9065| 00692483 |AG","Completed","Jason Jeffrey","Completed","2/2/2018 1:16:05 PM EST","2/4/2018 9:18:30 AM EST","2/4/2018 9:17:22 AM EST","2/4/2018 9:18:30 AM EST","2/4/2018 9:18:30 AM EST","sanjosegc@outlook.com"
"Please DocuSign your Capitol insurance documents.-(561)293-9928 | 00705318 | LR","Completed","Desha Turner","Completed","2/2/2018 1:11:35 PM EST","2/2/2018 1:14:52 PM EST","2/2/2018 1:12:20 PM EST","2/2/2018 1:14:52 PM EST","2/2/2018 1:14:52 PM EST","deshaturner@gmail.com"
"Please DocuSign your UPC insurance documents.-(813)500-7459 | 00722175 | SB","Completed","Juan C Perez","Completed","2/2/2018 1:07:33 PM EST","2/3/2018 8:26:56 AM EST","2/3/2018 8:24:12 AM EST","2/3/2018 8:26:56 AM EST","2/3/2018 8:26:56 AM EST","Jcjuanca14@yahoo.com"
"Please DocuSign your UPCIC insurance documents.-(904)234-7618| 00722173 |AG","Completed","Harold L Jones","Completed","2/2/2018 1:02:41 PM EST","2/3/2018 7:06:04 AM EST","2/3/2018 7:03:00 AM EST","2/3/2018 7:06:04 AM EST","2/3/2018 7:06:04 AM EST","jones957@yahoo.com"
"Please DocuSign your Florida Penn insurance documents.-(713)702-1240| 00692758 | SB","Completed","Cheryl L Kirsten","Completed","2/2/2018 12:58:21 PM EST","2/2/2018 6:45:21 PM EST","2/2/2018 6:42:37 PM EST","2/2/2018 6:45:21 PM EST","2/2/2018 6:45:21 PM EST","cherlk88888@gmail.com"
"Please DocuSign your AllRisk insurance documents.-(305)890-3730| 00722097 | SR","Completed","Anthony Lewis","Completed","2/2/2018 12:52:49 PM EST","2/2/2018 2:34:39 PM EST","2/2/2018 2:32:20 PM EST","2/2/2018 2:34:40 PM EST","2/2/2018 2:34:39 PM EST","anthonyhlewis@aol.com"
"Please DocuSign your AllRisk insurance documents.-(254)462-1992 | 00381235 |SR SB","Voided","Marietta Dorcelus","Sent","2/2/2018 12:48:34 PM EST","","","2/6/2018 12:01:56 PM EST","","drenolds2@hotmail.com"
"Please DocuSign your Olympus insurance documents.-(786)547-7865| 00722065 |","Completed","Moleon Delton","Completed","2/2/2018 12:37:40 PM EST","2/2/2018 2:22:53 PM EST","2/2/2018 1:48:16 PM EST","2/2/2018 2:22:53 PM EST","2/2/2018 2:22:53 PM EST","moleon32@hotmail.com"
"Please DocuSign your Travelers insurance documents.-(561)323-1590 | 00712515 | MM","Completed","William Kikta","Completed","2/2/2018 12:22:52 PM EST","2/3/2018 7:41:47 AM EST","2/3/2018 7:41:02 AM EST","2/3/2018 7:41:47 AM EST","2/3/2018 7:41:47 AM EST","William_kikta@yahoo.com"
"lease DocuSign your FedNat insurance documents.-(917)854-5012 | 00722048 |LR","Completed","Matthew Wizeman","Completed","2/2/2018 12:18:07 PM EST","2/5/2018 10:34:29 AM EST","2/2/2018 1:13:07 PM EST","2/5/2018 10:34:29 AM EST","2/5/2018 10:34:29 AM EST","matthewwizeman@yahoo.com"
"Please DocuSign your Florida Specialty insurance documents.-(407)421-5465| 00721976 |SB","Sent","Georgia Lane","Sent","2/2/2018 11:52:19 AM EST","","","","","Ladylane55@yahoo.com"
"Please DocuSign your new flood insurance application.-(561)422-9852| 00292083 |LR","Completed","PETER J PAPULA","Completed","2/2/2018 11:44:56 AM EST","2/3/2018 6:15:20 PM EST","2/3/2018 6:13:08 PM EST","2/3/2018 6:15:20 PM EST","2/3/2018 6:15:20 PM EST","Titan6371@gmail.com"
"Please DocuSign your SEacoast insurance documents.-(561)373-1809| 00391792 | SR","Completed","ILONA TAPOLYAI","Completed","2/2/2018 11:38:34 AM EST","2/3/2018 10:26:43 PM EST","2/3/2018 9:42:45 AM EST","2/3/2018 10:26:43 PM EST","2/3/2018 10:26:43 PM EST","ICA0726@GMAIL.COM"
"Please DocuSign your Bass insurance documents.-phn#516-317-5151pc#AGP1231421 SR","Sent","Ramon Carrua","Sent","2/2/2018 11:30:15 AM EST","","","","","rcvendingcorp@gmail.com"
"Please DocuSign your Prepared insurance documents.-(561)951-0073| 00721849 | SB","Completed","David Greif","Completed","2/2/2018 11:29:30 AM EST","2/5/2018 10:31:13 AM EST","2/5/2018 10:30:03 AM EST","2/5/2018 10:32:25 AM EST","2/5/2018 10:31:13 AM EST","david@delraymortgages.com"
"Please DocuSign your Prepared insurance documents.-(561)951-0073| 00721849 | SB","Completed","CARA DESTEFANO GREIF","Completed","2/2/2018 11:29:31 AM EST","2/5/2018 10:32:25 AM EST","2/5/2018 10:32:08 AM EST","2/5/2018 10:32:25 AM EST","2/5/2018 10:32:25 AM EST","david@delraymortgages.com"
"Please DocuSign your UPCIC insurance documents.-(954)330-8125 | 00721837 | AG","Declined","Shaunna Baker","Declined","2/2/2018 11:21:03 AM EST","","2/5/2018 8:21:57 AM EST","2/5/2018 10:18:24 AM EST","","shaunnabaker@gmail.com"
"Nes Please DocuSign this policy change request.-(786)975-7207| 00570680 | SZ","Completed","Yisel Chong","Completed","2/2/2018 10:54:28 AM EST","2/2/2018 10:58:44 AM EST","2/2/2018 10:57:37 AM EST","2/2/2018 10:58:44 AM EST","2/2/2018 10:58:44 AM EST","shymisu7199@gmail.com"
"Please DocuSign your AllRisk & Geovera insurance documents.-(954)790-9577| 00722109 |SR","Voided","Karen Elliott","Sent","2/2/2018 10:44:44 AM EST","","","2/5/2018 9:02:28 AM EST","","assamk@bellsouth.net"
"Please DocuSign your AllRisk insurance documents.-(904)945-2941 | 00722072 |SR","Completed","Janet Wynn","Completed","2/2/2018 10:05:10 AM EST","2/2/2018 10:21:05 AM EST","2/2/2018 10:13:36 AM EST","2/2/2018 10:21:06 AM EST","2/2/2018 10:21:05 AM EST","jw68340@gmail.com"
"Please DocuSign this policy change request.-(561)254-4468 | 00608216 | BB","Completed","Karen Clawson","Completed","2/2/2018 9:59:27 AM EST","2/2/2018 3:40:31 PM EST","2/2/2018 3:40:17 PM EST","2/2/2018 3:40:31 PM EST","2/2/2018 3:40:31 PM EST","karenclawson19@gmail.com"
"Please DocuSign your Florida Specialty insurance documents.-(407)985-5416| 00722083 | SB","Completed","Jencymol Mathew","Completed","2/2/2018 9:50:21 AM EST","2/6/2018 11:31:35 AM EST","2/2/2018 11:20:56 AM EST","2/6/2018 11:31:35 AM EST","2/6/2018 11:31:35 AM EST","shinut1983@gmail.com"
"Please DocuSign your Prepared insurance documents.-(371)498-4500 | 00722021 |LR","Completed","John Bator","Completed","2/2/2018 9:27:50 AM EST","2/2/2018 9:30:42 AM EST","2/2/2018 9:29:58 AM EST","2/2/2018 10:45:07 AM EST","2/2/2018 9:30:42 AM EST","jbator@batorlaw.com"
"Please DocuSign your Prepared insurance documents.-(371)498-4500 | 00722021 |LR","Completed","Sally Bator","Completed","2/2/2018 9:27:50 AM EST","2/2/2018 10:45:07 AM EST","2/2/2018 10:42:12 AM EST","2/2/2018 10:45:07 AM EST","2/2/2018 10:45:07 AM EST","sjbator@hrtc.net"
"Please DocuSign No Loss Cancellation Request.(754)214-5612 | 00424051 | MO","Completed","Latasha Davis","Completed","2/2/2018 8:59:54 AM EST","2/2/2018 10:16:24 AM EST","2/2/2018 10:14:50 AM EST","2/2/2018 10:16:24 AM EST","2/2/2018 10:16:24 AM EST","latashandavis@yahoo.com"
"Please DocuSign your Geovera insurance documents.-(239)878-9248| 00721835 |SR","Completed","Alphonso James","Completed","2/1/2018 3:43:21 PM EST","2/5/2018 9:02:45 PM EST","2/5/2018 9:00:04 PM EST","2/5/2018 9:02:45 PM EST","2/5/2018 9:02:45 PM EST","Ktjames2017@gmail.com"
"Please DocuSign your UPCIC insurance documents.-(561)603-2717| 00563074 |AG","Completed","Jason Turner","Completed","2/1/2018 3:32:51 PM EST","2/5/2018 12:33:54 PM EST","2/5/2018 12:21:15 PM EST","2/5/2018 12:33:54 PM EST","2/5/2018 12:33:54 PM EST","jtc054@hotmail.com"
"Please DocuSign your Edison insurance documents.-(786)366-0324 | 00721827 |SB","Delivered","Joe Villoch","Delivered","2/1/2018 3:30:48 PM EST","","2/2/2018 9:35:05 AM EST","","","Kellyvilloch1304@att.net"
"lease DocuSign your UPC insurance documents.-(239)348-5652 | 00704052 |LR","Completed","Brian Schaal","Completed","2/1/2018 3:18:43 PM EST","2/2/2018 10:39:13 AM EST","2/2/2018 10:36:00 AM EST","2/2/2018 10:41:37 AM EST","2/2/2018 10:39:13 AM EST","emtschaal@yahoo.com"
"lease DocuSign your UPC insurance documents.-(239)348-5652 | 00704052 |LR","Completed","Christine Schaal","Completed","2/1/2018 3:18:43 PM EST","2/2/2018 10:41:36 AM EST","2/2/2018 10:41:27 AM EST","2/2/2018 10:41:37 AM EST","2/2/2018 10:41:36 AM EST","emtschaal@yahoo.com"
"Please DocuSign Cancellation request form.-(508)770-0680 | 00721193 |MO","Completed","Mary Jeanne Anderson","Completed","2/1/2018 2:15:09 PM EST","2/3/2018 6:41:04 PM EST","2/3/2018 6:39:47 PM EST","2/3/2018 6:41:04 PM EST","2/3/2018 6:41:04 PM EST","mjandka@charter.net"
"Please DocuSign Cancellation request form.-(347)377-9084| 00714299 |MO","Completed","Konstantinos Markou","Completed","2/1/2018 2:11:18 PM EST","2/2/2018 10:44:54 AM EST","2/1/2018 7:03:47 PM EST","2/2/2018 10:44:55 AM EST","2/2/2018 10:44:54 AM EST","patrinos41@gmail.com"
"Please DocuSign Cancellation request form.-(917)224-2110| 00655187 |MO","Sent","Farzana Chowdhury","Sent","2/1/2018 2:08:43 PM EST","","","","","mohammed.gani@gmail.com"
"Please DocuSign your Bass insurance documents.-(502)715-1043| 00721568 | SR","Completed","Charles Satram","Completed","2/1/2018 2:08:06 PM EST","2/2/2018 9:20:46 AM EST","2/2/2018 9:18:57 AM EST","2/2/2018 9:20:47 AM EST","2/2/2018 9:20:46 AM EST","charlessatram@icloud.com"
"Please DocuSign your Bass insurance documents.-(954)336-8738| 00721520 |SR MO","Completed","Gillian Tulloch","Completed","2/1/2018 2:03:48 PM EST","2/2/2018 9:35:18 AM EST","2/2/2018 9:32:37 AM EST","2/2/2018 9:35:18 AM EST","2/2/2018 9:35:18 AM EST","gmtg43@gmail.com"
"Please DocuSign Cancellation request form.--(863)617-5505 | 00639022 |MO","Delivered","Keith S Blake","Delivered","2/1/2018 1:56:58 PM EST","","2/5/2018 9:10:39 AM EST","","","loriblake7575@aol.com"
"Please DocuSign Cancellation request form.-(352)556-9923 | 00719866 | MO","Completed","Zachary Brandon Mowrey","Completed","2/1/2018 1:51:31 PM EST","2/1/2018 2:34:58 PM EST","2/1/2018 2:34:34 PM EST","2/2/2018 7:10:03 AM EST","2/1/2018 2:34:58 PM EST","zbmowrey@gmail.com"
"Please DocuSign Cancellation request form.-(352)556-9923 | 00719866 | MO","Completed","Giselle Mowrey","Completed","2/1/2018 1:51:31 PM EST","2/2/2018 7:10:03 AM EST","2/2/2018 7:09:43 AM EST","2/2/2018 7:10:03 AM EST","2/2/2018 7:10:03 AM EST","zbmowrey@gmail.com"
"Please DocuSign your Federetade insurance documents.-(407)256-7584 | 00721836 | SB","Completed","Heather Tuggle","Completed","2/1/2018 1:44:47 PM EST","2/1/2018 3:13:14 PM EST","2/1/2018 3:04:41 PM EST","2/1/2018 3:13:15 PM EST","2/1/2018 3:13:14 PM EST","tugglelee@yahoo.com"
"Please DocuSign your Bass insurance documents.-(772)713-9531| 00721802 | MClinton SR","Delivered","Leroy Kruid","Delivered","2/1/2018 1:40:50 PM EST","","2/1/2018 4:36:32 PM EST","","","leekruid@att.net"
"Please DocuSign your new ASI flood insurance application.-(719)660-1563 | 00721139 | LR","Completed","David Anderson","Completed","2/1/2018 1:33:54 PM EST","2/1/2018 1:40:35 PM EST","2/1/2018 1:39:20 PM EST","2/1/2018 1:40:36 PM EST","2/1/2018 1:40:35 PM EST","eelanderson@gmail.com"
"Please DocuSign your AllRisk insurance documents.-(786)562-5493| 00721782 |SR","Sent","Christopher Rossi","Sent","2/1/2018 1:13:27 PM EST","","","","","rossichristopher@gmail.com"
"Please DocuSign: FLH-0007587 Inspection Letter.(305)684-2226| 00714127 | LR","Completed","Joel Ayala Cruz","Completed","2/1/2018 1:10:38 PM EST","2/2/2018 8:17:31 AM EST","2/1/2018 1:13:03 PM EST","2/2/2018 8:17:31 AM EST","2/2/2018 8:17:31 AM EST","avakjak@gmail.com"
"Please DocuSign No Loss Statement(321)543-8797 | 00573899 |AJ","Sent","Ralph Bronkema","Sent","2/1/2018 1:05:27 PM EST","","","","","Ameknorb@gmail.com"
"Please DocuSign this agent of record form.-(646)642-9707 | 00646043 |AG","Voided","Martha Roman","Delivered","2/1/2018 1:00:14 PM EST","","2/1/2018 2:29:49 PM EST","2/1/2018 4:42:55 PM EST","","yanira223@aol.com"
"Please DocuSign your new Wright flood insurance application.-(954)258-4840| 00453489 | LR","Completed","JEFFREY LUCAS","Completed","2/1/2018 12:46:38 PM EST","2/1/2018 1:35:47 PM EST","2/1/2018 1:34:45 PM EST","2/1/2018 1:35:47 PM EST","2/1/2018 1:35:47 PM EST","JLucas@fortlauderdale.gov"
"Please DocuSign your UPCIC insurance documents.-(646)784-3145 | 00721844 |AG","Completed","Ursula Smith","Completed","2/1/2018 11:33:04 AM EST","2/6/2018 4:48:08 PM EST","2/6/2018 4:36:01 PM EST","2/6/2018 4:48:08 PM EST","2/6/2018 4:48:08 PM EST","ursbear66@gmail.com"
"Please DocuSign your new ASI flood insurance application.-(973)761-6178 | 00656896 |LR","Completed","Peyton Hunter","Completed","2/1/2018 10:58:50 AM EST","2/1/2018 11:22:27 AM EST","2/1/2018 11:21:27 AM EST","2/1/2018 11:22:27 AM EST","2/1/2018 11:22:27 AM EST","Epi1190@aol.com"
"Please DocuSign this policy change request.-(786)975-7207| 00570680 | AG","Completed","Yisel Chong","Completed","2/1/2018 10:01:56 AM EST","2/1/2018 10:37:27 AM EST","2/1/2018 10:35:01 AM EST","2/1/2018 10:37:28 AM EST","2/1/2018 10:37:27 AM EST","shymisu7199@gmail.com"
"Please DocuSign Cancellation request form.--(561)496-3879 | 00718853 MO","Completed","Mary Burgo","Completed","2/1/2018 9:58:01 AM EST","2/1/2018 10:01:30 AM EST","2/1/2018 10:01:16 AM EST","2/1/2018 10:02:20 AM EST","2/1/2018 10:01:30 AM EST","fburgo@rochester.rr.com"
"Please DocuSign Cancellation request form.--(561)496-3879 | 00718853 MO","Completed","Frank Burgo","Completed","2/1/2018 9:58:01 AM EST","2/1/2018 10:02:20 AM EST","2/1/2018 10:02:07 AM EST","2/1/2018 10:02:20 AM EST","2/1/2018 10:02:20 AM EST","fburgo@rochester.rr.com"
"Please DocuSign your Southern Fidelity insurance documents.-(754)224-1624| 00242753 | MO SB","Completed","Jonathan Matos","Completed","2/1/2018 9:45:26 AM EST","2/1/2018 3:57:24 PM EST","2/1/2018 3:40:41 PM EST","2/1/2018 3:59:12 PM EST","2/1/2018 3:57:24 PM EST","Jon26rm@gmail.com"
"Please DocuSign your Southern Fidelity insurance documents.-(754)224-1624| 00242753 | MO SB","Completed","Ryan Denero","Completed","2/1/2018 9:45:26 AM EST","2/1/2018 3:59:11 PM EST","2/1/2018 3:58:38 PM EST","2/1/2018 3:59:12 PM EST","2/1/2018 3:59:11 PM EST","Jon26rm@gmail.com"
"Please DocuSign Skipjack Premium Finance form-(786)537-6495| 00720632 MClinton","Completed","Hubert Joseph","Completed","2/1/2018 8:51:26 AM EST","2/5/2018 1:50:05 PM EST","2/5/2018 1:47:09 PM EST","2/5/2018 1:50:05 PM EST","2/5/2018 1:50:05 PM EST","lyndajoseph47@gmail.com"
"Please DocuSign: FLH-0006904 Inspection Letter.(786)393-5135| 00596652 |SR","Completed","Rene Bueno","Completed","2/1/2018 8:38:52 AM EST","2/1/2018 7:56:15 PM EST","2/1/2018 7:55:41 PM EST","2/1/2018 7:56:15 PM EST","2/1/2018 7:56:15 PM EST","reelbueno@hotmail.com"
"Please DocuSign: ACH Debit Authorization Form Chase.-(215)264-7621| 00373260 |AJ","Completed","Sleeponit Partners","Completed","2/1/2018 8:33:03 AM EST","2/1/2018 9:57:59 AM EST","2/1/2018 8:39:46 AM EST","2/1/2018 9:57:59 AM EST","2/1/2018 9:57:59 AM EST","jerryfrankel@yahoo.com"