"Subject","Status","Recipient Name","Action","Sent On","Completed On","View Date","Status Changed Date","Sign Date","Recipient Email"
"Please DocuSign: KRYLOVA NO LOSS.| 00301886 | (561)460-0790 SR","Sent","Alexandrina Krylova","Sent","12/1/2017 5:08:05 PM EST","","","","","Marina_ulyanova@yahoo.com"
"Please DocuSign your Bass insurance documents.-(772)237-6857| 00704558 | SB","Sent","Colville Webb","Sent","12/1/2017 5:02:07 PM EST","","","","","webbcesnr@yahoo.com"
"Please DocuSign your Bass insurance documents.-(772)237-6857| 00704558 | SB","Sent","Yvette Webb","Sent","12/1/2017 5:02:08 PM EST","","","","","webbcesnr@yahoo.com"
"Please DocuSign your Wright and Prepared insurance documents.- (813)431-6811| 00710636 |SB LR","Delivered","Cindy Lewandowski","Delivered","12/1/2017 4:55:01 PM EST","","12/1/2017 5:26:02 PM EST","","","Cindy.lewandowski@verizon.net"
"Please DocuSign your Wright and Prepared insurance documents.- (813)431-6811| 00710636 |SB LR","Delivered","John S Lewandowski","Delivered","12/1/2017 4:55:02 PM EST","","12/1/2017 6:03:06 PM EST","","","Cindy.lewandowski@verizon.net"
"Please DocuSign your Bass, ASI and Vertus insurance documents.-(904)765-9472 | 00704763 | SR LR","Sent","Francis Hicks","Sent","12/1/2017 4:39:42 PM EST","","","","","fyvonnehicks@aol.com"
"Please DocuSign your AllRisk insurance documents.-(786)348-4604| 00710705 |SR","Delivered","Pierre Ouang","Delivered","12/1/2017 4:33:34 PM EST","","12/1/2017 4:41:50 PM EST","","","Shadowk952@gmail.com"
"Please DocuSign your Olympus insurance documents.-(813)545-9571 | 00436076 |SB","Completed","Robert Helman","Completed","12/1/2017 4:24:01 PM EST","12/1/2017 7:04:23 PM EST","12/1/2017 6:59:45 PM EST","12/1/2017 7:04:23 PM EST","12/1/2017 7:04:23 PM EST","Mrs_helman@hotmail.com"
"Please DocuSign this policy change request.-(813)545-9571 | 00436076 |LL","Completed","Carlos Martinez","Completed","12/1/2017 3:52:17 PM EST","12/1/2017 3:58:54 PM EST","12/1/2017 3:58:07 PM EST","12/1/2017 3:58:54 PM EST","12/1/2017 3:58:54 PM EST","carlosginecologo@yahoo.com"
"Please DocuSign your Bankers insurance documents.-(561)371-4482| 00710666 | SB","Delivered","Edgar Gomez","Delivered","12/1/2017 3:12:00 PM EST","","12/1/2017 5:15:06 PM EST","","","Oneway-upm@hotmail.com"
"Please DocuSign your new flood ASI insurance application.-(347)409-8862| 00439976 | LR","Completed","Jeanmarie Lotito","Completed","12/1/2017 2:44:24 PM EST","12/1/2017 11:03:45 PM EST","12/1/2017 10:58:26 PM EST","12/1/2017 11:03:45 PM EST","12/1/2017 11:03:45 PM EST","jjlotito@gmail.com"
"Please DocuSign your AllRisk insurance documents.-phn#386-9847525acc#00710419  SR","Completed","ROBERT APPELL","Completed","12/1/2017 2:38:02 PM EST","12/1/2017 3:45:24 PM EST","12/1/2017 3:44:56 PM EST","12/1/2017 3:45:25 PM EST","12/1/2017 3:45:24 PM EST","ROBERTTAPPELL@GMAIL.COM"
"Please DocuSign Cancellation request form.-(305)942-8567| 00707637 MO|","Completed","Justin Stephens","Completed","12/1/2017 1:25:58 PM EST","12/1/2017 2:07:09 PM EST","12/1/2017 2:06:44 PM EST","12/1/2017 2:07:09 PM EST","12/1/2017 2:07:09 PM EST","Justin.stephens82@gmail.com"
"Please DocuSign Cancellation request form.-(813)315-0314| 00708326 | MO","Completed","Roberto Gonzalez","Completed","12/1/2017 1:23:32 PM EST","12/1/2017 3:10:09 PM EST","12/1/2017 3:09:44 PM EST","12/1/2017 3:10:09 PM EST","12/1/2017 3:10:09 PM EST","robertglez52@ymail.com"
"Please DocuSign your FL Specialty insurance documents.-(603)759-3654| 00636130 |MO SB","Completed","Diane Gagnon","Completed","12/1/2017 1:19:03 PM EST","12/1/2017 2:48:28 PM EST","12/1/2017 2:46:39 PM EST","12/1/2017 2:49:34 PM EST","12/1/2017 2:48:28 PM EST","gerryagagnon@gmail.com"
"Please DocuSign your FL Specialty insurance documents.-(603)759-3654| 00636130 |MO SB","Completed","GERRY GAGNON","Completed","12/1/2017 1:19:03 PM EST","12/1/2017 2:49:34 PM EST","12/1/2017 2:48:54 PM EST","12/1/2017 2:49:34 PM EST","12/1/2017 2:49:34 PM EST","gerryagagnon@gmail.com"
"Please DocuSign your new flood ASI insurance application.-(817)454-0956| 00603682 |Lr","Completed","Susan Molina","Completed","12/1/2017 1:10:18 PM EST","12/1/2017 3:37:47 PM EST","12/1/2017 3:33:52 PM EST","12/1/2017 3:37:47 PM EST","12/1/2017 3:37:47 PM EST","susaner1@msn.com"
"Please DocuSign your UPC insurance documents.-(850)960-1557| 00710574 |LR","Completed","Zion Trigg","Completed","12/1/2017 1:06:43 PM EST","12/1/2017 2:19:24 PM EST","12/1/2017 2:08:54 PM EST","12/1/2017 2:19:24 PM EST","12/1/2017 2:19:24 PM EST","ziontrigg@gmail.com"
"Please DocuSign your Olympus insurance documents.-(305)506-5655| 00706966 |SB","Delivered","Nestor Chavez","Delivered","12/1/2017 1:01:45 PM EST","","12/1/2017 3:44:32 PM EST","","","nc_miami@yahoo.com"
"Please DocuSign your UPCIC insurance documents.-(503)739-1555| 00710545 |LR","Completed","Elina Noel Kozlowski","Completed","12/1/2017 12:28:28 PM EST","12/1/2017 11:56:01 PM EST","12/1/2017 11:48:59 PM EST","12/1/2017 11:59:28 PM EST","12/1/2017 11:56:01 PM EST","Mkoz1975@yahoo.com"
"Please DocuSign your UPCIC insurance documents.-(503)739-1555| 00710545 |LR","Completed","Michael Kozlowski","Completed","12/1/2017 12:28:28 PM EST","12/1/2017 11:59:27 PM EST","12/1/2017 11:56:30 PM EST","12/1/2017 11:59:28 PM EST","12/1/2017 11:59:27 PM EST","Mkoz1975@yahoo.com"
"Please DocuSign your UPCIC insurance documents.-(561)433-1589 | 00547181 | MO LR","Completed","Stacey L Hadar","Completed","12/1/2017 12:22:36 PM EST","12/1/2017 3:29:41 PM EST","12/1/2017 2:26:25 PM EST","12/1/2017 3:32:33 PM EST","12/1/2017 3:29:41 PM EST","hadarbarry@yahoo.com"
"Please DocuSign your UPCIC insurance documents.-(561)433-1589 | 00547181 | MO LR","Completed","Barukn Hadar","Completed","12/1/2017 12:22:36 PM EST","12/1/2017 3:32:33 PM EST","12/1/2017 3:30:17 PM EST","12/1/2017 3:32:33 PM EST","12/1/2017 3:32:33 PM EST","hadarbarry@yahoo.com"
"Please DocuSign: Helman Certificate of Condition.  BB LL","Completed","Robert Helman","Completed","12/1/2017 12:05:24 PM EST","12/1/2017 12:12:04 PM EST","12/1/2017 12:10:36 PM EST","12/1/2017 12:13:57 PM EST","12/1/2017 12:12:04 PM EST","mrs_helman@hotmail.com"
"Please DocuSign: Helman Certificate of Condition.  BB LL","Completed","Brenda Helman","Completed","12/1/2017 12:05:24 PM EST","12/1/2017 12:13:56 PM EST","12/1/2017 12:13:19 PM EST","12/1/2017 12:13:57 PM EST","12/1/2017 12:13:56 PM EST","mrs_helman@hotmail.com"
"Please DocuSign UPC home insurance documents.-(813)545-9571 | 00436076 |","Completed","Carlos Martinez","Completed","12/1/2017 12:02:10 PM EST","12/1/2017 12:40:06 PM EST","12/1/2017 12:30:33 PM EST","12/1/2017 12:40:06 PM EST","12/1/2017 12:40:06 PM EST","carlosginecologo@yahoo.com"
"Please DocuSign your SFI insurance documents.-","Sent","YELENA KENER","Sent","12/1/2017 11:46:31 AM EST","","","","","natashachka@gmail.com"
"Please DocuSign your AllRisk insurance documents.-(813)453-5787 | 00706876 |SR","Completed","Miriam Rodriguez","Completed","12/1/2017 11:20:33 AM EST","12/1/2017 11:24:22 AM EST","12/1/2017 11:21:48 AM EST","12/1/2017 11:24:22 AM EST","12/1/2017 11:24:22 AM EST","mrmybiz@yahoo.com"
"Please DocuSign your home insurance documents.-","Completed","Kelly Newell","Completed","12/1/2017 11:15:58 AM EST","12/1/2017 4:04:26 PM EST","12/1/2017 4:02:37 PM EST","12/1/2017 4:04:26 PM EST","12/1/2017 4:04:26 PM EST","kellynewell2@gmail.com"
"Please DocuSign your UPCIC insurance documents.-(678)371-8125 | 00710390 |LR","Completed","Micheal Cody","Completed","12/1/2017 11:05:03 AM EST","12/1/2017 11:09:51 AM EST","12/1/2017 11:05:46 AM EST","12/1/2017 11:09:52 AM EST","12/1/2017 11:09:51 AM EST","pmcody@me.com"
"Please DocuSign your new flood ASI insurance application.-(561)317-4819| 00630624 | SV","Sent","Andrea Tran","Sent","12/1/2017 10:59:52 AM EST","","","","","Andrea.g.tran@gmail.com"
": Please DocuSign your Edison insurance documents| 00710374 | (414)587-2081","Completed","Mary Stepaniuk","Completed","12/1/2017 10:29:04 AM EST","12/1/2017 11:30:43 AM EST","12/1/2017 11:27:50 AM EST","12/1/2017 11:30:44 AM EST","12/1/2017 11:30:43 AM EST","STEPANIUKMARY@GMAIL.COM"
"Please DocuSign your new flood ASI insurance application.-(347)739-3422| 00710361 |LR","Completed","Clayton Robinson","Completed","12/1/2017 10:13:16 AM EST","12/1/2017 10:25:46 AM EST","12/1/2017 10:21:12 AM EST","12/1/2017 10:25:47 AM EST","12/1/2017 10:25:46 AM EST","robinsonclay48@hotmail.com"
"Please DocuSign: CLH-0007025 Inspection Letter. | 00586615 |(786)256-7757 LR","Sent","Hazel Chisholm","Sent","12/1/2017 9:39:46 AM EST","","","","","hazelmarota@yahoo.com"
"Please DocuSign your Tapco insurance documents.-(917)566-9150| 00710442 |SR","Completed","Kristi Albertsen","Completed","12/1/2017 9:03:22 AM EST","12/1/2017 10:34:45 AM EST","12/1/2017 10:33:42 AM EST","12/1/2017 10:34:46 AM EST","12/1/2017 10:34:45 AM EST","kma1270@yahoo.com"