"Subject","Status","Recipient Name","Action","Sent On","Completed On","View Date","Status Changed Date","Sign Date","Recipient Email"
"Please DocuSign your Geovera insurance documents.-(954)655-6035| 00390984 | SR","Sent","Viola Ollivierre","Sent","","","","","","dayda8@hotmail.com"
"Please DocuSign your Lexington insurance documents.-(772)410-9783 | 00707554 |MD","Completed","Paul Malinos","Completed","","2/2/2018 3:54:34 PM EST","2/2/2018 3:53:49 PM EST","2/2/2018 3:56:10 PM EST","2/2/2018 3:54:34 PM EST","paulmalinos@hotmail.com"
"Please DocuSign your Lexington insurance documents.-(772)410-9783 | 00707554 |MD","Completed","Nancy Malinos","Completed","","2/2/2018 3:56:10 PM EST","2/2/2018 3:55:41 PM EST","2/2/2018 3:56:10 PM EST","2/2/2018 3:56:10 PM EST","paulmalinos@hotmail.com"
"Please DocuSign: FLH-0007316  Inspection Letter.(786)468-0532| 00712223 |LR","Sent","Morton Augustin","Sent","2/2/2018 2:32:12 PM EST","","","","","brosegracia@yahoo.com"
"Please DocuSign: NVH-0003492 Inspection Letter.-(786)916-5691 | 00713025","Sent","Rosa Camino","Sent","2/2/2018 2:31:50 PM EST","","","","","rosa.a.camino@hotmail.com"
"NEW: Please DocuSign Named Driver Exclusion Election-(561)398-9536 | 00088117 |MMcCoy","Sent","Nidia Martinez","Sent","2/2/2018 2:29:37 PM EST","","","","","nimartinez56@gmail.com"
"Please DocuSign your UPCIC insurance documents.-(838)295-0182| 00722123 |AG","Sent","Essie Ridgeway","Sent","2/2/2018 2:25:32 PM EST","","","","","houstonsheila4@hotmail.com"
"Please DocuSign your UPC insurance documents.-..(561)862-7042 | 00722284 |LR","Sent","ELIZABETH VISE","Sent","2/2/2018 2:07:37 PM EST","","","","","toy4liz@aol.com"
"Please DocuSign your UPC insurance documents.-..(561)862-7042 | 00722284 |LR","Sent","Joseph Toscano","Completed","2/2/2018 2:07:36 PM EST","2/2/2018 2:26:36 PM EST","2/2/2018 2:25:12 PM EST","","2/2/2018 2:26:36 PM EST","toy4liz@aol.com"
"Please DocuSign your Florida Specialty insurance documents.-(320)405-9509 | 00722236 |SB","Delivered","Maria Casil","Delivered","2/2/2018 1:57:36 PM EST","","2/2/2018 3:39:39 PM EST","","","honey.bunch@btopenworld.com"
"Please DocuSign your UPCIC insurance documents.-(954)401-7798| 00722225 |AG","Completed","Paula R. Williams","Completed","2/2/2018 1:34:49 PM EST","2/2/2018 1:41:14 PM EST","2/2/2018 1:35:34 PM EST","2/2/2018 1:41:14 PM EST","2/2/2018 1:41:14 PM EST","Phardy2009@yahoo.com"
"Please DocuSign your UPCIC insurance documents.-(954)636-9065| 00692483 |AG","Sent","Jason Jeffrey","Sent","2/2/2018 1:16:05 PM EST","","","","","sanjosegc@outlook.com"
"Please DocuSign your Capitol insurance documents.-(561)293-9928 | 00705318 | LR","Completed","Desha Turner","Completed","2/2/2018 1:11:35 PM EST","2/2/2018 1:14:52 PM EST","2/2/2018 1:12:20 PM EST","2/2/2018 1:14:52 PM EST","2/2/2018 1:14:52 PM EST","deshaturner@gmail.com"
"Please DocuSign your UPC insurance documents.-(813)500-7459 | 00722175 | SB","Sent","Juan C Perez","Sent","2/2/2018 1:07:33 PM EST","","","","","Jcjuanca14@yahoo.com"
"Please DocuSign your UPCIC insurance documents.-(904)234-7618| 00722173 |AG","Sent","Harold L Jones","Sent","2/2/2018 1:02:41 PM EST","","","","","jones957@yahoo.com"
"Please DocuSign your Florida Penn insurance documents.-(713)702-1240| 00692758 | SB","Completed","Cheryl L Kirsten","Completed","2/2/2018 12:58:21 PM EST","2/2/2018 6:45:21 PM EST","2/2/2018 6:42:37 PM EST","2/2/2018 6:45:21 PM EST","2/2/2018 6:45:21 PM EST","cherlk88888@gmail.com"
"Please DocuSign your AllRisk insurance documents.-(305)890-3730| 00722097 | SR","Completed","Anthony Lewis","Completed","2/2/2018 12:52:49 PM EST","2/2/2018 2:34:39 PM EST","2/2/2018 2:32:20 PM EST","2/2/2018 2:34:40 PM EST","2/2/2018 2:34:39 PM EST","anthonyhlewis@aol.com"
"Please DocuSign your AllRisk insurance documents.-(254)462-1992 | 00381235 |SR SB","Sent","Marietta Dorcelus","Sent","2/2/2018 12:48:34 PM EST","","","","","drenolds2@hotmail.com"
"Please DocuSign your Olympus insurance documents.-(786)547-7865| 00722065 |","Completed","Moleon Delton","Completed","2/2/2018 12:37:40 PM EST","2/2/2018 2:22:53 PM EST","2/2/2018 1:48:16 PM EST","2/2/2018 2:22:53 PM EST","2/2/2018 2:22:53 PM EST","moleon32@hotmail.com"
"Please DocuSign your Travelers insurance documents.-(561)323-1590 | 00712515 | MM","Sent","William Kikta","Sent","2/2/2018 12:22:52 PM EST","","","","","William_kikta@yahoo.com"
"lease DocuSign your FedNat insurance documents.-(917)854-5012 | 00722048 |LR","Delivered","Matthew Wizeman","Delivered","2/2/2018 12:18:07 PM EST","","2/2/2018 1:13:07 PM EST","","","matthewwizeman@yahoo.com"
"Please DocuSign your Florida Specialty insurance documents.-(407)421-5465| 00721976 |SB","Sent","Georgia Lane","Sent","2/2/2018 11:52:19 AM EST","","","","","Ladylane55@yahoo.com"
"Please DocuSign your new flood insurance application.-(561)422-9852| 00292083 |LR","Sent","PETER J PAPULA","Sent","2/2/2018 11:44:56 AM EST","","","","","Titan6371@gmail.com"
"Please DocuSign your SEacoast insurance documents.-(561)373-1809| 00391792 | SR","Sent","ILONA TAPOLYAI","Sent","2/2/2018 11:38:34 AM EST","","","","","ICA0726@GMAIL.COM"
"Please DocuSign your Bass insurance documents.-phn#516-317-5151pc#AGP1231421 SR","Sent","Ramon Carrua","Sent","2/2/2018 11:30:15 AM EST","","","","","rcvendingcorp@gmail.com"
"Please DocuSign your Prepared insurance documents.-(561)951-0073| 00721849 | SB","Sent","David Greif","Sent","2/2/2018 11:29:30 AM EST","","","","","david@delraymortgages.com"
"Please DocuSign your Prepared insurance documents.-(561)951-0073| 00721849 | SB","Sent","CARA DESTEFANO GREIF","Sent","2/2/2018 11:29:31 AM EST","","","","","david@delraymortgages.com"
"Please DocuSign your UPCIC insurance documents.-(954)330-8125 | 00721837 | AG","Sent","Shaunna Baker","Sent","2/2/2018 11:21:03 AM EST","","","","","shaunnabaker@gmail.com"
"Nes Please DocuSign this policy change request.-(786)975-7207| 00570680 | SZ","Completed","Yisel Chong","Completed","2/2/2018 10:54:28 AM EST","2/2/2018 10:58:44 AM EST","2/2/2018 10:57:37 AM EST","2/2/2018 10:58:44 AM EST","2/2/2018 10:58:44 AM EST","shymisu7199@gmail.com"
"Please DocuSign your AllRisk & Geovera insurance documents.-(954)790-9577| 00722109 |SR","Sent","Karen Elliott","Sent","2/2/2018 10:44:44 AM EST","","","","","assamk@bellsouth.net"
"Please DocuSign your AllRisk insurance documents.-(904)945-2941 | 00722072 |SR","Completed","Janet Wynn","Completed","2/2/2018 10:05:10 AM EST","2/2/2018 10:21:05 AM EST","2/2/2018 10:13:36 AM EST","2/2/2018 10:21:06 AM EST","2/2/2018 10:21:05 AM EST","jw68340@gmail.com"
"Please DocuSign this policy change request.-(561)254-4468 | 00608216 | BB","Completed","Karen Clawson","Completed","2/2/2018 9:59:27 AM EST","2/2/2018 3:40:31 PM EST","2/2/2018 3:40:17 PM EST","2/2/2018 3:40:31 PM EST","2/2/2018 3:40:31 PM EST","karenclawson19@gmail.com"
"Please DocuSign your Florida Specialty insurance documents.-(407)985-5416| 00722083 | SB","Delivered","Jencymol Mathew","Delivered","2/2/2018 9:50:21 AM EST","","2/2/2018 11:20:56 AM EST","","","shinut1983@gmail.com"
"Please DocuSign your Prepared insurance documents.-(371)498-4500 | 00722021 |LR","Completed","John Bator","Completed","2/2/2018 9:27:50 AM EST","2/2/2018 9:30:42 AM EST","2/2/2018 9:29:58 AM EST","2/2/2018 10:45:07 AM EST","2/2/2018 9:30:42 AM EST","jbator@batorlaw.com"
"Please DocuSign your Prepared insurance documents.-(371)498-4500 | 00722021 |LR","Completed","Sally Bator","Completed","2/2/2018 9:27:50 AM EST","2/2/2018 10:45:07 AM EST","2/2/2018 10:42:12 AM EST","2/2/2018 10:45:07 AM EST","2/2/2018 10:45:07 AM EST","sjbator@hrtc.net"
"Please DocuSign No Loss Cancellation Request.(754)214-5612 | 00424051 | MO","Completed","Latasha Davis","Completed","2/2/2018 8:59:54 AM EST","2/2/2018 10:16:24 AM EST","2/2/2018 10:14:50 AM EST","2/2/2018 10:16:24 AM EST","2/2/2018 10:16:24 AM EST","latashandavis@yahoo.com"
"Please DocuSign your Geovera insurance documents.-(239)878-9248| 00721835 |SR","Sent","Alphonso James","Sent","2/1/2018 3:43:21 PM EST","","","","","Ktjames2017@gmail.com"
"Please DocuSign your UPCIC insurance documents.-(561)603-2717| 00563074 |AG","Sent","Jason Turner","Sent","2/1/2018 3:32:51 PM EST","","","","","jtc054@hotmail.com"
"Please DocuSign your Edison insurance documents.-(786)366-0324 | 00721827 |SB","Delivered","Joe Villoch","Delivered","2/1/2018 3:30:48 PM EST","","2/2/2018 9:35:05 AM EST","","","Kellyvilloch1304@att.net"
"lease DocuSign your UPC insurance documents.-(239)348-5652 | 00704052 |LR","Completed","Brian Schaal","Completed","2/1/2018 3:18:43 PM EST","2/2/2018 10:39:13 AM EST","2/2/2018 10:36:00 AM EST","2/2/2018 10:41:37 AM EST","2/2/2018 10:39:13 AM EST","emtschaal@yahoo.com"
"lease DocuSign your UPC insurance documents.-(239)348-5652 | 00704052 |LR","Completed","Christine Schaal","Completed","2/1/2018 3:18:43 PM EST","2/2/2018 10:41:36 AM EST","2/2/2018 10:41:27 AM EST","2/2/2018 10:41:37 AM EST","2/2/2018 10:41:36 AM EST","emtschaal@yahoo.com"
"Please DocuSign Cancellation request form.-(508)770-0680 | 00721193 |MO","Sent","Mary Jeanne Anderson","Sent","2/1/2018 2:15:09 PM EST","","","","","mjandka@charter.net"
"Please DocuSign Cancellation request form.-(347)377-9084| 00714299 |MO","Completed","Konstantinos Markou","Completed","2/1/2018 2:11:18 PM EST","2/2/2018 10:44:54 AM EST","2/1/2018 7:03:47 PM EST","2/2/2018 10:44:55 AM EST","2/2/2018 10:44:54 AM EST","patrinos41@gmail.com"
"Please DocuSign Cancellation request form.-(917)224-2110| 00655187 |MO","Sent","Farzana Chowdhury","Sent","2/1/2018 2:08:43 PM EST","","","","","mohammed.gani@gmail.com"
"Please DocuSign your Bass insurance documents.-(502)715-1043| 00721568 | SR","Completed","Charles Satram","Completed","2/1/2018 2:08:06 PM EST","2/2/2018 9:20:46 AM EST","2/2/2018 9:18:57 AM EST","2/2/2018 9:20:47 AM EST","2/2/2018 9:20:46 AM EST","charlessatram@icloud.com"
"Please DocuSign your Bass insurance documents.-(954)336-8738| 00721520 |SR MO","Completed","Gillian Tulloch","Completed","2/1/2018 2:03:48 PM EST","2/2/2018 9:35:18 AM EST","2/2/2018 9:32:37 AM EST","2/2/2018 9:35:18 AM EST","2/2/2018 9:35:18 AM EST","gmtg43@gmail.com"
"Please DocuSign Cancellation request form.--(863)617-5505 | 00639022 |MO","Sent","Keith S Blake","Sent","2/1/2018 1:56:58 PM EST","","","","","loriblake7575@aol.com"
"Please DocuSign Cancellation request form.-(352)556-9923 | 00719866 | MO","Completed","Zachary Brandon Mowrey","Completed","2/1/2018 1:51:31 PM EST","2/1/2018 2:34:58 PM EST","2/1/2018 2:34:34 PM EST","2/2/2018 7:10:03 AM EST","2/1/2018 2:34:58 PM EST","zbmowrey@gmail.com"
"Please DocuSign Cancellation request form.-(352)556-9923 | 00719866 | MO","Completed","Giselle Mowrey","Completed","2/1/2018 1:51:31 PM EST","2/2/2018 7:10:03 AM EST","2/2/2018 7:09:43 AM EST","2/2/2018 7:10:03 AM EST","2/2/2018 7:10:03 AM EST","zbmowrey@gmail.com"
"Please DocuSign your Federetade insurance documents.-(407)256-7584 | 00721836 | SB","Completed","Heather Tuggle","Completed","2/1/2018 1:44:47 PM EST","2/1/2018 3:13:14 PM EST","2/1/2018 3:04:41 PM EST","2/1/2018 3:13:15 PM EST","2/1/2018 3:13:14 PM EST","tugglelee@yahoo.com"
"Please DocuSign your Bass insurance documents.-(772)713-9531| 00721802 | MClinton SR","Delivered","Leroy Kruid","Delivered","2/1/2018 1:40:50 PM EST","","2/1/2018 4:36:32 PM EST","","","leekruid@att.net"
"Please DocuSign your new ASI flood insurance application.-(719)660-1563 | 00721139 | LR","Completed","David Anderson","Completed","2/1/2018 1:33:54 PM EST","2/1/2018 1:40:35 PM EST","2/1/2018 1:39:20 PM EST","2/1/2018 1:40:36 PM EST","2/1/2018 1:40:35 PM EST","eelanderson@gmail.com"
"Please DocuSign your AllRisk insurance documents.-(786)562-5493| 00721782 |SR","Sent","Christopher Rossi","Sent","2/1/2018 1:13:27 PM EST","","","","","rossichristopher@gmail.com"
"Please DocuSign: FLH-0007587 Inspection Letter.(305)684-2226| 00714127 | LR","Completed","Joel Ayala Cruz","Completed","2/1/2018 1:10:38 PM EST","2/2/2018 8:17:31 AM EST","2/1/2018 1:13:03 PM EST","2/2/2018 8:17:31 AM EST","2/2/2018 8:17:31 AM EST","avakjak@gmail.com"
"Please DocuSign No Loss Statement(321)543-8797 | 00573899 |AJ","Sent","Ralph Bronkema","Sent","2/1/2018 1:05:27 PM EST","","","","","Ameknorb@gmail.com"
"Please DocuSign this agent of record form.-(646)642-9707 | 00646043 |AG","Voided","Martha Roman","Delivered","2/1/2018 1:00:14 PM EST","","2/1/2018 2:29:49 PM EST","2/1/2018 4:42:55 PM EST","","yanira223@aol.com"
"Please DocuSign your new Wright flood insurance application.-(954)258-4840| 00453489 | LR","Completed","JEFFREY LUCAS","Completed","2/1/2018 12:46:38 PM EST","2/1/2018 1:35:47 PM EST","2/1/2018 1:34:45 PM EST","2/1/2018 1:35:47 PM EST","2/1/2018 1:35:47 PM EST","JLucas@fortlauderdale.gov"
"Please DocuSign your UPCIC insurance documents.-(646)784-3145 | 00721844 |AG","Sent","Ursula Smith","Sent","2/1/2018 11:33:04 AM EST","","","","","ursbear@gmail.com"
"Please DocuSign your new ASI flood insurance application.-(973)761-6178 | 00656896 |LR","Completed","Peyton Hunter","Completed","2/1/2018 10:58:50 AM EST","2/1/2018 11:22:27 AM EST","2/1/2018 11:21:27 AM EST","2/1/2018 11:22:27 AM EST","2/1/2018 11:22:27 AM EST","Epi1190@aol.com"
"Please DocuSign this policy change request.-(786)975-7207| 00570680 | AG","Completed","Yisel Chong","Completed","2/1/2018 10:01:56 AM EST","2/1/2018 10:37:27 AM EST","2/1/2018 10:35:01 AM EST","2/1/2018 10:37:28 AM EST","2/1/2018 10:37:27 AM EST","shymisu7199@gmail.com"
"Please DocuSign Cancellation request form.--(561)496-3879 | 00718853 MO","Completed","Mary Burgo","Completed","2/1/2018 9:58:01 AM EST","2/1/2018 10:01:30 AM EST","2/1/2018 10:01:16 AM EST","2/1/2018 10:02:20 AM EST","2/1/2018 10:01:30 AM EST","fburgo@rochester.rr.com"
"Please DocuSign Cancellation request form.--(561)496-3879 | 00718853 MO","Completed","Frank Burgo","Completed","2/1/2018 9:58:01 AM EST","2/1/2018 10:02:20 AM EST","2/1/2018 10:02:07 AM EST","2/1/2018 10:02:20 AM EST","2/1/2018 10:02:20 AM EST","fburgo@rochester.rr.com"
"Please DocuSign your Southern Fidelity insurance documents.-(754)224-1624| 00242753 | MO SB","Completed","Jonathan Matos","Completed","2/1/2018 9:45:26 AM EST","2/1/2018 3:57:24 PM EST","2/1/2018 3:40:41 PM EST","2/1/2018 3:59:12 PM EST","2/1/2018 3:57:24 PM EST","Jon26rm@gmail.com"
"Please DocuSign your Southern Fidelity insurance documents.-(754)224-1624| 00242753 | MO SB","Completed","Ryan Denero","Completed","2/1/2018 9:45:26 AM EST","2/1/2018 3:59:11 PM EST","2/1/2018 3:58:38 PM EST","2/1/2018 3:59:12 PM EST","2/1/2018 3:59:11 PM EST","Jon26rm@gmail.com"
"Please DocuSign Skipjack Premium Finance form-(786)537-6495| 00720632 MClinton","Sent","Hubert Joseph","Sent","2/1/2018 8:51:26 AM EST","","","","","lyndajoseph47@gmail.com"
"Please DocuSign: FLH-0006904 Inspection Letter.(786)393-5135| 00596652 |SR","Completed","Rene Bueno","Completed","2/1/2018 8:38:52 AM EST","2/1/2018 7:56:15 PM EST","2/1/2018 7:55:41 PM EST","2/1/2018 7:56:15 PM EST","2/1/2018 7:56:15 PM EST","reelbueno@hotmail.com"
"Please DocuSign: ACH Debit Authorization Form Chase.-(215)264-7621| 00373260 |AJ","Completed","Sleeponit Partners","Completed","2/1/2018 8:33:03 AM EST","2/1/2018 9:57:59 AM EST","2/1/2018 8:39:46 AM EST","2/1/2018 9:57:59 AM EST","2/1/2018 9:57:59 AM EST","jerryfrankel@yahoo.com"