"Subject","Status","Recipient Name","Action","Sent On","Completed On","View Date","Status Changed Date","Sign Date","Recipient Email"
"Please DocuSign your AllRisk insurance documents.-(727)224-7972| 00715847 | LR","Delivered","Michael Hudgins","Delivered","","","1/2/2018 6:28:30 PM EST","","","mike.hudgins@aol.com"
"Please DocuSign your Wind Mitigation inspection(561)373-3321 | 00510088 | PR","Delivered","Mary Louise Stoney","Delivered","","","1/2/2018 5:14:06 PM EST","","","louise.stoney@gmail.com"
"Please DocuSign your Wind Mitigation inspection.(954)560-9598| 00701838 |SB","Completed","Jundel Abel","Completed","","1/2/2018 6:04:13 PM EST","1/2/2018 5:50:25 PM EST","1/2/2018 6:04:13 PM EST","1/2/2018 6:04:13 PM EST","AJABEL78@GMAIL.COM"
"Please DocuSign your UPC insurance documents.-(954)296-0049 | 00715768 |KC","Completed","Anthony Williams","Completed","","1/2/2018 5:44:55 PM EST","1/2/2018 5:33:43 PM EST","1/2/2018 5:51:51 PM EST","1/2/2018 5:44:55 PM EST","walkertl3@hotmail.com"
"Please DocuSign your UPC insurance documents.-(954)296-0049 | 00715768 |KC","Completed","Tenesha Williams","Completed","","1/2/2018 5:51:51 PM EST","1/2/2018 5:45:26 PM EST","1/2/2018 5:51:51 PM EST","1/2/2018 5:51:51 PM EST","walkertl3@hotmail.com"
"New: Please DocuSign this policy change request.-(281)851-8774 | 00555440 |SR","Completed","Ed Hamala","Completed","","1/2/2018 4:12:24 PM EST","1/2/2018 4:11:53 PM EST","1/2/2018 4:12:24 PM EST","1/2/2018 4:12:24 PM EST","ewh579@gmail.com"
"Please DocuSign your UPCIC insurance documents.-(786)355-9165| 00715785 |","Sent","Mona Remilien","Sent","","","","","","mremilien@aol.com"
"Please DocuSign your ASI insurance documents.-(407)496-0751 | 00513677 | MO AG","Completed","Salma Kausar","Completed","","1/2/2018 4:04:08 PM EST","1/2/2018 3:59:48 PM EST","1/2/2018 4:05:25 PM EST","1/2/2018 4:04:08 PM EST","salmakausar786@yahoo.com"
"Please DocuSign your ASI insurance documents.-(407)496-0751 | 00513677 | MO AG","Completed","Nasir Iqbal","Completed","","1/2/2018 4:05:25 PM EST","1/2/2018 4:01:46 PM EST","1/2/2018 4:05:25 PM EST","1/2/2018 4:05:25 PM EST","salmakausar786@yahoo.com"
"Please DocuSign your florida Specialty insurance documents.-(631)764-1316| 00582290 | LR","Completed","Lawrence Burke","Completed","","1/2/2018 7:13:58 PM EST","1/2/2018 7:08:08 PM EST","1/2/2018 7:22:27 PM EST","1/2/2018 7:13:58 PM EST","adayofgolf@aol.com"
"Please DocuSign your florida Specialty insurance documents.-(631)764-1316| 00582290 | LR","Completed","Karen Becker","Completed","","1/2/2018 7:22:26 PM EST","1/2/2018 7:21:34 PM EST","1/2/2018 7:22:27 PM EST","1/2/2018 7:22:26 PM EST","adayofgolf@aol.com"
"Please DocuSign your Progressive insurance documents.-(561)271-2677| 00715775 |  MClinton","Sent","LAURA WHITE","Sent","1/2/2018 2:31:16 PM EST","","","","","laurawonluv2@aol.com"
"Please DocuSign your UPC insurance documents.-(516)477-7242 | 00714678 | LR","Completed","Salvatore Valentinetti","Completed","1/2/2018 1:55:05 PM EST","1/2/2018 2:19:57 PM EST","1/2/2018 2:18:18 PM EST","1/2/2018 2:19:58 PM EST","1/2/2018 2:19:57 PM EST","ana@uniqueelementsrealty.com"
"Please DocuSign your UPCIC insurance documents.-(386)792-3784| 00714520 | LR","Sent","Frances Armstead","Sent","1/2/2018 1:50:20 PM EST","","","","","MattArmstead58@yahoo.com"
"Please DocuSign your UPCIC insurance documents.-(386)792-3784| 00714520 | LR","Sent","Matthew Armstead","Sent","1/2/2018 1:50:20 PM EST","","","","","MattArmstead58@yahoo.com"
"Please DocuSign your new flood wright insurance application.-(305)793-9867 | 00714249 |LR","Delivered","WALLY PROENZA","Delivered","1/2/2018 1:05:18 PM EST","","1/2/2018 1:06:00 PM EST","","","wproenzaa@gmail.com"
"Please DocuSign your Tower Hill insurance documents.-(561)644-8640| 00547214 |LR","Sent","Elizabeth Bennett","Sent","1/2/2018 1:04:34 PM EST","","","","","dreamdesign@comcast.net"
"Please DocuSign your UPC insurance documents.| 00708636 |ph#321-799-2953 LR MO","Sent","Susan Pelakh","Sent","1/2/2018 1:02:58 PM EST","","","","","pelakh@yahoo.com"
"Please DocuSign your UPC insurance documents.| 00708636 |ph#321-799-2953 LR MO","Sent","Boris Pelakh","Sent","1/2/2018 1:02:58 PM EST","","","","","pelakh@yahoo.com"
"Please DocuSign your UPC insurance documents.-phn#561-307-4300pc#UHF 1632433 LL","Sent","Clarence Williams","Sent","1/2/2018 12:58:39 PM EST","","","","","dwilliamsc@hotmail.com"
"Please DocuSign your UPC insurance documents.-phn#603455-3576pc#UHF1652818 LL","Completed","Janet Hanson","Completed","1/2/2018 12:50:28 PM EST","1/2/2018 4:55:52 PM EST","1/2/2018 4:41:32 PM EST","1/2/2018 4:58:46 PM EST","1/2/2018 4:55:52 PM EST","benfranklin3812@hotmail.com"
"Please DocuSign your UPC insurance documents.-phn#603455-3576pc#UHF1652818 LL","Completed","Linda Hanson","Completed","1/2/2018 12:50:28 PM EST","1/2/2018 4:58:46 PM EST","1/2/2018 4:57:53 PM EST","1/2/2018 4:58:46 PM EST","1/2/2018 4:58:46 PM EST","benfranklin3812@hotmail.com"
"Please DocuSign your AlRisk insurance documents.-(631)728-5530 | 00709183 |KDurham","Completed","KATHLEEN DESANTI","Completed","1/2/2018 11:53:40 AM EST","1/2/2018 1:42:53 PM EST","1/2/2018 1:40:42 PM EST","1/2/2018 1:42:54 PM EST","1/2/2018 1:42:53 PM EST","K728ASEY@AOL.COM"
"Please DocuSign your one time eCheck ACH payment authorization-(443)632-8282| 00521618 | KC","Sent","Linda Ruth","Sent","1/2/2018 11:22:07 AM EST","","","","","lindaaruth47@comcast.net"
"Please DocuSign your UPCIC insurance documents.-(786)556-2627| 00711396 | SB","Sent","Judith M Prophete","Delivered","1/2/2018 9:32:09 AM EST","","1/2/2018 10:54:09 AM EST","","","jprophete@gmail.com"
"Please DocuSign your UPCIC insurance documents.-(786)556-2627| 00711396 | SB","Sent","Esther Prophete","Sent","1/2/2018 9:32:10 AM EST","","","","","jprophete@gmail.com"