"Subject","Status","Recipient Name","Action","Sent On","Completed On","View Date","Status Changed Date","Sign Date","Recipient Email"
"Please DocuSign this policy change request.-(561)932-3216| 00640497 |LL","Completed","Rebecca Mullin","Completed","","12/6/2017 7:49:56 PM EST","12/6/2017 7:49:14 PM EST","12/6/2017 7:49:57 PM EST","12/6/2017 7:49:56 PM EST","rmuscarella95@gmail.com"
"Please DocuSign your AllRisk insurance documents.-(561)215-3604| 00705806 |SR","Sent","Patricia Atkins","Sent","","","","","","go2patkins56@aol.com"
"Please DocuSign your UPCIC and Wright insurance documents.-(305)318-3743| 00711329 | LR DD","Completed","Kathy Welch","Completed","","12/6/2017 6:34:20 PM EST","12/6/2017 6:32:00 PM EST","12/6/2017 6:40:02 PM EST","12/6/2017 6:34:20 PM EST","lamarwelch42@yahoo.com"
"Please DocuSign your UPCIC and Wright insurance documents.-(305)318-3743| 00711329 | LR DD","Completed","Steven Welch","Completed","","12/6/2017 6:40:01 PM EST","12/6/2017 6:35:42 PM EST","12/6/2017 6:40:02 PM EST","12/6/2017 6:40:01 PM EST","lamarwelch42@yahoo.com"
"Please DocuSign your Finance form- (813)843-4377| 00711420 |SR","Completed","Dewan Coley-Stanback","Completed","","12/6/2017 4:08:37 PM EST","12/6/2017 3:39:27 PM EST","12/6/2017 4:08:38 PM EST","12/6/2017 4:08:37 PM EST","Dazzleher7@yahoo.com"
"Please DocuSign your new flood ASI insurance application.-phn#(772)882-9401acc#00699275  SV","Sent","Ken Koehler","Sent","","","","","","koehlerke@msn.com"
"Please DocuSign your new flood ASI insurance application.-(954)849-9284| 00412521 |LR","Sent","Marie Piquion","Sent","","","","","","mariepiquion@yahoo.com"
"Please DocuSign your new flood ASI insurance application.-(305)336-5515| 00438506 | LR","Completed","Gary Russell Beck Jr","Completed","12/6/2017 3:12:15 PM EST","12/6/2017 10:32:06 PM EST","12/6/2017 10:29:34 PM EST","12/6/2017 10:32:06 PM EST","12/6/2017 10:32:06 PM EST","bussreck1@yahoo.com"
"Please DocuSign your UPC insurance documents.- (631)741-0061| 00711296 | LR","Sent","Diego Rios","Delivered","12/6/2017 3:01:07 PM EST","","12/6/2017 10:06:54 PM EST","","","riosd48@yahoo.com"
"Please DocuSign your UPC insurance documents.- (631)741-0061| 00711296 | LR","Sent","IRIS M RIOS","Sent","12/6/2017 3:01:07 PM EST","","","","","riosd48@yahoo.com"
"Please DocuSign your AllRisk insurance documents.-(407)921-0855| 00572822 |SR","Delivered","Julio Vasquez","Delivered","12/6/2017 2:28:57 PM EST","","12/6/2017 4:45:41 PM EST","","","Vasquez.julio862@gmail.com"
"Please DocuSign your AllRisk insurance documents.-754)264-5645 | 00636952 |MO SR","Completed","Monique Wilton ","Completed","12/6/2017 2:21:25 PM EST","12/6/2017 3:09:28 PM EST","12/6/2017 3:07:46 PM EST","12/6/2017 3:13:44 PM EST","12/6/2017 3:09:28 PM EST","mwilton@bellsouth.net"
"Please DocuSign your AllRisk insurance documents.-754)264-5645 | 00636952 |MO SR","Completed","Michael Wilton","Completed","12/6/2017 2:21:25 PM EST","12/6/2017 3:13:44 PM EST","12/6/2017 3:10:33 PM EST","12/6/2017 3:13:44 PM EST","12/6/2017 3:13:44 PM EST","mwilton@bellsouth.net"
"Please DocuSign your Travelers insurance documents.-","Sent","Erica Guider","Sent","12/6/2017 2:11:54 PM EST","","","","","ericaguider@gmail.com"
"Please DocuSign: Stone Certificate of Condition.pdf BB","Completed","Debra Stone","Completed","12/6/2017 1:50:01 PM EST","12/6/2017 1:51:08 PM EST","12/6/2017 1:50:56 PM EST","12/6/2017 1:51:09 PM EST","12/6/2017 1:51:08 PM EST","debabcstone@yahoo.com"
"Please DocuSign your Bass insurance documents.-qt#3216009phn#914-536-9902 SR","Sent","Donna Aguilar","Sent","12/6/2017 1:15:13 PM EST","","","","","Huggie104@yahoo.com"
"Please DocuSign your Bass insurance documents.- (813)843-4377| 00711420 |SR","Completed","Dewan Coley-Stanback","Completed","12/6/2017 1:11:23 PM EST","12/6/2017 3:02:08 PM EST","12/6/2017 2:56:23 PM EST","12/6/2017 3:02:09 PM EST","12/6/2017 3:02:08 PM EST","Dazzleher7@yahoo.com"
"Please DocuSign your Bass  insurance documents.-(321)480-5159 | 00711386 | SR","Completed","Stevev Young","Completed","12/6/2017 1:07:51 PM EST","12/6/2017 5:00:35 PM EST","12/6/2017 4:49:30 PM EST","12/6/2017 5:00:35 PM EST","12/6/2017 5:00:35 PM EST","Ysteve838@yahoo.com"
"Please DocuSign your Bass insurance documents.-(850)944-6074| 00711321 |SR","Sent","Marion Webb","Sent","12/6/2017 12:56:34 PM EST","","","","","nancy@diversifiedfasteners.com"
"Please DocuSign your new flood ASI  insurance application.-(561)400-7647| 00434261 |SV","Sent","DEBORAH MANKIN","Sent","12/6/2017 12:52:01 PM EST","","","","","Timkoehler73@gmail.com"
"Please DocuSign your UPCIC insurance documents.-(404)488-2657| 00418146 |MO DD","Sent","RICHARD FREEMAN","Sent","12/6/2017 12:39:47 PM EST","","","","","rfree430@gmail.com"
"Please DocuSign your UPCIC insurance documents.-(772)473-8733 | 00711146 | DD","Completed","Larry Cleveland","Completed","12/6/2017 12:26:30 PM EST","12/6/2017 4:15:45 PM EST","12/6/2017 4:13:17 PM EST","12/6/2017 4:15:45 PM EST","12/6/2017 4:15:45 PM EST","clevelandld.dc@gmail.com"
"Please DocuSign your Travelers insurance documents.-(717)668-6644| 00674809 |LR","Sent","Lucille Silver","Sent","12/6/2017 12:03:45 PM EST","","","","","ms.lucy1@yahoo.com"
"Please DocuSign your AllRisk insurance documents.-(754)244-6008| 00711111 |MO SR","Delivered","Steven Ruscica","Delivered","12/6/2017 11:51:58 AM EST","","12/6/2017 2:19:37 PM EST","","","n27sr@aol.com"
"Please DocuSign Cancellation request form.-(772)569-6173| 00701181 LL","Completed","Ned Smith","Completed","12/6/2017 11:20:47 AM EST","12/6/2017 12:00:03 PM EST","12/6/2017 11:59:43 AM EST","12/6/2017 12:00:04 PM EST","12/6/2017 12:00:03 PM EST","nedsmith@excite.com"
"Please DocuSign Cancellation request form.-(954)736-9807 | 00421809 | LL","Completed","Bernal Gonzalez","Completed","12/6/2017 10:07:49 AM EST","12/6/2017 11:16:39 AM EST","12/6/2017 11:15:58 AM EST","12/6/2017 11:16:39 AM EST","12/6/2017 11:16:39 AM EST","Gonzalez@pcdinternationalusa.com"
"Please DocuSign your new flood Wright  insurance application.-(617)549-6849| 00710428 | LR","Completed","YELENA KENER","Completed","12/5/2017 5:02:17 PM EST","12/5/2017 5:26:57 PM EST","12/5/2017 5:10:09 PM EST","12/5/2017 5:26:57 PM EST","12/5/2017 5:26:57 PM EST","natashachka@gmail.com"
"Please DocuSign this policy change request.-(561)578-3519| 00705369 | Maria LL","Sent","Maria Cabrera","Sent","12/5/2017 4:40:56 PM EST","","","","","maria.cabrera@brightway.com"
"Please DocuSign your Universal P&C insurance documents.-(914)924-0701| 00694157 |LR","Sent","Donald Tysinger","Sent","12/5/2017 4:32:13 PM EST","","","","","wecare@wfeca.net"
"Please DocuSign Acknowledgement form. (239)398-7574| 00640164 KG","Completed","Derrick Klym","Completed","12/5/2017 4:01:18 PM EST","12/5/2017 4:14:14 PM EST","12/5/2017 4:05:25 PM EST","12/5/2017 4:14:14 PM EST","12/5/2017 4:14:14 PM EST","cek1516@aol.com"
"Please DocuSign your AllRisk insurance documents.-(727)552-1488 | 00711032 |SR","Sent","Riley Dargavell","Sent","12/5/2017 3:47:45 PM EST","","","","","rustydsr@yahoo.com"
"Please DocuSign your New Geovera insurance documents.-(954)304-1660 | 00704604 | SR","Completed","Trung Tang","Completed","12/5/2017 3:39:04 PM EST","12/5/2017 6:05:37 PM EST","12/5/2017 6:01:06 PM EST","12/5/2017 6:05:38 PM EST","12/5/2017 6:05:37 PM EST","tqt1206@yahoo.com"
"Please DocuSign: FLH-0006793 Inspection Letter.| 00702642 |(786)859-3867 LR","Completed","Stephanie Jean-Pierre","Completed","12/5/2017 3:28:11 PM EST","12/5/2017 4:44:12 PM EST","12/5/2017 4:43:43 PM EST","12/5/2017 4:44:12 PM EST","12/5/2017 4:44:12 PM EST","Virtuouswoman36@gmail.com"
"Please DocuSign this policy change request.-(561)578-3519| 00705369 | Maria LL","Completed","Ruben Cabrera","Completed","12/5/2017 3:21:27 PM EST","12/5/2017 3:56:04 PM EST","12/5/2017 3:55:39 PM EST","12/5/2017 3:56:04 PM EST","12/5/2017 3:56:04 PM EST","maria.cabrera@brightway.com"
"Please DocuSign your UPCIC insurance documents.-no phone# | 00307284 |LR","Completed","Nadine Sutherland","Completed","12/5/2017 2:42:34 PM EST","12/6/2017 9:54:41 PM EST","12/6/2017 9:46:38 PM EST","12/6/2017 9:54:42 PM EST","12/6/2017 9:54:41 PM EST","jesusiscmng@yahoo.com"
"Please DocuSign your UPCIC insurance documents.- (786)218-4918| 00711179 | DD","Sent","FABUOLA CASSEUS","Sent","12/5/2017 2:27:10 PM EST","","","","","Casseus71@yahoo.com"
"Please DocuSign your New Allrisk insurance documents.(786)348-4604| 00710705 |SR","Completed","Pierre Ouang","Completed","12/5/2017 2:11:32 PM EST","12/5/2017 2:56:06 PM EST","12/5/2017 2:53:22 PM EST","12/5/2017 2:56:06 PM EST","12/5/2017 2:56:06 PM EST","Shadowk952@gmail.com"
"Please DocuSign this travelers agent of record form.-phn#(954)275-1071acc#00699356 DB LL JK","Completed","Chandradat Ramkhelawan","Completed","12/5/2017 2:03:12 PM EST","12/5/2017 6:59:48 PM EST","12/5/2017 6:59:25 PM EST","12/5/2017 6:59:48 PM EST","12/5/2017 6:59:48 PM EST","Navin9979@gmail.com"
"Please DocuSign your Geovera and ALlRisk insurance documents.-(954)610-7102| 00711196 |","Completed","Eileen E Rathery","Completed","12/5/2017 1:47:11 PM EST","12/5/2017 5:26:14 PM EST","12/5/2017 5:22:22 PM EST","12/5/2017 5:26:14 PM EST","12/5/2017 5:26:14 PM EST","eileen.rathery@yahoo.com"
"Please DocuSign your Capitol and ASI insurance documents.-(561)714-7901| 00710936 |SB LR","Completed","Alexis Gallon","Completed","12/5/2017 1:02:23 PM EST","12/6/2017 1:35:01 PM EST","12/6/2017 1:12:21 PM EST","12/6/2017 1:35:02 PM EST","12/6/2017 1:35:01 PM EST","lexi2700@gmail.com"
"Please DocuSign your OUH-0002524 Inspection Letter. 00686749 |(786)489-1990 SR","Sent","Eddie Burns","Sent","12/5/2017 12:42:04 PM EST","","","","","angeladena@bellsouth.net"
"DocuSign your American Integrity insurance documents.-(330)626-1761| 00701471 | SB","Sent","Joyce Atkinson","Sent","12/5/2017 12:37:59 PM EST","","","","","edward-atkinson@sbcglobal.net"
"DocuSign your American Integrity insurance documents.-(330)626-1761| 00701471 | SB","Sent","Edward Atkinson","Sent","12/5/2017 12:37:59 PM EST","","","","","edward-atkinson@sbcglobal.net"
"Please DocuSign your UPC insurance documents.-(561)254-8693| 00179069 |LR","Sent","Aleen Rosenheim","Sent","12/5/2017 12:33:50 PM EST","","","","","rosenheima@gmail.com"
"Please DocuSign your FLH-0004955 inspection letter.| 00656778 (954)260-8479 |LR","Sent","Kelley Duffy","Sent","12/5/2017 12:26:44 PM EST","","","","","Kelleymd1@aol.com"
"Please DocuSign your newI flood insurance application.-phn#310-920-9217acc#00694126 TM","Sent","Karen Snead","Sent","12/5/2017 12:18:25 PM EST","","","","","esnead@mac.com"
"Please DocuSign: BVH-0000820 Inspection Letter.phn#(954)421-7434acc#00673078  LR","Sent","Maryanne Langley","Sent","12/5/2017 12:17:53 PM EST","","","","","malang007@bellsouth.net"
"Please DocuSign your SeaCoast Brokers insurance documents.-(954)815-1017|  00705565  |LR","Sent","Cliff Weisner","Sent","12/5/2017 12:16:28 PM EST","","","","","cliffw2112@gmail.com"
"Please DocuSign your Prepared insurance documents.-(954)812-3725| 00709053 |SB MO","Completed","Ximena Tapia","Completed","12/5/2017 12:09:49 PM EST","12/5/2017 12:13:09 PM EST","12/5/2017 12:11:38 PM EST","12/5/2017 12:15:01 PM EST","12/5/2017 12:13:09 PM EST","danielgonzalezfl@gmail.com"
"Please DocuSign your Prepared insurance documents.-(954)812-3725| 00709053 |SB MO","Completed","Daniel Gonzalez","Completed","12/5/2017 12:09:49 PM EST","12/5/2017 12:15:01 PM EST","12/5/2017 12:14:08 PM EST","12/5/2017 12:15:01 PM EST","12/5/2017 12:15:01 PM EST","danielgonzalezfl@gmail.com"
"Please DocuSign your UPC insurance documents.| 00708636 |ph#321-799-2953 SB MO","Sent","Susan Pelakh","Sent","12/5/2017 12:08:35 PM EST","","","","","pelakh@yahoo.com"
"Please DocuSign your UPC insurance documents.| 00708636 |ph#321-799-2953 SB MO","Sent","Boris Pelakh","Sent","12/5/2017 12:08:35 PM EST","","","","","pelakh@yahoo.com"
"Please DocuSign: KLH-0002433 Inspection Letter.phn#(786)806-6589acc#00563940  LR","Sent","Anthony Martin","Sent","12/5/2017 12:07:22 PM EST","","","","","11martin27webb12foundation@gmail.com"
"Please DocuSign  your Geovera insurance documents.--phn#(561)542-2866acc#00699498 * SB","Sent","Mora Newman","Sent","12/5/2017 12:00:26 PM EST","","","","","newmanmora@aol.com"
"Please DocuSign  your Geovera insurance documents.--phn#(561)542-2866acc#00699498 * SB","Sent","Kerry Clinton","Completed","12/5/2017 12:00:25 PM EST","12/5/2017 12:00:49 PM EST","12/5/2017 12:00:43 PM EST","","12/5/2017 12:00:49 PM EST","kerry.clinton@brightway.com"
"Please DocuSign this document: BVH-0000887 Inspection Letter.phn#(786)344-3067acc#00674685  LR","Sent","Reginald Jones","Sent","12/5/2017 11:58:31 AM EST","","","","","regijones1@gmail.com"
"Please DocuSign Universal P&C agent of record form.- | 00703122 |   (561)848-8505 SR","Sent","Janet Warner","Sent","12/5/2017 11:44:17 AM EST","","","","","bluejay1206@gmail.com"
"Please DocuSign Cancellation request form.-706)614-1931 | 00619912 MO","Sent","Donnie Polly","Sent","12/5/2017 11:38:04 AM EST","","","","","TIPTOP.ROOFING@YAHOO.COM"
"Please DocuSign Cancellation request form.-706)614-1931 | 00619912 MO","Sent","Angie Polly","Sent","12/5/2017 11:38:04 AM EST","","","","","TIPTOP.ROOFING@YAHOO.COM"
"Please DocuSign your US Coastal insurance documents.-(270)268-6286| 00710926 | SR","Completed","Jonathan Griffith","Completed","12/4/2017 2:31:00 PM EST","12/4/2017 7:26:34 PM EST","12/4/2017 7:13:09 PM EST","12/4/2017 7:26:35 PM EST","12/4/2017 7:26:34 PM EST","jonathan.griffith427@gmail.com"
"Please DocuSign Cancellation request form.-(561)629-5752 | 00314699 MO","Completed","Francois Laroche","Completed","12/4/2017 2:24:11 PM EST","12/6/2017 6:37:03 AM EST","12/6/2017 6:36:50 AM EST","12/6/2017 6:37:04 AM EST","12/6/2017 6:37:03 AM EST","capois7@hotmail.com"
"Please DocuSign your SFI insurance documents.-(954)865-8457| 00710887 |SB","Completed","Vitaly Ustalov","Completed","12/4/2017 2:16:57 PM EST","12/4/2017 2:20:43 PM EST","12/4/2017 2:17:52 PM EST","12/4/2017 2:20:43 PM EST","12/4/2017 2:20:43 PM EST","vitalyshaolin@gmail.com"
"Please DocuSign your Geovera insurance documents.-(561)856-8271 | 00710752 |SB","Completed","Hye Joo","Completed","12/4/2017 2:10:30 PM EST","12/5/2017 9:39:42 AM EST","12/4/2017 2:50:19 PM EST","12/5/2017 9:39:43 AM EST","12/5/2017 9:39:42 AM EST","Jirvin83golf@yahoo.com"
"Please DocuSign your UPCIC insurance documents.-(786)294-8404 | 00710744 |LR","Completed","David A Paez","Completed","12/4/2017 2:07:06 PM EST","12/4/2017 3:01:39 PM EST","12/4/2017 2:57:40 PM EST","12/4/2017 3:12:25 PM EST","12/4/2017 3:01:39 PM EST","VERONICAL86@HOTMAIL.COM"
"Please DocuSign your UPCIC insurance documents.-(786)294-8404 | 00710744 |LR","Completed","Veronica B Paez","Completed","12/4/2017 2:07:06 PM EST","12/4/2017 3:12:25 PM EST","12/4/2017 3:01:59 PM EST","12/4/2017 3:12:25 PM EST","12/4/2017 3:12:25 PM EST","VERONICAL86@HOTMAIL.COM"
"Please DocuSign your UPCIC insurance documents.-(786)317-9244| 00708855 |LR MO","Completed","HEAVEN DESIR","Completed","12/4/2017 1:50:16 PM EST","12/4/2017 2:14:38 PM EST","12/4/2017 2:13:17 PM EST","12/4/2017 2:14:38 PM EST","12/4/2017 2:14:38 PM EST","HEAVENDESIR@ICLOUD.COM"
"Please DocuSign your Asi & Ironshore insurance documents.-(917)797-8367| 00710691 |SR SV","Completed","Georgette Piligian","Completed","12/4/2017 1:43:33 PM EST","12/4/2017 2:18:20 PM EST","12/4/2017 2:12:42 PM EST","12/4/2017 2:18:20 PM EST","12/4/2017 2:18:20 PM EST","gapiligian@aol.com"
"Please DocuSign your UPCIC insurance documents.-.| 00710656 | (407)580-0542 LR","Completed","Rosa Rodriguez","Completed","12/4/2017 1:33:34 PM EST","12/5/2017 4:57:45 PM EST","12/5/2017 4:53:00 PM EST","12/5/2017 4:57:46 PM EST","12/5/2017 4:57:45 PM EST","Aydelys7@yahoo.com"
"Please DocuSign Cancellation request form.-(440)600-2699| 00641661 |LL","Completed","Andy Carson","Completed","12/4/2017 12:53:34 PM EST","12/5/2017 10:05:56 AM EST","12/5/2017 10:04:22 AM EST","12/5/2017 10:05:57 AM EST","12/5/2017 10:05:56 AM EST","Andy@InsuranceDiversified.com"
"Please DocuSign Flat Cancellation request form.-(703)371-7913| 00692325  LL","Completed","Katherine Waldron","Completed","12/4/2017 10:49:50 AM EST","12/4/2017 11:06:35 AM EST","12/4/2017 11:06:13 AM EST","12/4/2017 11:06:36 AM EST","12/4/2017 11:06:35 AM EST","Waldron.katherine@gmail.com"
"Please DocuSign your AllRisk insurance documents.-(954)871-6837| 00614211 SR","Completed","Ketley Jean-Pierre","Completed","12/4/2017 9:09:57 AM EST","12/4/2017 1:41:23 PM EST","12/4/2017 1:34:57 PM EST","12/4/2017 1:41:24 PM EST","12/4/2017 1:41:23 PM EST","Twin_2_82@yahoo.com"
"Please DocuSign: KRYLOVA NO LOSS.| 00301886 | (561)460-0790 SR","Completed","ALEXANDRINA KRYLOVA","Completed","12/1/2017 5:08:05 PM EST","12/3/2017 1:33:55 PM EST","12/3/2017 9:40:52 AM EST","12/3/2017 1:33:56 PM EST","12/3/2017 1:33:55 PM EST","Marina_ulyanova@yahoo.com"
"Please DocuSign your Bass insurance documents.-(772)237-6857| 00704558 | SB","Sent","Colville Webb","Sent","12/1/2017 5:02:07 PM EST","","","","","webbcesnr@yahoo.com"
"Please DocuSign your Bass insurance documents.-(772)237-6857| 00704558 | SB","Sent","Yvette Webb","Sent","12/1/2017 5:02:08 PM EST","","","","","webbcesnr@yahoo.com"
"Please DocuSign your Wright and Prepared insurance documents.- (813)431-6811| 00710636 |SB LR","Completed","Cindy Lewandowski","Completed","12/1/2017 4:55:01 PM EST","12/4/2017 11:39:42 AM EST","12/1/2017 5:26:02 PM EST","12/5/2017 12:21:50 PM EST","12/4/2017 11:39:42 AM EST","Cindy.lewandowski@verizon.net"
"Please DocuSign your Wright and Prepared insurance documents.- (813)431-6811| 00710636 |SB LR","Completed","John S Lewandowski","Completed","12/1/2017 4:55:02 PM EST","12/5/2017 12:21:49 PM EST","12/1/2017 6:03:06 PM EST","12/5/2017 12:21:50 PM EST","12/5/2017 12:21:49 PM EST","Cindy.lewandowski@verizon.net"
"Please DocuSign your Bass, ASI and Vertus insurance documents.-(904)765-9472 | 00704763 | SR LR","Sent","Francis Hicks","Sent","12/1/2017 4:39:42 PM EST","","","","","fyvonnehicks@aol.com"
"Please DocuSign your AllRisk & Wright flood  insurance documents.-(786)348-4604| 00710705 |SR MO","Completed","Camille Ouang","Completed","12/4/2017 1:25:14 PM EST","12/5/2017 12:10:35 PM EST","12/5/2017 1:10:33 AM EST","12/5/2017 12:10:37 PM EST","12/5/2017 12:10:35 PM EST","Shadowk952@gmail.com"
"Please DocuSign your AllRisk & Wright flood  insurance documents.-(786)348-4604| 00710705 |SR MO","Completed","Pierre Ouang","Completed","12/1/2017 4:33:34 PM EST","12/5/2017 11:59:12 AM EST","12/1/2017 4:41:50 PM EST","12/5/2017 12:10:37 PM EST","12/5/2017 11:59:12 AM EST","Shadowk952@gmail.com"
"Please DocuSign your Olympus insurance documents.-(813)545-9571 | 00436076 |SB","Completed","Robert Helman","Completed","12/1/2017 4:24:01 PM EST","12/1/2017 7:04:23 PM EST","12/1/2017 6:59:45 PM EST","12/1/2017 7:04:23 PM EST","12/1/2017 7:04:23 PM EST","Mrs_helman@hotmail.com"
"Please DocuSign this policy change request.-(813)545-9571 | 00436076 |LL","Completed","Carlos Martinez","Completed","12/1/2017 3:52:17 PM EST","12/1/2017 3:58:54 PM EST","12/1/2017 3:58:07 PM EST","12/1/2017 3:58:54 PM EST","12/1/2017 3:58:54 PM EST","carlosginecologo@yahoo.com"
"Please DocuSign your Bankers insurance documents.-(561)371-4482| 00710666 | SB","Completed","Edgar Gomez","Completed","12/1/2017 3:12:00 PM EST","12/5/2017 9:40:15 AM EST","12/1/2017 5:15:06 PM EST","12/5/2017 9:40:16 AM EST","12/5/2017 9:40:15 AM EST","Oneway-upm@hotmail.com"
"Please DocuSign your new flood ASI insurance application.-(347)409-8862| 00439976 | LR","Completed","Jeanmarie Lotito","Completed","12/1/2017 2:44:24 PM EST","12/1/2017 11:03:45 PM EST","12/1/2017 10:58:26 PM EST","12/1/2017 11:03:45 PM EST","12/1/2017 11:03:45 PM EST","jjlotito@gmail.com"
"Please DocuSign your AllRisk insurance documents.-phn#386-9847525acc#00710419  SR","Completed","ROBERT APPELL","Completed","12/1/2017 2:38:02 PM EST","12/1/2017 3:45:24 PM EST","12/1/2017 3:44:56 PM EST","12/1/2017 3:45:25 PM EST","12/1/2017 3:45:24 PM EST","ROBERTTAPPELL@GMAIL.COM"
"Please DocuSign Cancellation request form.-(305)942-8567| 00707637 MO|","Completed","Justin Stephens","Completed","12/1/2017 1:25:58 PM EST","12/1/2017 2:07:09 PM EST","12/1/2017 2:06:44 PM EST","12/1/2017 2:07:09 PM EST","12/1/2017 2:07:09 PM EST","Justin.stephens82@gmail.com"
"Please DocuSign Cancellation request form.-(813)315-0314| 00708326 | MO","Completed","Roberto Gonzalez","Completed","12/1/2017 1:23:32 PM EST","12/1/2017 3:10:09 PM EST","12/1/2017 3:09:44 PM EST","12/1/2017 3:10:09 PM EST","12/1/2017 3:10:09 PM EST","robertglez52@ymail.com"
"Please DocuSign your FL Specialty insurance documents.-(603)759-3654| 00636130 |MO SB","Completed","Diane Gagnon","Completed","12/1/2017 1:19:03 PM EST","12/1/2017 2:48:28 PM EST","12/1/2017 2:46:39 PM EST","12/1/2017 2:49:34 PM EST","12/1/2017 2:48:28 PM EST","gerryagagnon@gmail.com"
"Please DocuSign your FL Specialty insurance documents.-(603)759-3654| 00636130 |MO SB","Completed","GERRY GAGNON","Completed","12/1/2017 1:19:03 PM EST","12/1/2017 2:49:34 PM EST","12/1/2017 2:48:54 PM EST","12/1/2017 2:49:34 PM EST","12/1/2017 2:49:34 PM EST","gerryagagnon@gmail.com"
"Please DocuSign your new flood ASI insurance application.-(817)454-0956| 00603682 |Lr","Completed","Susan Molina","Completed","12/1/2017 1:10:18 PM EST","12/1/2017 3:37:47 PM EST","12/1/2017 3:33:52 PM EST","12/1/2017 3:37:47 PM EST","12/1/2017 3:37:47 PM EST","susaner1@msn.com"
"Please DocuSign your UPC insurance documents.-(850)960-1557| 00710574 |LR","Completed","Zion Trigg","Completed","12/1/2017 1:06:43 PM EST","12/1/2017 2:19:24 PM EST","12/1/2017 2:08:54 PM EST","12/1/2017 2:19:24 PM EST","12/1/2017 2:19:24 PM EST","ziontrigg@gmail.com"
"Please DocuSign your Olympus insurance documents.-(305)506-5655| 00706966 |SB","Completed","Nestor Chavez","Completed","12/1/2017 1:01:45 PM EST","12/4/2017 12:14:14 AM EST","12/1/2017 3:44:32 PM EST","12/4/2017 12:14:14 AM EST","12/4/2017 12:14:14 AM EST","nc_miami@yahoo.com"
"Please DocuSign your UPCIC insurance documents.-(503)739-1555| 00710545 |LR","Completed","Elina Noel Kozlowski","Completed","12/1/2017 12:28:28 PM EST","12/1/2017 11:56:01 PM EST","12/1/2017 11:48:59 PM EST","12/1/2017 11:59:28 PM EST","12/1/2017 11:56:01 PM EST","Mkoz1975@yahoo.com"
"Please DocuSign your UPCIC insurance documents.-(503)739-1555| 00710545 |LR","Completed","Michael Kozlowski","Completed","12/1/2017 12:28:28 PM EST","12/1/2017 11:59:27 PM EST","12/1/2017 11:56:30 PM EST","12/1/2017 11:59:28 PM EST","12/1/2017 11:59:27 PM EST","Mkoz1975@yahoo.com"
"Please DocuSign your UPCIC insurance documents.-(561)433-1589 | 00547181 | MO LR","Completed","Stacey L Hadar","Completed","12/1/2017 12:22:36 PM EST","12/1/2017 3:29:41 PM EST","12/1/2017 2:26:25 PM EST","12/1/2017 3:32:33 PM EST","12/1/2017 3:29:41 PM EST","hadarbarry@yahoo.com"
"Please DocuSign your UPCIC insurance documents.-(561)433-1589 | 00547181 | MO LR","Completed","Barukn Hadar","Completed","12/1/2017 12:22:36 PM EST","12/1/2017 3:32:33 PM EST","12/1/2017 3:30:17 PM EST","12/1/2017 3:32:33 PM EST","12/1/2017 3:32:33 PM EST","hadarbarry@yahoo.com"
"Please DocuSign: Helman Certificate of Condition.  BB LL","Completed","Robert Helman","Completed","12/1/2017 12:05:24 PM EST","12/1/2017 12:12:04 PM EST","12/1/2017 12:10:36 PM EST","12/1/2017 12:13:57 PM EST","12/1/2017 12:12:04 PM EST","mrs_helman@hotmail.com"
"Please DocuSign: Helman Certificate of Condition.  BB LL","Completed","Brenda Helman","Completed","12/1/2017 12:05:24 PM EST","12/1/2017 12:13:56 PM EST","12/1/2017 12:13:19 PM EST","12/1/2017 12:13:57 PM EST","12/1/2017 12:13:56 PM EST","mrs_helman@hotmail.com"
"Please DocuSign UPC home insurance documents.-(813)545-9571 | 00436076 |","Completed","Carlos Martinez","Completed","12/1/2017 12:02:10 PM EST","12/1/2017 12:40:06 PM EST","12/1/2017 12:30:33 PM EST","12/1/2017 12:40:06 PM EST","12/1/2017 12:40:06 PM EST","carlosginecologo@yahoo.com"
"Please DocuSign your SFI insurance documents.-","Completed","YELENA KENER","Completed","12/1/2017 11:46:31 AM EST","12/5/2017 2:22:21 PM EST","12/5/2017 7:29:33 AM EST","12/5/2017 2:22:21 PM EST","12/5/2017 2:22:21 PM EST","natashachka@gmail.com"
"Please DocuSign your AllRisk insurance documents.-(813)453-5787 | 00706876 |SR","Completed","Miriam Rodriguez","Completed","12/1/2017 11:20:33 AM EST","12/1/2017 11:24:22 AM EST","12/1/2017 11:21:48 AM EST","12/1/2017 11:24:22 AM EST","12/1/2017 11:24:22 AM EST","mrmybiz@yahoo.com"
"Please DocuSign your home insurance documents.-","Completed","Kelly Newell","Completed","12/1/2017 11:15:58 AM EST","12/1/2017 4:04:26 PM EST","12/1/2017 4:02:37 PM EST","12/1/2017 4:04:26 PM EST","12/1/2017 4:04:26 PM EST","kellynewell2@gmail.com"
"Please DocuSign your UPCIC insurance documents.-(678)371-8125 | 00710390 |LR","Completed","Micheal Cody","Completed","12/1/2017 11:05:03 AM EST","12/1/2017 11:09:51 AM EST","12/1/2017 11:05:46 AM EST","12/1/2017 11:09:52 AM EST","12/1/2017 11:09:51 AM EST","pmcody@me.com"
"Please DocuSign your new flood ASI insurance application.-(561)317-4819| 00630624 | SV","Completed","Andrea Tran","Completed","12/1/2017 10:59:52 AM EST","12/6/2017 9:17:58 AM EST","12/4/2017 3:31:29 PM EST","12/6/2017 9:17:58 AM EST","12/6/2017 9:17:58 AM EST","Andrea.g.tran@gmail.com"
": Please DocuSign your Edison insurance documents| 00710374 | (414)587-2081","Completed","Mary Stepaniuk","Completed","12/1/2017 10:29:04 AM EST","12/1/2017 11:30:43 AM EST","12/1/2017 11:27:50 AM EST","12/1/2017 11:30:44 AM EST","12/1/2017 11:30:43 AM EST","STEPANIUKMARY@GMAIL.COM"
"Please DocuSign your new flood ASI insurance application.-(347)739-3422| 00710361 |LR","Completed","Clayton Robinson","Completed","12/1/2017 10:13:16 AM EST","12/1/2017 10:25:46 AM EST","12/1/2017 10:21:12 AM EST","12/1/2017 10:25:47 AM EST","12/1/2017 10:25:46 AM EST","robinsonclay48@hotmail.com"
"Please DocuSign: CLH-0007025 Inspection Letter. | 00586615 |(786)256-7757 LR","Completed","Hazel Chisholm","Completed","12/1/2017 9:39:46 AM EST","12/3/2017 4:27:20 AM EST","12/3/2017 4:26:05 AM EST","12/3/2017 4:27:21 AM EST","12/3/2017 4:27:20 AM EST","hazelmarota@yahoo.com"
"Please DocuSign your Tapco insurance documents.-(917)566-9150| 00710442 |SR","Completed","Kristi Albertsen","Completed","12/1/2017 9:03:22 AM EST","12/1/2017 10:34:45 AM EST","12/1/2017 10:33:42 AM EST","12/1/2017 10:34:46 AM EST","12/1/2017 10:34:45 AM EST","kma1270@yahoo.com"