"Subject","Status","Recipient Name","Action","Sent On","Completed On","View Date","Status Changed Date","Sign Date","Recipient Email"
"Please DocuSign your Safeco insurance documents.-(321)914-3802 | 00161337 | Maria VO","Completed","Kim Sowers","Completed","5/3/2018 3:37:53 PM EDT","5/3/2018 4:11:35 PM EDT","5/3/2018 4:03:45 PM EDT","5/3/2018 7:42:15 PM EDT","5/3/2018 4:11:35 PM EDT","dencraigs@aol.com"
"Please DocuSign your Safeco insurance documents.-(321)914-3802 | 00161337 | Maria VO","Completed","DENNIS SOWERS","Completed","5/3/2018 3:37:53 PM EDT","5/3/2018 7:42:15 PM EDT","5/3/2018 4:12:20 PM EDT","5/3/2018 7:42:15 PM EDT","5/3/2018 7:42:15 PM EDT","dencraigs@aol.com"
"Please DocuSign your Velocity  insurance documents.- (954)756-5578| 00744075 | LR","Completed","Tian Hua Huang","Completed","5/3/2018 3:04:42 PM EDT","5/3/2018 3:36:01 PM EDT","5/3/2018 3:32:05 PM EDT","5/3/2018 3:36:01 PM EDT","5/3/2018 3:36:01 PM EDT","access922@hotmail.com"
"Please DocuSign your BASS insurance documents.-(305)282-7902| 00743120 |  LU JK","Delivered","Carmen Johnson","Delivered","5/3/2018 2:54:52 PM EDT","","5/3/2018 2:56:47 PM EDT","","","robertb@miamidade.gov"
"Please DocuSign your new Tower Hill flood insurance application.-(727)251-5984| 00736865 | LU","Completed","STEFAN BABJACK","Completed","5/3/2018 2:54:17 PM EDT","5/3/2018 3:06:56 PM EDT","5/3/2018 3:05:45 PM EDT","5/3/2018 3:06:56 PM EDT","5/3/2018 3:06:56 PM EDT","stefanbabjak@gmail.com"
"Please DocuSign Replacement cost(516)724-5226| 00725722 |LR","Sent","Alan Levine","Sent","5/3/2018 2:13:25 PM EDT","","","","","blevine301@aol.com"
"Please DocuSign your BASS insurance documents.- ph#:517-740-6167 pc#AGP1293220 SR BB","Sent","Kenneth Casto","Sent","5/3/2018 2:06:34 PM EDT","","","","","Casto.mc@comcast.net"
"Please DocuSign your Bass & Cancellation insurance documents.-(321)947-9573| 00738455 | LR DR","Sent","Samuel Knight","Sent","5/3/2018 1:39:19 PM EDT","","","","","SAMUELKNIGHT1950@yahoo.com"
"Please DocuSign your new ASI flood insurance application.-(561)827-0420| 00559850 | LU","Sent","Tony Dionese","Sent","5/3/2018 1:36:23 PM EDT","","","","","Tonyd1056@aol.com"
"Please DocuSign your CP insurance documents.-(954)237-8138 | 00726658 |LR","Sent","Rafael Paredes Chavez","Sent","5/3/2018 1:30:14 PM EDT","","","","","alivingston24@gmail.com"
"Please DocuSign: NVH-0003888 Inspection Letter.-(786)916-2794| 00720811 | LR","Sent","Harris-Carter Walter","Sent","5/3/2018 1:28:45 PM EDT","","","","","carterwalt60@yahoo.com"
"Please DocuSign your Allrisks insurance documents.-(786)326-6172| 00741716 | LU BB","Sent","GIANNATTASIO, LUIS","Sent","5/3/2018 1:23:43 PM EDT","","","","","sellingmiamihomes@gmail.com"
"Please DocuSign your Prepared & ASI  insurance documents.- (786)521-3342 | 00744010 | SB","Completed","Alejandro De Aza","Completed","5/3/2018 1:15:44 PM EDT","5/3/2018 1:37:16 PM EDT","5/3/2018 1:29:13 PM EDT","5/3/2018 1:39:41 PM EDT","5/3/2018 1:37:16 PM EDT","jdenisseg@gmail.com"
"Please DocuSign your Prepared & ASI  insurance documents.- (786)521-3342 | 00744010 | SB","Completed","Jennifer Garcia","Completed","5/3/2018 1:15:44 PM EDT","5/3/2018 1:39:41 PM EDT","5/3/2018 1:39:06 PM EDT","5/3/2018 1:39:41 PM EDT","5/3/2018 1:39:41 PM EDT","jdenisseg@gmail.com"
"Please DocuSign your BASS insurance documents.-(360)608-3622 | 00743742 | LR JK","Delivered","Virginia Vinson","Delivered","5/3/2018 1:07:13 PM EDT","","5/3/2018 1:12:50 PM EDT","","","ginnyvinson1@comcast.net"
"Please DocuSign your UPCIC insurance documents.-(954)632-0539| 00736563 | LR","Sent","Nicholas Pacheco","Sent","5/3/2018 12:54:53 PM EDT","","","","","n_pacheco@outlook.com"
"Please DocuSign Cancellation request form.-(720)947-9476| 00736353 | LR","Completed","Charlotte Sullivan","Completed","5/3/2018 12:49:11 PM EDT","5/3/2018 5:50:07 PM EDT","5/3/2018 5:49:00 PM EDT","5/3/2018 5:50:07 PM EDT","5/3/2018 5:50:07 PM EDT","ceo5sullivan@gmail.com"
"Please DocuSign your Velocity insurance documents.-(787)341-2585 | 00743995 | SB","Completed","Roseina Merced","Completed","5/3/2018 12:44:10 PM EDT","5/3/2018 3:06:07 PM EDT","5/3/2018 3:03:48 PM EDT","5/3/2018 3:06:07 PM EDT","5/3/2018 3:06:07 PM EDT","Midoris2@hotmail.com"
"Please DocuSign your Bass insurance documents.- (631)521-3863| 00735489 | LU BB","Completed","Wayne Bunting","Completed","5/3/2018 12:25:19 PM EDT","5/3/2018 8:53:32 PM EDT","5/3/2018 8:46:38 PM EDT","5/3/2018 8:53:32 PM EDT","5/3/2018 8:53:32 PM EDT","Junkman46@optonline.net"
"Please DocuSign your UPCIC insurance documents.-(425)628-3517| 00729635 | LR","Completed","Mario  Faria","Completed","5/3/2018 11:17:15 AM EDT","5/3/2018 1:02:12 PM EDT","5/3/2018 1:01:03 PM EDT","5/3/2018 1:02:12 PM EDT","5/3/2018 1:02:12 PM EDT","fariamario@gmail.com"
"Please DocuSign your Wind Mitigation inspection.-(561)667-1567| 00741265 | SB","Completed","Deborah Moisam","Completed","5/3/2018 10:55:36 AM EDT","5/3/2018 11:31:33 AM EDT","5/3/2018 11:29:28 AM EDT","5/3/2018 11:31:33 AM EDT","5/3/2018 11:31:33 AM EDT","belongtoyou@hotmail.com"
"Please DocuSign your UPCIC insurance documents.-(617)818-8763| 00573125 | SB","Sent","JULIAN  CASSANETTI","Sent","5/3/2018 10:32:07 AM EDT","","","","","8julian8@gmail.com"
"Please DocuSign your UPC insurance documents.-(407)267-0936 | 00743891 |  SB","Completed","Tessa J Carballo","Completed","5/3/2018 10:23:34 AM EDT","5/3/2018 10:50:26 AM EDT","5/3/2018 10:48:53 AM EDT","5/3/2018 10:50:26 AM EDT","5/3/2018 10:50:26 AM EDT","tessacarballo@icloud.com"
"Please DocuSign your new ASI flood insurance application.-(561)358-1557| 00131266 |LU","Sent","Robinson Charles","Sent","5/3/2018 10:20:53 AM EDT","","","","","CHAZ3120@GMAIL.COM"
"Please DocuSign your BASS insurance documents.-(803)603-5567| 00743918 |  LR BB","Completed","Gladys Wilson","Completed","5/3/2018 10:15:06 AM EDT","5/3/2018 4:02:45 PM EDT","5/3/2018 3:59:00 PM EDT","5/3/2018 4:02:45 PM EDT","5/3/2018 4:02:45 PM EDT","belllw@att.net"
"Please DocuSign Cancellation request form.-(508)476-3900 | 00740332 |  VO","Completed","Harold Davis","Completed","5/3/2018 9:55:19 AM EDT","5/3/2018 4:16:50 PM EDT","5/3/2018 10:18:35 AM EDT","5/3/2018 4:17:35 PM EDT","5/3/2018 4:16:50 PM EDT","need@govincentives.com"
"Please DocuSign Cancellation request form.-(508)476-3900 | 00740332 |  VO","Completed","Alida Davis","Completed","5/3/2018 9:55:19 AM EDT","5/3/2018 4:17:35 PM EDT","5/3/2018 4:17:24 PM EDT","5/3/2018 4:17:35 PM EDT","5/3/2018 4:17:35 PM EDT","need@govincentives.com"
"Please DocuSign your home insurance documents.-(954)279-5168  | 00743808 | ST VO","Delivered","Zandra Ricketts","Delivered","5/3/2018 3:03:35 AM EDT","","5/3/2018 7:59:04 AM EDT","","","tinyz31@gmail.com"
"Please DocuSign your home insurance documents.-(502)645-8684  | 00083497 |  LR MO","Sent","Pamela Raque","Sent","5/3/2018 2:53:11 AM EDT","","","","","pamraque12@gmail.com"
"Please DocuSign your home insurance documents.-(305)725-4804  | 00464754 |  LR","Sent","Bernette Simpson","Sent","5/3/2018 2:46:07 AM EDT","","","","","bballeynesimpson@aol.com"
"Please DocuSign your home insurance documents.-(561)777-3916   | 00742475 |  LR","Sent","Frank Malafronte","Delivered","5/3/2018 2:39:17 AM EDT","","5/3/2018 10:22:18 AM EDT","","","kbymali11@gmail.com"
"Please DocuSign your home insurance documents.-(561)777-3916   | 00742475 |  LR","Sent","Kimberlee Ybarra","Sent","5/3/2018 2:39:17 AM EDT","","","","","kbymali11@gmail.com"
"...Please DocuSign your home insurance documents.- (772)634-5996   | 00597288 | LR VO","Sent","Sherryl Snyder","Sent","5/3/2018 2:33:35 AM EDT","","","","","blazeyboyrecliner@yahoo.com"
": Please DocuSign your home insurance documents.-(954)907-1286  | 00743374 | LR","Sent","Jovanny Lopez","Sent","5/3/2018 2:24:26 AM EDT","","","","","jovy9111@gmail.com"
"Please DocuSign: NVH-0004478 Inspection Letter.-(954)608-2280| 00723119 | LR","Sent","Juliane Da Silva","Sent","5/2/2018 5:07:51 PM EDT","","","","","max@baolasolas.com"
"Please DocuSign your Allrisks insurance documents.-(386)232-0299 | 00736396 | LR","Sent","Rautenberg, George","Sent","5/2/2018 4:52:42 PM EDT","","","","","george@rautenberg.biz"
"Please DocuSign your Acknowledgement form (305)319-1421 | 00743401 | LU","Completed","John Eason","Completed","5/2/2018 1:50:02 PM EDT","5/2/2018 6:41:20 PM EDT","5/2/2018 6:39:56 PM EDT","5/2/2018 6:41:20 PM EDT","5/2/2018 6:41:20 PM EDT","dje71864@bellsouth.net"
"Please DocuSign your BASS insurance documents.-(512)552-8176| 00731607 | LR DR","Completed","JUAN CARLOS OROZCO","Completed","5/2/2018 1:09:45 PM EDT","5/3/2018 2:56:41 PM EDT","5/3/2018 2:55:47 PM EDT","5/3/2018 2:56:41 PM EDT","5/3/2018 2:56:41 PM EDT","misterorozco@yahoo.com"
"Please DocuSign your UPCIC insurance documents.-(617)335-7852| 00743663 | SB","Sent","ERIC  KETO","Sent","5/2/2018 1:02:20 PM EDT","","","","","ericketo@gmail.com"
"Please DocuSign your UPCIC insurance documents.-(617)335-7852| 00743663 | SB","Sent","JIAN  GAO","Sent","5/2/2018 1:02:20 PM EDT","","","","","ericketo@gmail.com"
"Please DocuSign your UPCIC insurance documents.-(863)662-4906| 00743634 | LR","Sent","Linda  Heffintrayer","Sent","5/2/2018 12:54:11 PM EDT","","","","","lhlpn91@yahoo.com"
"Please DocuSign your BASS insurance documents.-(561)574-6954| 00638805 |  SR BB","Completed","Tropical Gardens Villas Inc.","Completed","5/2/2018 12:48:17 PM EDT","5/2/2018 1:42:12 PM EDT","5/2/2018 1:38:15 PM EDT","5/2/2018 1:42:12 PM EDT","5/2/2018 1:42:12 PM EDT","richardmc31@icloud.com"
"CORRECTED:Please DocuSign your  Seacoast brokers insurance documents.- (954)439-1011| 00743617 | LR","Delivered","Cyndi Freedman","Delivered","5/2/2018 12:45:53 PM EDT","","5/3/2018 11:30:44 AM EDT","","","cyndifree@comcast.net"
"Please DocuSign your Progressive insurance documents.-(561)676-8436  00449285 Manny","Delivered","Lichun Zhang","Delivered","5/2/2018 12:03:30 PM EDT","","5/2/2018 1:00:41 PM EDT","","","chen.m.qi@gmail.com"
"Please DocuSign Statement of No Loss form.-(561)531-0313| 00737023 | JM","Completed","Belinda Cyr","Completed","5/2/2018 12:00:21 PM EDT","5/2/2018 12:06:33 PM EDT","5/2/2018 12:06:09 PM EDT","5/2/2018 12:06:33 PM EDT","5/2/2018 12:06:33 PM EDT","BCYR59@Gmail.com"
"Please DocuSign your Umbrella insurance documents.- pc#21PH935268  Ph#:(917)453-4183 Matt","Completed","Linda Kloner","Completed","5/2/2018 11:36:37 AM EDT","5/2/2018 2:30:16 PM EDT","5/2/2018 12:53:53 PM EDT","5/2/2018 2:30:16 PM EDT","5/2/2018 2:30:16 PM EDT","lskloner@verizon.net"
"Please DocuSign your Allrisks insurance documents.-(321)301-6183| 00738052 |  SR HH","Sent","Elbagoury, Mervat","Sent","5/2/2018 11:16:29 AM EDT","","","","","mervatbagoury1@gmail.com"
"Please DocuSign Cancellation request form.-(305)505-9845| 00737380 | VO","Completed","Janice Munoz","Completed","5/2/2018 10:56:58 AM EDT","5/3/2018 3:26:10 PM EDT","5/3/2018 3:26:02 PM EDT","5/3/2018 3:26:10 PM EDT","5/3/2018 3:26:10 PM EDT","Jmunoz0422@gmail.com"
"Please DocuSign your St. Johns insurance documents.-(561)350-7141| 00738688 | SB","Completed","Xavier Comment","Completed","5/2/2018 10:26:10 AM EDT","5/2/2018 12:52:51 PM EDT","5/2/2018 12:51:36 PM EDT","5/2/2018 12:52:51 PM EDT","5/2/2018 12:52:51 PM EDT","xaviercomment@gmail.com"
"Please DocuSign your UPCIC insurance documents.- ph#:305-560-7583  pc#:1501-1802-1402 LR","Completed","Tara  Philcox","Completed","5/2/2018 10:12:44 AM EDT","5/2/2018 10:43:53 AM EDT","5/2/2018 10:42:19 AM EDT","5/2/2018 10:43:53 AM EDT","5/2/2018 10:43:53 AM EDT","tarabull@gmail.com"
"Please DocuSign your ICAT insurance documents.-(305)319-1421 | 00743401 | LU","Completed","John Eason","Completed","5/2/2018 10:03:09 AM EDT","5/2/2018 10:19:42 AM EDT","5/2/2018 10:10:17 AM EDT","5/2/2018 10:19:42 AM EDT","5/2/2018 10:19:42 AM EDT","dje71864@bellsouth.net"
"Please DocuSign your Velocity insurance documents.-(804)516-6475| 00743384 | LR","Completed","John M Mize","Completed","5/2/2018 9:49:35 AM EDT","5/2/2018 1:52:32 PM EDT","5/2/2018 9:51:42 AM EDT","5/2/2018 1:53:42 PM EDT","5/2/2018 1:52:32 PM EDT","john.mize84@gmail.com"
"Please DocuSign your Velocity insurance documents.-(804)516-6475| 00743384 | LR","Completed","Stephania A Mize","Completed","5/2/2018 9:49:35 AM EDT","5/2/2018 1:53:42 PM EDT","5/2/2018 1:47:09 PM EDT","5/2/2018 1:53:42 PM EDT","5/2/2018 1:53:42 PM EDT","john.mize84@gmail.com"
"Please DocuSign Cancellation request form.-(813)810-8182 | 00742917  VO","Completed","Rodger Wenzlaff","Completed","5/2/2018 9:40:05 AM EDT","5/2/2018 10:11:58 AM EDT","5/2/2018 10:11:42 AM EDT","5/2/2018 10:36:57 AM EDT","5/2/2018 10:11:58 AM EDT","jeanniewenzlaff@gmail.com"
"Please DocuSign Cancellation request form.-(813)810-8182 | 00742917  VO","Completed","Jeannie Wenzlaff","Completed","5/2/2018 9:40:05 AM EDT","5/2/2018 10:36:57 AM EDT","5/2/2018 10:36:38 AM EDT","5/2/2018 10:36:57 AM EDT","5/2/2018 10:36:57 AM EDT","jeanniewenzlaff@gmail.com"
"Please DocuSign Statement of No Loss form.-(561)632-8791| 00095405 | JM","Completed","Vera Dias","Completed","5/1/2018 4:21:22 PM EDT","5/2/2018 6:56:44 AM EDT","5/2/2018 6:55:47 AM EDT","5/2/2018 6:56:44 AM EDT","5/2/2018 6:56:44 AM EDT","vdias2470@gmail.com"
"Please DocuSign Replacement cost estimator form.-(561)676-8842 | 00669309 | KC","Delivered","Robert oliveras","Delivered","5/1/2018 4:00:13 PM EDT","","5/2/2018 9:40:01 AM EDT","","","Oliveras4soccer@gmail.com"
"Please DocuSign your UPCIC insurance documents.-(561)232-8379 | 00743363 |  LR","Completed","Alan  Gitlin","Completed","5/1/2018 2:58:10 PM EDT","5/1/2018 3:04:32 PM EDT","5/1/2018 3:01:02 PM EDT","5/1/2018 3:04:32 PM EDT","5/1/2018 3:04:32 PM EDT","mlgitlin@yahoo.com"
"Please DocuSign Cancellation request form.-(305)461-6678 | 00743291 | VO","Completed","JULIA MENDOZA","Completed","5/1/2018 2:50:28 PM EDT","5/1/2018 4:02:03 PM EDT","5/1/2018 4:01:29 PM EDT","5/1/2018 4:02:03 PM EDT","5/1/2018 4:02:03 PM EDT","julia.mendoza@hotmail.com"
"Please DocuSign your Statement of variance & elevated building form.-(229)200-1589| 00732446 | LR","Completed","Lucas Matthews","Completed","5/1/2018 2:14:36 PM EDT","5/1/2018 2:53:24 PM EDT","5/1/2018 2:51:50 PM EDT","5/1/2018 2:53:24 PM EDT","5/1/2018 2:53:24 PM EDT","lmatthews@tcjackets.net"
"Please DocuSign your Allrisks insurance documents.-(786)440-3596 | 00735592 | LU DR AJ","Sent","Castro, Eduardo","Sent","5/1/2018 2:04:07 PM EDT","","","","","ecastroy@gmail.com"
"Please DocuSign this agent of record form.-MCabrera","Completed","Martin E Jennings","Completed","5/1/2018 1:28:29 PM EDT","5/1/2018 1:36:01 PM EDT","5/1/2018 1:35:17 PM EDT","5/1/2018 1:36:01 PM EDT","5/1/2018 1:36:01 PM EDT","mjennings@toweroptical.com"
"Please DocuSign your Florida specialty insurance documents.-(207)944-3400 | 00743274 |  LR","Completed","Sharon  Stover","Completed","5/1/2018 1:22:23 PM EDT","5/1/2018 1:39:13 PM EDT","5/1/2018 1:25:56 PM EDT","5/1/2018 1:39:13 PM EDT","5/1/2018 1:39:13 PM EDT","Sharonstover27@gmail.com"
"Please DocuSign your Edison insurance documents.-(305)461-6678| 00743291 | SB","Completed","JULIA MENDOZA","Completed","5/1/2018 1:09:08 PM EDT","5/1/2018 1:38:30 PM EDT","5/1/2018 1:28:31 PM EDT","5/1/2018 1:38:30 PM EDT","5/1/2018 1:38:30 PM EDT","julia.mendoza@hotmail.com"
"Please DocuSign your Velocity insurance documents.-(561)537-1613| 00668776 | LR VO","Delivered","Christopher Rodriguez ","Delivered","5/1/2018 12:48:43 PM EDT","","5/1/2018 9:36:49 PM EDT","","","Melirod47@gmail.com"
"Please DocuSign your Velocity insurance documents.-(561)537-1613| 00668776 | LR VO","Delivered","Melissa Rodriguez ","Completed","5/1/2018 12:48:43 PM EDT","5/1/2018 1:50:15 PM EDT","5/1/2018 1:48:49 PM EDT","","5/1/2018 1:50:15 PM EDT","Melirod47@gmail.com"
"Please DocuSign Cancellation request form.-(631)974-3050| 00742515 | VO","Completed","Frank Macri","Completed","5/1/2018 11:48:19 AM EDT","5/1/2018 1:05:47 PM EDT","5/1/2018 1:02:44 PM EDT","5/1/2018 1:10:13 PM EDT","5/1/2018 1:05:47 PM EDT","rodcon46@aol.com"
"Please DocuSign Cancellation request form.-(631)974-3050| 00742515 | VO","Completed","Emily  Macri","Completed","5/1/2018 11:48:19 AM EDT","5/1/2018 1:10:13 PM EDT","5/1/2018 1:07:46 PM EDT","5/1/2018 1:10:13 PM EDT","5/1/2018 1:10:13 PM EDT","rodcon46@aol.com"
"Please DocuSign your UPC insurance documents.-(407)456-1525 | 00265689 | LR VO","Completed","MARIA AMEZOLA","Completed","5/1/2018 11:29:59 AM EDT","5/1/2018 3:18:43 PM EDT","5/1/2018 3:18:06 PM EDT","5/1/2018 3:20:47 PM EDT","5/1/2018 3:18:43 PM EDT","pdeamezola@me.com"
"Please DocuSign your UPC insurance documents.-(407)456-1525 | 00265689 | LR VO","Completed","Pierre De Amezola","Completed","5/1/2018 11:29:59 AM EDT","5/1/2018 3:20:47 PM EDT","5/1/2018 3:19:09 PM EDT","5/1/2018 3:20:47 PM EDT","5/1/2018 3:20:47 PM EDT","pdeamezola@me.com"
"Please DocuSign your UPCIC insurance documents.-(352)328-1357 | 00739445 | SB","Completed","Erik Montee","Completed","5/1/2018 11:07:51 AM EDT","5/1/2018 4:30:09 PM EDT","5/1/2018 4:27:08 PM EDT","5/1/2018 4:30:09 PM EDT","5/1/2018 4:30:09 PM EDT","erik.montee@gmail.com"
"Please DocuSign your UPCIC insurance documents.-(321)417-2734| 00743186 | LR","Completed","Leticia Velez","Completed","5/1/2018 11:01:44 AM EDT","5/1/2018 12:23:25 PM EDT","5/1/2018 12:18:38 PM EDT","5/1/2018 12:29:11 PM EDT","5/1/2018 12:23:25 PM EDT","velez.leticia7@gmail.com"
"Please DocuSign your UPCIC insurance documents.-(321)417-2734| 00743186 | LR","Completed","Orlando Fernandez","Completed","5/1/2018 11:01:45 AM EDT","5/1/2018 12:29:11 PM EDT","5/1/2018 12:25:47 PM EDT","5/1/2018 12:29:11 PM EDT","5/1/2018 12:29:11 PM EDT","velez.leticia7@gmail.com"
"Please DocuSign your Seacoast insurance documents.-(305)282-7902 | 00743120 | LR JK","Voided","Johnson, Carmen","Delivered","5/1/2018 10:54:00 AM EDT","","5/1/2018 3:46:02 PM EDT","5/2/2018 1:20:43 PM EDT","","robertb@miamidade.gov"
"Please DocuSign your ASPEN insurance documents.-(305)926-0256 | 00743115 | LU JK","Completed","Ana  Sastre","Completed","5/1/2018 10:43:26 AM EDT","5/3/2018 6:15:25 AM EDT","5/3/2018 5:58:55 AM EDT","5/3/2018 6:15:25 AM EDT","5/3/2018 6:15:25 AM EDT","asastre@comcast.net"
"Please DocuSign: NVH-0004371 Inspection Letter.-(305)890-3730| 00722097 | LR","Sent","Lewis, Anthony","Sent","5/1/2018 10:35:30 AM EDT","","","","","anthonyhlewis@aol.com"
"Please DocuSign: HVH-0001735 Inspection Letter.-(754)422-9657 | 00715400 | KC LR","Sent","Hart, Elizabeth","Sent","5/1/2018 10:31:16 AM EDT","","","","","ehart208@gmail.com"
"Please DocuSign your Progressive insurance documents.-(561)676-8436  00449285 Manny","Completed","Lichun Zhang","Completed","5/1/2018 10:27:11 AM EDT","5/2/2018 10:11:34 AM EDT","5/1/2018 10:55:42 AM EDT","5/2/2018 10:11:34 AM EDT","5/2/2018 10:11:34 AM EDT","chen.m.qi@gmail.com"
"Please DocuSign your Heritage property & Casualty insurance documents.-(631)974-3050| 00742515 | SB","Voided","Emily Macri","Sent","5/1/2018 10:15:58 AM EDT","","","5/1/2018 10:18:23 AM EDT","","rodcon46@aol.com"
"Please DocuSign your Heritage property & Casualty insurance documents.-(631)974-3050| 00742515 | SB","Voided","Frank Macri","Sent","5/1/2018 10:15:59 AM EDT","","","5/1/2018 10:18:23 AM EDT","","rodcon46@aol.com"
"Please DocuSign Cancellation request form.-(561)309-2710| 00459353 | VO","Completed","Marisol Cardenas","Completed","5/1/2018 9:37:18 AM EDT","5/1/2018 11:12:39 AM EDT","5/1/2018 11:11:24 AM EDT","5/1/2018 11:13:14 AM EDT","5/1/2018 11:12:39 AM EDT","solita007@hotmail.com"
"Please DocuSign Cancellation request form.-(561)309-2710| 00459353 | VO","Completed","Roberto Rodriguez","Completed","5/1/2018 9:37:19 AM EDT","5/1/2018 11:13:14 AM EDT","5/1/2018 11:13:03 AM EDT","5/1/2018 11:13:14 AM EDT","5/1/2018 11:13:14 AM EDT","solita007@hotmail.com"
"Please DocuSign your Aspen insurance documents.-(954)663-5018| 00738268 | SR JK","Sent","Charles Cross","Sent","5/1/2018 9:21:01 AM EDT","","","","","croandr1@aol.com"
": Please DocuSign your auto insurance documents.-  | 00612222 |   (561)866-5814 LR","Completed","Gregory Torre","Completed","5/1/2018 7:43:09 AM EDT","5/1/2018 9:33:36 AM EDT","5/1/2018 9:28:25 AM EDT","5/1/2018 9:33:36 AM EDT","5/1/2018 9:33:36 AM EDT","gregoryt27@gmail.com"
"Please DocuSign your home insurance documents.-  (786)484-6695    | 00615462 |  LR","Completed","Oliver Kanuty","Completed","5/1/2018 7:25:03 AM EDT","5/1/2018 9:28:19 AM EDT","5/1/2018 9:26:47 AM EDT","5/2/2018 9:24:42 AM EDT","5/1/2018 9:28:19 AM EDT","okanuty@gmail.com"
"Please DocuSign your home insurance documents.-  (786)484-6695    | 00615462 |  LR","Completed","Suzanne Kanuty","Completed","5/1/2018 7:25:03 AM EDT","5/2/2018 9:24:42 AM EDT","5/2/2018 9:24:08 AM EDT","5/2/2018 9:24:42 AM EDT","5/2/2018 9:24:42 AM EDT","okanuty@gmail.com"