"Subject","Status","Recipient Name","Action","Sent On","Completed On","View Date","Status Changed Date","Sign Date","Recipient Email"
"Please DocuSign Statement of No Loss form.-(561)632-8791| 00095405 | JM","Sent","Vera Dias","Sent","5/1/2018 4:21:22 PM EDT","","","","","vdias2470@gmail.com"
"Please DocuSign Replacement cost estimator form.-(561)676-8842 | 00669309 | KC","Sent","Robert oliveras","Sent","5/1/2018 4:00:13 PM EDT","","","","","Oliveras4soccer@gmail.com"
"Please DocuSign your UPCIC insurance documents.-(561)232-8379 | 00743363 |  LR","Completed","Alan  Gitlin","Completed","5/1/2018 2:58:10 PM EDT","5/1/2018 3:04:32 PM EDT","5/1/2018 3:01:02 PM EDT","5/1/2018 3:04:32 PM EDT","5/1/2018 3:04:32 PM EDT","mlgitlin@yahoo.com"
"Please DocuSign Cancellation request form.-(305)461-6678 | 00743291 | VO","Completed","JULIA MENDOZA","Completed","5/1/2018 2:50:28 PM EDT","5/1/2018 4:02:03 PM EDT","5/1/2018 4:01:29 PM EDT","5/1/2018 4:02:03 PM EDT","5/1/2018 4:02:03 PM EDT","julia.mendoza@hotmail.com"
"Please DocuSign your Statement of variance & elevated building form.-(229)200-1589| 00732446 | LR","Completed","Lucas Matthews","Completed","5/1/2018 2:14:36 PM EDT","5/1/2018 2:53:24 PM EDT","5/1/2018 2:51:50 PM EDT","5/1/2018 2:53:24 PM EDT","5/1/2018 2:53:24 PM EDT","lmatthews@tcjackets.net"
"Please DocuSign your Allrisks insurance documents.-(786)440-3596 | 00735592 | LU DR AJ","Sent","Castro, Eduardo","Sent","5/1/2018 2:04:07 PM EDT","","","","","ecastroy@gmail.com"
"Please DocuSign this agent of record form.-MCabrera","Completed","Martin E Jennings","Completed","5/1/2018 1:28:29 PM EDT","5/1/2018 1:36:01 PM EDT","5/1/2018 1:35:17 PM EDT","5/1/2018 1:36:01 PM EDT","5/1/2018 1:36:01 PM EDT","mjennings@toweroptical.com"
"Please DocuSign your Florida specialty insurance documents.-(207)944-3400 | 00743274 |  LR","Completed","Sharon  Stover","Completed","5/1/2018 1:22:23 PM EDT","5/1/2018 1:39:13 PM EDT","5/1/2018 1:25:56 PM EDT","5/1/2018 1:39:13 PM EDT","5/1/2018 1:39:13 PM EDT","Sharonstover27@gmail.com"
"Please DocuSign your Edison insurance documents.-(305)461-6678| 00743291 | SB","Completed","JULIA MENDOZA","Completed","5/1/2018 1:09:08 PM EDT","5/1/2018 1:38:30 PM EDT","5/1/2018 1:28:31 PM EDT","5/1/2018 1:38:30 PM EDT","5/1/2018 1:38:30 PM EDT","julia.mendoza@hotmail.com"
"Please DocuSign your Velocity insurance documents.-(561)537-1613| 00668776 | LR VO","Delivered","Christopher Rodriguez ","Delivered","5/1/2018 12:48:43 PM EDT","","5/1/2018 9:36:49 PM EDT","","","Melirod47@gmail.com"
"Please DocuSign your Velocity insurance documents.-(561)537-1613| 00668776 | LR VO","Delivered","Melissa Rodriguez ","Completed","5/1/2018 12:48:43 PM EDT","5/1/2018 1:50:15 PM EDT","5/1/2018 1:48:49 PM EDT","","5/1/2018 1:50:15 PM EDT","Melirod47@gmail.com"
"Please DocuSign Cancellation request form.-(631)974-3050| 00742515 | VO","Completed","Frank Macri","Completed","5/1/2018 11:48:19 AM EDT","5/1/2018 1:05:47 PM EDT","5/1/2018 1:02:44 PM EDT","5/1/2018 1:10:13 PM EDT","5/1/2018 1:05:47 PM EDT","rodcon46@aol.com"
"Please DocuSign Cancellation request form.-(631)974-3050| 00742515 | VO","Completed","Emily  Macri","Completed","5/1/2018 11:48:19 AM EDT","5/1/2018 1:10:13 PM EDT","5/1/2018 1:07:46 PM EDT","5/1/2018 1:10:13 PM EDT","5/1/2018 1:10:13 PM EDT","rodcon46@aol.com"
"Please DocuSign your UPC insurance documents.-(407)456-1525 | 00265689 | LR VO","Completed","MARIA AMEZOLA","Completed","5/1/2018 11:29:59 AM EDT","5/1/2018 3:18:43 PM EDT","5/1/2018 3:18:06 PM EDT","5/1/2018 3:20:47 PM EDT","5/1/2018 3:18:43 PM EDT","pdeamezola@me.com"
"Please DocuSign your UPC insurance documents.-(407)456-1525 | 00265689 | LR VO","Completed","Pierre De Amezola","Completed","5/1/2018 11:29:59 AM EDT","5/1/2018 3:20:47 PM EDT","5/1/2018 3:19:09 PM EDT","5/1/2018 3:20:47 PM EDT","5/1/2018 3:20:47 PM EDT","pdeamezola@me.com"
"Please DocuSign your UPCIC insurance documents.-(352)328-1357 | 00739445 | SB","Completed","Erik Montee","Completed","5/1/2018 11:07:51 AM EDT","5/1/2018 4:30:09 PM EDT","5/1/2018 4:27:08 PM EDT","5/1/2018 4:30:09 PM EDT","5/1/2018 4:30:09 PM EDT","erik.montee@gmail.com"
"Please DocuSign your UPCIC insurance documents.-(321)417-2734| 00743186 | LR","Completed","Leticia Velez","Completed","5/1/2018 11:01:44 AM EDT","5/1/2018 12:23:25 PM EDT","5/1/2018 12:18:38 PM EDT","5/1/2018 12:29:11 PM EDT","5/1/2018 12:23:25 PM EDT","velez.leticia7@gmail.com"
"Please DocuSign your UPCIC insurance documents.-(321)417-2734| 00743186 | LR","Completed","Orlando Fernandez","Completed","5/1/2018 11:01:45 AM EDT","5/1/2018 12:29:11 PM EDT","5/1/2018 12:25:47 PM EDT","5/1/2018 12:29:11 PM EDT","5/1/2018 12:29:11 PM EDT","velez.leticia7@gmail.com"
"Please DocuSign your Seacoast insurance documents.-(305)282-7902 | 00743120 | LR JK","Delivered","Johnson, Carmen","Delivered","5/1/2018 10:54:00 AM EDT","","5/1/2018 3:46:02 PM EDT","","","robertb@miamidade.gov"
"Please DocuSign your ASPEN insurance documents.-(305)926-0256 | 00743115 | LU JK","Sent","Ana  Sastre","Sent","5/1/2018 10:43:26 AM EDT","","","","","asastre@comcast.net"
"Please DocuSign: NVH-0004371 Inspection Letter.-(305)890-3730| 00722097 | LR","Sent","Lewis, Anthony","Sent","5/1/2018 10:35:30 AM EDT","","","","","anthonyhlewis@aol.com"
"Please DocuSign: HVH-0001735 Inspection Letter.-(754)422-9657 | 00715400 | KC LR","Sent","Hart, Elizabeth","Sent","5/1/2018 10:31:16 AM EDT","","","","","ehart208@gmail.com"
"Please DocuSign your Progressive insurance documents.-(561)676-8436  00449285 Manny","Delivered","Lichun Zhang","Delivered","5/1/2018 10:27:11 AM EDT","","5/1/2018 10:55:42 AM EDT","","","chen.m.qi@gmail.com"
"Please DocuSign your Heritage property & Casualty insurance documents.-(631)974-3050| 00742515 | SB","Voided","Emily Macri","Sent","5/1/2018 10:15:58 AM EDT","","","5/1/2018 10:18:23 AM EDT","","rodcon46@aol.com"
"Please DocuSign your Heritage property & Casualty insurance documents.-(631)974-3050| 00742515 | SB","Voided","Frank Macri","Sent","5/1/2018 10:15:59 AM EDT","","","5/1/2018 10:18:23 AM EDT","","rodcon46@aol.com"
"Please DocuSign Cancellation request form.-(561)309-2710| 00459353 | VO","Completed","Marisol Cardenas","Completed","5/1/2018 9:37:18 AM EDT","5/1/2018 11:12:39 AM EDT","5/1/2018 11:11:24 AM EDT","5/1/2018 11:13:14 AM EDT","5/1/2018 11:12:39 AM EDT","solita007@hotmail.com"
"Please DocuSign Cancellation request form.-(561)309-2710| 00459353 | VO","Completed","Roberto Rodriguez","Completed","5/1/2018 9:37:19 AM EDT","5/1/2018 11:13:14 AM EDT","5/1/2018 11:13:03 AM EDT","5/1/2018 11:13:14 AM EDT","5/1/2018 11:13:14 AM EDT","solita007@hotmail.com"
"Please DocuSign your Aspen insurance documents.-(954)663-5018| 00738268 | SR JK","Sent","Charles Cross","Sent","5/1/2018 9:21:01 AM EDT","","","","","croandr1@aol.com"
": Please DocuSign your auto insurance documents.-  | 00612222 |   (561)866-5814 LR","Completed","Gregory Torre","Completed","5/1/2018 7:43:09 AM EDT","5/1/2018 9:33:36 AM EDT","5/1/2018 9:28:25 AM EDT","5/1/2018 9:33:36 AM EDT","5/1/2018 9:33:36 AM EDT","gregoryt27@gmail.com"
"Please DocuSign your home insurance documents.-  (786)484-6695    | 00615462 |  LR","Sent","suzanne Kanuty","Sent","5/1/2018 7:25:03 AM EDT","","","","","okanuty@gmail.com"
"Please DocuSign your home insurance documents.-  (786)484-6695    | 00615462 |  LR","Sent","Oliver Kanuty","Completed","5/1/2018 7:25:03 AM EDT","5/1/2018 9:28:19 AM EDT","5/1/2018 9:26:47 AM EDT","","5/1/2018 9:28:19 AM EDT","okanuty@gmail.com"