"Subject","Status","Recipient Name","Action","Sent On","Completed On","View Date","Status Changed Date","Sign Date","Recipient Email"
"Please DocuSign your Allrisks insurance documents.-(407)758-2186| 00757997 |  LP","Completed","Patricia Mostafa","Completed","8/14/2018 4:55:22 PM EDT","8/14/2018 5:03:25 PM EDT","8/14/2018 5:02:14 PM EDT","8/14/2018 5:03:25 PM EDT","8/14/2018 5:03:25 PM EDT","pmostafajuiceplus@gmail.com"
"Please DocuSign your Velocity insurance documents.-(954)370-9915 | 00761096 | LP","Sent","Adriana Villalon Antunano","Sent","8/14/2018 4:43:39 PM EDT","","","","","avillalon65@yahoo.com"
"Please DocuSign your Bass insurance documents.-(315)706-2149| 00745880 |  LR BB","Sent","Eliran Halliva","Sent","8/14/2018 11:40:12 AM EDT","","","","","viabellainc@gmail.com"
"Please DocuSign this policy change request.-(754)244-4489| 00743291 | LR","Completed","Julia Mendoza","Completed","8/14/2018 11:37:48 AM EDT","8/14/2018 2:04:50 PM EDT","8/14/2018 2:04:22 PM EDT","8/14/2018 2:04:50 PM EDT","8/14/2018 2:04:50 PM EDT","julia.mendoza@hotmail.com"
"Please DocuSign your Aspen insurance documents.-(781)738-5902| 00740391 | LR VO","Completed","Anthony Gilberti","Completed","8/14/2018 10:47:59 AM EDT","8/14/2018 11:43:50 AM EDT","8/14/2018 11:42:47 AM EDT","8/14/2018 11:50:51 AM EDT","8/14/2018 11:43:50 AM EDT","apg126@msn.com"
"Please DocuSign your Aspen insurance documents.-(781)738-5902| 00740391 | LR VO","Completed","Jane Gilberti","Completed","8/14/2018 10:47:59 AM EDT","8/14/2018 11:50:51 AM EDT","8/14/2018 11:48:38 AM EDT","8/14/2018 11:50:51 AM EDT","8/14/2018 11:50:51 AM EDT","jane_gilberti@yahoo.com"
"Please DocuSign your home insurance documents.- ph#;9546824916 LR BB","Sent","Walter Ulloa","Sent","8/14/2018 10:13:33 AM EDT","","","","","walterul@aol.com"
"Please DocuSign your Velocity insurance documents.-(321)412-8680 | 00768250 | LR VO","Sent","Kimberly Beggs","Sent","8/14/2018 9:58:14 AM EDT","","","","","kimmie1167@aol.com"
"New:Please DocuSign Cancellation request form.-(561)598-4093| 00764261 | VO","Completed","MIGUEL DIAZ","Completed","8/14/2018 8:50:32 AM EDT","8/14/2018 10:13:25 AM EDT","8/14/2018 10:12:19 AM EDT","8/14/2018 10:13:25 AM EDT","8/14/2018 10:13:25 AM EDT","mdiaz1211@gmail.com"
"Please DocuSign your Velocity insurance documents.-(954)861-8232 | 00764462 | LP","Delivered","Tracey Ann","Delivered","8/13/2018 4:27:04 PM EDT","","8/13/2018 9:32:04 PM EDT","","","yvbrown3@gmail.com"
"Please DocuSign your Velocity insurance documents.-(954)861-8232 | 00764462 | LP","Delivered","Yvonne Brown","Completed","8/13/2018 4:27:04 PM EDT","8/13/2018 9:18:15 PM EDT","8/13/2018 9:16:20 PM EDT","","8/13/2018 9:18:15 PM EDT","yvbrown3@gmail.com"
"Please DocuSign your certificate of condition(305)588-7520| 00738669 | LR BB","Delivered","Santiago Bravo","Delivered","8/13/2018 2:25:12 PM EDT","","8/14/2018 9:22:12 AM EDT","","","Saskia_fiallos@hotmail.com"
"Please DocuSign your certificate of condition(305)588-7520| 00738669 | LR BB","Delivered","Saskia Fiallos","Completed","8/13/2018 2:25:12 PM EDT","8/14/2018 9:23:25 AM EDT","8/13/2018 4:06:35 PM EDT","","8/14/2018 9:23:25 AM EDT","Saskia_fiallos@hotmail.com"
"Please DocuSign your new flood insurance application.-(954)907-5727 | 00763602 | LP","Completed","CYRIL G GUERRA JR.","Completed","8/13/2018 1:53:45 PM EDT","8/13/2018 2:05:00 PM EDT","8/13/2018 2:02:35 PM EDT","8/13/2018 2:05:00 PM EDT","8/13/2018 2:05:00 PM EDT","cyrilgguerrajr@gmail.com"
"Please DocuSign Cancellation request form.-(561)602-1417 | 00449741 | VO","Completed","Brittany Chavez","Completed","8/13/2018 11:31:24 AM EDT","8/13/2018 11:39:11 AM EDT","8/13/2018 11:37:55 AM EDT","8/13/2018 11:39:11 AM EDT","8/13/2018 11:39:11 AM EDT","bchavez03@yahoo.com"
"Please DocuSign your Bass insurance documents.-(407)342-4225| 00768009 | LR JK","Completed","Marsha Ergle","Completed","8/13/2018 11:08:00 AM EDT","8/14/2018 9:25:23 AM EDT","8/14/2018 9:23:44 AM EDT","8/14/2018 9:25:23 AM EDT","8/14/2018 9:25:23 AM EDT","mergle@aol.com"
"Please DocuSign this policy change request & No loss.-(305)542-9612| 00676057 | LR","Completed","ELENA DE ROSSI","Completed","8/13/2018 10:43:48 AM EDT","8/14/2018 1:13:17 PM EDT","8/14/2018 1:12:33 PM EDT","8/14/2018 1:13:17 PM EDT","8/14/2018 1:13:17 PM EDT","elederossi@hotmail.com"
"Please DocuSign Cancellation request form.-(802)316-0508| 00427635 | VO","Completed","Kristian Carlson","Completed","8/10/2018 2:55:52 PM EDT","8/10/2018 3:41:05 PM EDT","8/10/2018 3:40:16 PM EDT","8/10/2018 3:41:28 PM EDT","8/10/2018 3:41:05 PM EDT","kcarlson@lcgdiscovery.com"
"Please DocuSign Cancellation request form.-(802)316-0508| 00427635 | VO","Completed","Amy Wieland-Carlson","Completed","8/10/2018 2:55:52 PM EDT","8/10/2018 3:41:28 PM EDT","8/10/2018 3:41:24 PM EDT","8/10/2018 3:41:28 PM EDT","8/10/2018 3:41:28 PM EDT","kcarlson@lcgdiscovery.com"
"Please DocuSign your UPCIC insurance documents.-(786)599-8018| 00268587 |  LP VO","Completed","Shirley Verde","Completed","8/10/2018 2:14:16 PM EDT","8/12/2018 12:43:10 PM EDT","8/12/2018 12:42:15 PM EDT","8/12/2018 12:43:10 PM EDT","8/12/2018 12:43:10 PM EDT","shirleyverde84@gmail.com"
"Please DocuSign your Velocity insurance documents.-(954)643-4831| 00761075 | LP","Delivered","Bruno Iarussi","Delivered","8/10/2018 1:56:55 PM EDT","","8/10/2018 2:56:31 PM EDT","","","iarussi30@hotmail.com"
"Please DocuSign: NVH-0005239 Inspection Letter.-(904)704-8660| 00747454 | LR","Sent","White, Shalesia","Sent","8/10/2018 12:32:24 PM EDT","","","","","shalesia.white@yahoo.com"
"Please DocuSign your Windmitigation insurance documents.-(954)630-6512| 00371503 | KC","Sent","Karikot Cherian","Sent","8/10/2018 12:12:49 PM EDT","","","","","achammacherian@gmail.com"
"Please DocuSign your UPCIC insurance documents.-(609)312-6274 | 00604307 | LR","Completed","John Hansen","Completed","8/10/2018 11:16:39 AM EDT","8/13/2018 7:24:41 AM EDT","8/13/2018 7:23:33 AM EDT","8/13/2018 7:24:41 AM EDT","8/13/2018 7:24:41 AM EDT","johnhnsn86@gmail.com"
"Please DocuSign: CLF-0004599 Inspection Letter.-(386)884-9938| 00737134 | LR","Sent","Martin, Gayle","Sent","8/10/2018 11:05:41 AM EDT","","","","","Billypilgrim465@yahoo.com"
"Please DocuSign your TH insurance documents.-(561)542-7097 | 00753475 |  AG","Sent","Ginette Janac","Sent","8/10/2018 11:03:52 AM EDT","","","","","marcelycivilma@yahoo.com"
"Please DocuSign your TH insurance documents.-(561)542-7097 | 00753475 |  AG","Sent","Marcely  Civilma","Sent","8/10/2018 11:03:51 AM EDT","","","","","marcelycivilma@yahoo.com"
"NEW: Please DocuSign your BASS insurance documents.-(218)849-2618 | 00738839 | LR BB","Completed","Mark Fingalson","Completed","8/10/2018 11:02:02 AM EDT","8/12/2018 10:02:45 AM EDT","8/12/2018 10:01:10 AM EDT","8/12/2018 10:02:45 AM EDT","8/12/2018 10:02:45 AM EDT","wenttodive@yahoo.com"
"Please DocuSign your Allrisk insurance documents.-(954)530-1285 | 00759537 | LR DR","Sent","Riley, Paul","Sent","8/10/2018 11:00:58 AM EDT","","","","","parbreaks@gmail.com"
"Please DocuSign your Capitol Preferred insurance documents.-(561)737-4656| 00124401 | LU","Sent","JULIO ABREU","Sent","8/10/2018 10:59:46 AM EDT","","","","","Abreuj2@gmail.com"
"Please DocuSign your Bass  insurance documents.-(786)260-1978| 00752854 | LU DR","Sent","Casey Thomas","Sent","8/10/2018 10:58:50 AM EDT","","","","","CASEYB10177@GMAIL.COM"
"Please DocuSign: SPH-0000139 Inspection Letter.-(786)213-6358 | 00752828 |  LR","Completed","Hollaway, Viandes","Completed","8/10/2018 10:57:13 AM EDT","8/10/2018 10:32:47 PM EDT","8/10/2018 3:54:55 PM EDT","8/10/2018 10:32:47 PM EDT","8/10/2018 10:32:47 PM EDT","vcage1@att.net"
"Please DocuSign your new ASI flood insurance application.-(561)516-4343 | 00766654 |  LR","Completed","Jennifer Brewer","Completed","8/10/2018 10:33:25 AM EDT","8/14/2018 4:39:29 PM EDT","8/14/2018 4:38:58 PM EDT","8/14/2018 4:39:29 PM EDT","8/14/2018 4:39:29 PM EDT","brewer_2@comcast.net"
"Please DocuSign your Bass  insurance documents.-(954)563-7008| 00767573 | LR BB","Completed","Clinton VanDerPool","Completed","8/10/2018 10:02:11 AM EDT","8/10/2018 10:36:28 AM EDT","8/10/2018 10:09:48 AM EDT","8/10/2018 10:36:28 AM EDT","8/10/2018 10:36:28 AM EDT","clinton.vanderpool@gmail.com"
"Please DocuSign your People's Trust insurance documents.-(305)790-4738| 00593220 | LR","Completed","Burgio, Mauro","Completed","8/10/2018 9:55:40 AM EDT","8/10/2018 5:57:57 PM EDT","8/10/2018 10:23:16 AM EDT","8/10/2018 5:59:41 PM EDT","8/10/2018 5:57:57 PM EDT","projects@forsitebuilders.com"
"Please DocuSign your People's Trust insurance documents.-(305)790-4738| 00593220 | LR","Completed","Burgio, Alesya","Completed","8/10/2018 9:55:41 AM EDT","8/10/2018 5:59:41 PM EDT","8/10/2018 5:59:09 PM EDT","8/10/2018 5:59:41 PM EDT","8/10/2018 5:59:41 PM EDT","projects@forsitebuilders.com"
"Please DocuSign Cancellation request form.-(631)289-4490| 00764379 | VO","Completed","Jackie Zahralban","Completed","8/10/2018 9:21:27 AM EDT","8/10/2018 3:13:39 PM EDT","8/10/2018 3:13:25 PM EDT","8/10/2018 3:14:57 PM EDT","8/10/2018 3:13:39 PM EDT","rz50@aol.com"
"Please DocuSign Cancellation request form.-(631)289-4490| 00764379 | VO","Completed","Raymond Zahralban","Completed","8/10/2018 9:21:26 AM EDT","8/10/2018 3:14:57 PM EDT","8/10/2018 3:14:46 PM EDT","8/10/2018 3:14:57 PM EDT","8/10/2018 3:14:57 PM EDT","rz50@aol.com"
"Please DocuSign your St. Johns insurance documents.-(305)632-2974 | 00767485 | LP VO","Completed","Linda K Kendal","Completed","8/9/2018 4:23:59 PM EDT","8/9/2018 5:18:44 PM EDT","8/9/2018 4:44:40 PM EDT","8/9/2018 5:23:45 PM EDT","8/9/2018 5:18:44 PM EDT","wkendal@yahoo.com"
"Please DocuSign your St. Johns insurance documents.-(305)632-2974 | 00767485 | LP VO","Completed","William W Kendal","Completed","8/9/2018 4:23:59 PM EDT","8/9/2018 5:23:45 PM EDT","8/9/2018 5:19:39 PM EDT","8/9/2018 5:23:45 PM EDT","8/9/2018 5:23:45 PM EDT","wkendal@yahoo.com"
"Please DocuSign your Safeco insurance documents.-(423)309-3283| 00750478 | LU","Completed","Erika Juntunen","Completed","8/9/2018 1:51:55 PM EDT","8/9/2018 2:06:21 PM EDT","8/9/2018 2:05:42 PM EDT","8/9/2018 2:06:21 PM EDT","8/9/2018 2:06:21 PM EDT","bttrflygl79@aol.com"
"Please DocuSign your Olympus insurance documents.-(561)531-6649 | 00729044 | LP","Completed","Louise Bissonnette","Completed","8/9/2018 11:48:18 AM EDT","8/14/2018 10:14:50 AM EDT","8/9/2018 9:56:52 PM EDT","8/14/2018 10:14:50 AM EDT","8/14/2018 10:14:50 AM EDT","loub61@mail.com"
"Please DocuSign your Velocity insurance documents.-(954)639-3370| 00764499 | LP","Sent","Donett Wallace","Sent","8/9/2018 10:02:29 AM EDT","","","","","donnettangela@yahoo.com"
"NEW:Please DocuSign your Florida Speciality  insurance documents.-(508)680-4609| 00751496 | LP","Completed","Dwight Channer","Completed","8/9/2018 10:01:17 AM EDT","8/13/2018 6:03:16 AM EDT","8/13/2018 5:57:01 AM EDT","8/13/2018 6:03:16 AM EDT","8/13/2018 6:03:16 AM EDT","dchanner16@hotmail.com"
"Please DocuSign your new ASI flood insurance application.-(305)793-9103| 00592124 | LP","Completed","Ricardo Juliao","Completed","8/9/2018 9:31:45 AM EDT","8/11/2018 1:29:16 PM EDT","8/11/2018 1:28:40 PM EDT","8/11/2018 1:29:16 PM EDT","8/11/2018 1:29:16 PM EDT","rickjuliao@att.net"
"Please DocuSign your Bass insurance documents.-(786)213-6358| 00754965 | LP DR","Completed","Zepperine Bell","Completed","8/9/2018 9:26:40 AM EDT","8/10/2018 10:40:52 PM EDT","8/10/2018 10:38:33 PM EDT","8/10/2018 10:40:52 PM EDT","8/10/2018 10:40:52 PM EDT","vcage1@att.net"
"Please DocuSign your new ASI flood insurance application.-(561)385-1845| 00404129 | LP","Completed","ANNIS MANNING","Completed","8/9/2018 9:01:56 AM EDT","8/9/2018 9:19:51 AM EDT","8/9/2018 9:19:01 AM EDT","8/9/2018 9:19:51 AM EDT","8/9/2018 9:19:51 AM EDT","chinchbug@bellsouth.net"
"Please DocuSign your ASI Flood insurance documents.-(954)608-2353| 00733200 | LP","Completed","Kathryn Pebanco","Completed","8/9/2018 8:56:37 AM EDT","8/11/2018 10:00:18 PM EDT","8/11/2018 9:55:15 PM EDT","8/11/2018 10:00:18 PM EDT","8/11/2018 10:00:18 PM EDT","kpebanco@gmail.com"
"Please DocuSign Cancellation request form.-(561)309-2686| 00320314 | VO","Completed","Martha Molter","Completed","8/8/2018 4:53:37 PM EDT","8/8/2018 4:59:14 PM EDT","8/8/2018 4:57:30 PM EDT","8/8/2018 4:59:14 PM EDT","8/8/2018 4:59:14 PM EDT","MM9757@gmail.com"
"Please DocuSign your ASI insurance documents.-(631)560-2078| 00101645 | KC","Voided","MICHAEL ROSENTHAL","Sent","8/8/2018 4:22:59 PM EDT","","","8/8/2018 4:30:41 PM EDT","","sanmira@msn.com"
": Please DocuSign your Travelers insurance documents.-(727)350-4051 | 00754908 |  LU","Completed","THERESA SISKIND","Completed","8/8/2018 4:05:39 PM EDT","8/8/2018 7:56:28 PM EDT","8/8/2018 7:51:35 PM EDT","8/8/2018 7:56:28 PM EDT","8/8/2018 7:56:28 PM EDT","siskindtheresa1975@gmail.com"
"Please DocuSign Cancellation request form.-(631)560-2078| 00101645 | VO","Completed","Michael Rosenthal","Completed","8/8/2018 3:50:43 PM EDT","8/8/2018 4:05:20 PM EDT","8/8/2018 4:04:04 PM EDT","8/8/2018 4:05:20 PM EDT","8/8/2018 4:05:20 PM EDT","sanmira@msn.com"
"Please DocuSign this policy change request.-(904)392-4403| 00511676 | VO","Sent","Cinda H Brook","Sent","8/8/2018 3:39:13 PM EDT","","","","","cindabrook2@gmail.com"
"Please DocuSign your Allrisk insurance documents.-(305)219-1406| 00764483 | LP DR","Completed","Yactayo, Juan Jose","Completed","8/8/2018 3:17:16 PM EDT","8/9/2018 8:36:10 PM EDT","8/9/2018 8:19:47 PM EDT","8/9/2018 8:36:10 PM EDT","8/9/2018 8:36:10 PM EDT","jmyactayo@gmail.com"
"Please DocuSign your Velocity insurance documents.-(516)887-4106| 00720754 | LP","Completed","Joel  Wecksell","Completed","8/8/2018 12:22:49 PM EDT","8/8/2018 5:56:00 PM EDT","8/8/2018 5:44:52 PM EDT","8/8/2018 5:59:49 PM EDT","8/8/2018 5:56:00 PM EDT","joel@wecksell.org"
"Please DocuSign your Velocity insurance documents.-(516)887-4106| 00720754 | LP","Completed","Margie  Wecksell","Completed","8/8/2018 12:22:49 PM EDT","8/8/2018 5:59:49 PM EDT","8/8/2018 5:57:58 PM EDT","8/8/2018 5:59:49 PM EDT","8/8/2018 5:59:49 PM EDT","joel@wecksell.org"
"Please DocuSign your Velocity insurance documents.-(239)682-0834| 00618543 | LR","Completed","William Kleinert","Completed","8/8/2018 12:00:22 PM EDT","8/13/2018 12:38:07 PM EDT","8/10/2018 10:18:03 AM EDT","8/13/2018 12:38:07 PM EDT","8/13/2018 12:38:07 PM EDT","bkjk@outlook.com"
"missing ach withdrawal: Please DocuSign Premium Finance form.-(978)397-7877| 00688955 |  AJ","Completed","PREVILUS, MARIE","Completed","8/8/2018 11:47:19 AM EDT","8/9/2018 8:54:40 AM EDT","8/9/2018 8:54:20 AM EDT","8/9/2018 8:54:40 AM EDT","8/9/2018 8:54:40 AM EDT","roseplouis@comcast.net"
"Please DocuSign your Velocity insurance documents.-(561)516-4343| 00766654 | LR","Completed","Jennifer Brewer","Completed","8/8/2018 11:13:10 AM EDT","8/8/2018 2:55:18 PM EDT","8/8/2018 2:50:46 PM EDT","8/8/2018 2:56:06 PM EDT","8/8/2018 2:55:18 PM EDT","brewer_2@comcast.net"
"Please DocuSign your Velocity insurance documents.-(561)516-4343| 00766654 | LR","Completed","Billy Joe Brewer","Completed","8/8/2018 11:13:11 AM EDT","8/8/2018 2:56:06 PM EDT","8/8/2018 2:55:38 PM EDT","8/8/2018 2:56:06 PM EDT","8/8/2018 2:56:06 PM EDT","brewer_2@comcast.net"
"Please DocuSign your UPCIC insurance documents.-(631)704-4613| 00675773 |  LR","Completed","TYLER HUDSON","Completed","8/8/2018 11:05:18 AM EDT","8/10/2018 9:16:48 PM EDT","8/10/2018 9:16:09 PM EDT","8/10/2018 9:16:48 PM EDT","8/10/2018 9:16:48 PM EDT","k01rickyc@yahoo.com"
"Please DocuSign your Seacoast  insurance documents.- ph#(561) 574-6954 pc#:510374 LR BB","Completed","Farguharson, Everly","Completed","8/8/2018 10:45:01 AM EDT","8/8/2018 11:48:41 AM EDT","8/8/2018 10:48:43 AM EDT","8/8/2018 11:48:41 AM EDT","8/8/2018 11:48:41 AM EDT","richardmc31@gmail.com"
"Please DocuSign your Tapco insurance documents.-(561)201-5603| 00765020 | LR BB","Sent","Carmen Abdo","Delivered","8/8/2018 10:30:26 AM EDT","","8/9/2018 8:05:25 AM EDT","","","davmens@gmail.com"
"Please DocuSign your Tapco insurance documents.-(561)201-5603| 00765020 | LR BB","Sent","David Abdo","Sent","8/8/2018 10:30:26 AM EDT","","","","","davmens@gmail.com"
"Please DocuSign your Velocity insurance documents.-(561)331-2424 | 00766556 |  LP","Completed","Burton Dewitt","Completed","8/8/2018 9:35:17 AM EDT","8/8/2018 6:58:29 PM EDT","8/8/2018 6:56:01 PM EDT","8/8/2018 6:59:28 PM EDT","8/8/2018 6:58:29 PM EDT","misterb34986@gmail.com"
"Please DocuSign your Velocity insurance documents.-(561)331-2424 | 00766556 |  LP","Completed","Dayami Dewitt","Completed","8/8/2018 9:35:17 AM EDT","8/8/2018 6:59:28 PM EDT","8/8/2018 6:59:08 PM EDT","8/8/2018 6:59:28 PM EDT","8/8/2018 6:59:28 PM EDT","misterb34986@gmail.com"
"Please DocuSign this policy change request.-(813)447-7304| 00600505 | AG","Completed","Elisabeth Davila","Completed","8/6/2018 5:10:52 PM EDT","8/6/2018 5:46:26 PM EDT","8/6/2018 5:46:06 PM EDT","8/6/2018 5:46:26 PM EDT","8/6/2018 5:46:26 PM EDT","liz20727@yahoo.com"
"Please DocuSign your ASI insurance documents.-(561)504-3151| 00388347 | LU","Completed","ILENE LIBERMAN","Completed","8/6/2018 11:34:50 AM EDT","8/8/2018 11:11:39 AM EDT","8/8/2018 9:49:53 AM EDT","8/8/2018 11:18:28 AM EDT","8/8/2018 11:11:39 AM EDT","pfranco2017@yahoo.com"
"Please DocuSign your ASI insurance documents.-(561)504-3151| 00388347 | LU","Completed","PAUL LIBERMAN","Completed","8/6/2018 11:34:50 AM EDT","8/8/2018 11:18:28 AM EDT","8/8/2018 11:15:51 AM EDT","8/8/2018 11:18:28 AM EDT","8/8/2018 11:18:28 AM EDT","pfranco2017@yahoo.com"
"Please DocuSign Skipjack Premium Finance form.-(978)397-7877| 00688955 |  AJ","Completed","PREVILUS, MARIE","Completed","8/6/2018 11:24:18 AM EDT","8/6/2018 3:46:32 PM EDT","8/6/2018 3:40:06 PM EDT","8/6/2018 3:46:32 PM EDT","8/6/2018 3:46:32 PM EDT","roseplouis@comcast.net"
"Please DocuSign your Bass  insurance documents.-(786)320-4688| 00765952 |  LP DR","Completed","Kameika Daley","Completed","8/6/2018 11:08:03 AM EDT","8/6/2018 3:43:52 PM EDT","8/6/2018 12:23:21 PM EDT","8/6/2018 3:43:52 PM EDT","8/6/2018 3:43:52 PM EDT","kameikakabrown@yahoo.com"
"Please DocuSign your Prepared insurance documents.-(407)353-3053 | 00682890 |  LR VO","Completed","George Mays","Completed","8/6/2018 10:50:07 AM EDT","8/6/2018 11:03:00 AM EDT","8/6/2018 10:58:22 AM EDT","8/6/2018 11:03:00 AM EDT","8/6/2018 11:03:00 AM EDT","Emayssr@aol.com"
"Please DocuSign your UPCIC insurance documents.- pc#:1501-1804-1844 ph#:954-613-7476 LR","Completed","Brandy L Urbine","Completed","8/6/2018 10:22:16 AM EDT","8/7/2018 10:01:58 PM EDT","8/7/2018 10:00:46 PM EDT","8/7/2018 10:03:18 PM EDT","8/7/2018 10:01:58 PM EDT","blurbine@aol.com"
"Please DocuSign your UPCIC insurance documents.- pc#:1501-1804-1844 ph#:954-613-7476 LR","Completed","Richard Geissler","Completed","8/6/2018 10:22:17 AM EDT","8/7/2018 10:03:18 PM EDT","8/7/2018 10:02:27 PM EDT","8/7/2018 10:03:18 PM EDT","8/7/2018 10:03:18 PM EDT","blurbine@aol.com"
"Please DocuSign this policy change request.-(561)777-9893| 00731594 | LR","Completed","Susan Stewart","Completed","8/6/2018 10:09:11 AM EDT","8/6/2018 10:24:59 AM EDT","8/6/2018 10:24:49 AM EDT","8/6/2018 10:24:59 AM EDT","8/6/2018 10:24:59 AM EDT","sustewart56@gmail.com"
"Please DocuSign your Velocity insurance documents.-(305)509-1885| 00765326 |  LR","Completed","John Christopher Bower","Completed","8/6/2018 9:49:18 AM EDT","8/6/2018 10:10:56 AM EDT","8/6/2018 10:04:53 AM EDT","8/6/2018 10:32:59 AM EDT","8/6/2018 10:10:56 AM EDT","fit2themax@yahoo.com"
"Please DocuSign your Velocity insurance documents.-(305)509-1885| 00765326 |  LR","Completed","Brittany Willamson","Completed","8/6/2018 9:49:18 AM EDT","8/6/2018 10:32:59 AM EDT","8/6/2018 10:15:53 AM EDT","8/6/2018 10:32:59 AM EDT","8/6/2018 10:32:59 AM EDT","fit2themax@yahoo.com"
"Please DocuSign your UPCIC insurance documents.-(954)592-4054 | 00766200 |  LU AG","Completed","Chadlee Kennedy","Completed","8/6/2018 9:28:45 AM EDT","8/6/2018 1:40:30 PM EDT","8/6/2018 1:37:21 PM EDT","8/6/2018 2:10:25 PM EDT","8/6/2018 1:40:30 PM EDT","stanley.j.kennedy@gmail.com"
"Please DocuSign your UPCIC insurance documents.-(954)592-4054 | 00766200 |  LU AG","Completed","Stanley Kennedy","Completed","8/6/2018 9:28:45 AM EDT","8/6/2018 2:10:25 PM EDT","8/6/2018 9:34:12 AM EDT","8/6/2018 2:10:25 PM EDT","8/6/2018 2:10:25 PM EDT","stanley.j.kennedy@gmail.com"
"Please DocuSign your UPCIC insurance documents.-(954)918-7828| 00464170 | LP","Completed","Neville Clacken","Completed","8/6/2018 9:16:09 AM EDT","8/6/2018 2:37:55 PM EDT","8/6/2018 2:23:41 PM EDT","8/6/2018 2:37:55 PM EDT","8/6/2018 2:37:55 PM EDT","clackengirls@gmail.com"
"Please DocuSign your Velocity & ASI Flood insurance documents.-(954)695-2724 | 00766160 | LP","Completed","John Thomas","Completed","8/3/2018 4:39:27 PM EDT","8/6/2018 11:41:44 AM EDT","8/6/2018 11:37:37 AM EDT","8/6/2018 12:00:20 PM EDT","8/6/2018 11:41:44 AM EDT","unionsprings4@gmail.com"
"Please DocuSign your Velocity & ASI Flood insurance documents.-(954)695-2724 | 00766160 | LP","Completed","Annie Baldwin Thome","Completed","8/3/2018 4:39:27 PM EDT","8/6/2018 12:00:20 PM EDT","8/6/2018 11:57:00 AM EDT","8/6/2018 12:00:20 PM EDT","8/6/2018 12:00:20 PM EDT","unionsprings4@gmail.com"
"Please DocuSign this policy change request.-(954)421-7434 | 00673078 | LR","Voided","Maryanne Langley","Sent","8/3/2018 4:27:21 PM EDT","","","8/11/2018 12:29:34 AM EDT","","malang007@bellsouth.net"
"Please DocuSign Cancellation request form.-(561)346-6275 | 00263406 | VO","Completed","John Cox","Completed","8/3/2018 4:01:01 PM EDT","8/3/2018 4:39:54 PM EDT","8/3/2018 4:39:09 PM EDT","8/3/2018 4:44:36 PM EDT","8/3/2018 4:39:54 PM EDT","paulmjo@yahoo.com"
"Please DocuSign Cancellation request form.-(561)346-6275 | 00263406 | VO","Completed","Paul M Johnson","Completed","8/3/2018 4:01:01 PM EDT","8/3/2018 4:44:36 PM EDT","8/3/2018 4:42:44 PM EDT","8/3/2018 4:44:36 PM EDT","8/3/2018 4:44:36 PM EDT","paulmjo@yahoo.com"
"Please DocuSign your Tapco insurance documents.-(775)340-4327| 00596020 | LP","Completed","Arlo Swallow","Completed","8/3/2018 2:58:58 PM EDT","8/5/2018 6:38:57 PM EDT","8/5/2018 6:36:34 PM EDT","8/5/2018 6:38:57 PM EDT","8/5/2018 6:38:57 PM EDT","arloswallow@gmail.com"
"Please DocuSign your UPCIC insurance documents.-(786)631-8118| 00766064 | LP","Completed","Demir Tan","Completed","8/3/2018 2:28:16 PM EDT","8/3/2018 2:35:36 PM EDT","8/3/2018 2:34:37 PM EDT","8/3/2018 2:37:31 PM EDT","8/3/2018 2:35:36 PM EDT","demirtan19@gmail.com"
"Please DocuSign your UPCIC insurance documents.-(786)631-8118| 00766064 | LP","Completed","Liana Ibragimova","Completed","8/3/2018 2:28:16 PM EDT","8/3/2018 2:37:31 PM EDT","8/3/2018 2:36:49 PM EDT","8/3/2018 2:37:31 PM EDT","8/3/2018 2:37:31 PM EDT","demirtan19@gmail.com"
"Please DocuSign your Velocity insurance documents.-(215)518-3699 | 00172520 | LP","Completed","Barbara Guiliano","Completed","8/3/2018 1:04:15 PM EDT","8/6/2018 5:17:59 PM EDT","8/4/2018 11:10:39 AM EDT","8/6/2018 5:17:59 PM EDT","8/6/2018 5:17:59 PM EDT","hbgaccts@gmail.com"
"Please DocuSign your Aspen insurance documents.-(561)503-9048| 00186874 |  LR VO","Voided","Maryann Valera","Sent","8/3/2018 10:27:57 AM EDT","","","8/9/2018 12:50:59 PM EDT","","maryannvalera@hotmail.com"
"Please DocuSign Premium Finance Agreement form.-(786)223-0583| 00765875 | AJ","Completed","Enrique Hardouin","Completed","8/3/2018 10:16:19 AM EDT","8/3/2018 10:36:38 AM EDT","8/3/2018 10:33:35 AM EDT","8/3/2018 10:36:38 AM EDT","8/3/2018 10:36:38 AM EDT","jeannette.hardouin@dhl.com"
"Please DocuSign this policy change request.-(718)427-4406| 00745340 | LP","Voided","Gyorgy Vereszki","Delivered","8/3/2018 10:06:45 AM EDT","","8/3/2018 2:37:02 PM EDT","8/11/2018 12:28:57 AM EDT","","vergyurka@yahoo.com"
"CORRECTED: Please DocuSign your ASI Flood insurance documents.-(404)542-2188 | 00445083 | LR","Completed","Tommy Wade","Completed","8/3/2018 9:37:56 AM EDT","8/7/2018 8:38:41 AM EDT","8/3/2018 11:49:54 AM EDT","8/7/2018 8:38:41 AM EDT","8/7/2018 8:38:41 AM EDT","tommy_wade@comcast.net"
"Please DocuSign your Velocity insurance documents.-(954)376-2202| 00765915 | LR VO","Completed","Patrick Burden","Completed","8/3/2018 9:11:34 AM EDT","8/3/2018 12:38:52 PM EDT","8/3/2018 12:32:43 PM EDT","8/3/2018 1:23:02 PM EDT","8/3/2018 12:38:52 PM EDT","fmburden@yahoo.com"
"Please DocuSign your Velocity insurance documents.-(954)376-2202| 00765915 | LR VO","Completed","Feleshia Burden","Completed","8/3/2018 9:11:34 AM EDT","8/3/2018 1:23:02 PM EDT","8/3/2018 12:28:26 PM EDT","8/3/2018 1:23:02 PM EDT","8/3/2018 1:23:02 PM EDT","fmburden@yahoo.com"
"Please DocuSign your Progressive insurance documents.-(561)389-6361| 00140777 | LU VO","Completed","BRUCE A CRANDALL","Completed","8/3/2018 8:48:18 AM EDT","8/3/2018 1:33:04 PM EDT","8/3/2018 1:31:45 PM EDT","8/3/2018 1:35:43 PM EDT","8/3/2018 1:33:04 PM EDT","nonnie12@bellsouth.net"
"Please DocuSign your Progressive insurance documents.-(561)389-6361| 00140777 | LU VO","Completed","Donna I  Crandall","Completed","8/3/2018 8:48:18 AM EDT","8/3/2018 1:35:43 PM EDT","8/3/2018 1:35:22 PM EDT","8/3/2018 1:35:43 PM EDT","8/3/2018 1:35:43 PM EDT","nonnie12@bellsouth.net"
"Please DocuSign your UPCIC insurance documents.- pc#1501-1804-1366 ph#470-304-1965 LR","Completed","James Karasoulis","Completed","8/2/2018 4:41:31 PM EDT","8/2/2018 5:36:01 PM EDT","8/2/2018 5:29:15 PM EDT","8/4/2018 3:09:20 PM EDT","8/2/2018 5:36:01 PM EDT","karasoja12@gmail.com"
"Please DocuSign your UPCIC insurance documents.- pc#1501-1804-1366 ph#470-304-1965 LR","Completed","Glenda Jean Karasoulis","Completed","8/2/2018 4:41:32 PM EDT","8/4/2018 3:09:20 PM EDT","8/4/2018 3:06:58 PM EDT","8/4/2018 3:09:20 PM EDT","8/4/2018 3:09:20 PM EDT","karasoja12@gmail.com"
"Please DocuSign your home insurance documents.-(786)223-0583| 00765875 |  LP","Completed","Enrique Hardouin","Completed","8/2/2018 4:30:28 PM EDT","8/2/2018 4:40:01 PM EDT","8/2/2018 4:37:14 PM EDT","8/2/2018 4:40:01 PM EDT","8/2/2018 4:40:01 PM EDT","jeannette.hardouin@dhl.com"
"Please DocuSign this agent of record form.-(407)804-1591| 00688316 | VO KC","Completed","Francis Breslin","Completed","8/2/2018 4:19:48 PM EDT","8/2/2018 8:17:45 PM EDT","8/2/2018 8:17:25 PM EDT","8/2/2018 8:17:45 PM EDT","8/2/2018 8:17:45 PM EDT","JASPERS56@YAHOO.COM"
"Please DocuSign your Aspen insurance documents.-(954)826-6387 | 00765850 | LR JK","Completed","Jenny Gonzalez","Completed","8/2/2018 4:14:03 PM EDT","8/2/2018 4:29:00 PM EDT","8/2/2018 4:26:05 PM EDT","8/2/2018 4:29:00 PM EDT","8/2/2018 4:29:00 PM EDT","jennygonzalez1105@gmail.com"
"Please DocuSign Cancellation request form.-(941)979-6920| 00696915 |  VO","Completed","George Gunn","Completed","8/2/2018 4:08:02 PM EDT","8/3/2018 9:30:19 AM EDT","8/3/2018 9:29:48 AM EDT","8/3/2018 9:36:22 AM EDT","8/3/2018 9:30:19 AM EDT","Kendra2@aol.com"
"Please DocuSign Cancellation request form.-(941)979-6920| 00696915 |  VO","Completed","Patricia Gunn","Completed","8/2/2018 4:08:02 PM EDT","8/3/2018 9:36:22 AM EDT","8/3/2018 9:35:53 AM EDT","8/3/2018 9:36:22 AM EDT","8/3/2018 9:36:22 AM EDT","Kendra2@aol.com"
"Please DocuSign your UPC insurance documents.-(941)979-6920| 00696915 |  LP","Completed","PATRICIA M GUNN TRUSTEE","Completed","8/2/2018 4:03:02 PM EDT","8/3/2018 9:28:01 AM EDT","8/3/2018 9:24:34 AM EDT","8/3/2018 9:34:56 AM EDT","8/3/2018 9:28:01 AM EDT","Kendra2@aol.com"
"Please DocuSign your UPC insurance documents.-(941)979-6920| 00696915 |  LP","Completed","PATRICIA M GUNN","Completed","8/2/2018 4:03:02 PM EDT","8/3/2018 9:34:56 AM EDT","8/3/2018 9:32:38 AM EDT","8/3/2018 9:34:56 AM EDT","8/3/2018 9:34:56 AM EDT","Kendra2@aol.com"
"Please DocuSign your new Wright flood insurance application.-(301)332-9661| 00693138 | LP","Completed","Eric Franklin","Completed","8/2/2018 3:41:47 PM EDT","8/2/2018 6:12:05 PM EDT","8/2/2018 6:11:24 PM EDT","8/2/2018 6:12:05 PM EDT","8/2/2018 6:12:05 PM EDT","efranklinmd@gmail.com"
"Please DocuSign your Velocity insurance documents.-(954)643-4831| 00761075 | LP","Voided","Bruno Iarussi","Sent","8/2/2018 3:21:10 PM EDT","","","8/10/2018 12:29:21 AM EDT","","iarussi30@hotmail.com"
"NEW: Please DocuSign your new flood insurance application.-(772)538-6677| 00602686 |  LP","Voided","Taylor De Laney","Sent","8/2/2018 3:09:13 PM EDT","","","8/10/2018 12:28:25 AM EDT","","delaney@gtec.com"
"Please DocuSign your Southern Fidelity insurance documents.-(561)445-2656| 00765772 | LR","Completed","SANDRA FELLER","Completed","8/2/2018 2:57:12 PM EDT","8/2/2018 3:39:40 PM EDT","8/2/2018 3:23:46 PM EDT","8/2/2018 3:39:40 PM EDT","8/2/2018 3:39:40 PM EDT","bearmousie@netscape.net"
"Please DocuSign your Progressive insurance documents.-(561)909-8384 | 00765324 | LU","Completed","JESSENIA DOMINGUEZ","Completed","8/2/2018 12:35:34 PM EDT","8/2/2018 1:27:56 PM EDT","8/2/2018 1:25:31 PM EDT","8/2/2018 1:27:56 PM EDT","8/2/2018 1:27:56 PM EDT","jessied999@yahoo.com"
"Please DocuSign: NVH-0005710 Inspection Letter.-(305)761-3321| 00755011 | LR","Voided","Bellamy-Corbett, Inez","Sent","8/2/2018 9:32:38 AM EDT","","","8/10/2018 12:28:43 AM EDT","","inezcorbett@yahoo.com"
"Please DocuSign your UPCIC insurance documents.-(561)715-6728| 00120454 | LP","Completed","Paul Shafland","Completed","8/2/2018 9:31:05 AM EDT","8/3/2018 11:21:16 AM EDT","8/3/2018 11:09:55 AM EDT","8/3/2018 3:26:59 PM EDT","8/3/2018 11:21:16 AM EDT","paulshafland@att.net"
"Please DocuSign your UPCIC insurance documents.-(561)715-6728| 00120454 | LP","Completed","Nelda Shafland","Completed","8/2/2018 9:31:05 AM EDT","8/3/2018 3:26:59 PM EDT","8/3/2018 11:22:19 AM EDT","8/3/2018 3:26:59 PM EDT","8/3/2018 3:26:59 PM EDT","paulshafland@att.net"
"Please DocuSign your Bass insurance documents.-(305)910-9151 | 00765556 |  LP Kory","Completed","Cindy Ellis","Completed","8/2/2018 9:17:55 AM EDT","8/2/2018 2:28:58 PM EDT","8/2/2018 2:25:29 PM EDT","8/2/2018 2:28:58 PM EDT","8/2/2018 2:28:58 PM EDT","ryandellis@me.com"
"Please DocuSign your Florida Speciality insurance documents.-(954)446-3359| 00765611 | LP","Completed","Luz Sanchez","Completed","8/2/2018 9:03:33 AM EDT","8/2/2018 9:57:42 AM EDT","8/2/2018 9:52:21 AM EDT","8/2/2018 9:57:42 AM EDT","8/2/2018 9:57:42 AM EDT","merlots2003@yahoo.com"
"Please DocuSign your Velocity insurance documents.-(954)861-8232 | 00764462 | LP","Voided","Yvonne Brown","Delivered","8/1/2018 4:15:17 PM EDT","","8/2/2018 8:04:43 AM EDT","8/9/2018 12:28:19 AM EDT","","yvbrown3@gmail.com"
"Please DocuSign your Velocity insurance documents.-(954)861-8232 | 00764462 | LP","Voided","Tracey Ann","Completed","8/1/2018 4:15:17 PM EDT","8/2/2018 8:32:42 AM EDT","8/2/2018 8:27:29 AM EDT","8/9/2018 12:28:19 AM EDT","8/2/2018 8:32:42 AM EDT","yvbrown3@gmail.com"
"Please DocuSign this policy change request.-(954)629-1132| 00745863 | KC","Completed","Decius Pierre Louis","Completed","8/1/2018 3:41:16 PM EDT","8/2/2018 3:32:06 AM EDT","8/2/2018 3:30:54 AM EDT","8/2/2018 3:32:06 AM EDT","8/2/2018 3:32:06 AM EDT","deciuslouis@yahoo.com"
"Please DocuSign your Wind Mitigation inspection.-(201)913-3420| 00761100  LR","Completed","Jennifer Martinez","Completed","8/1/2018 3:36:42 PM EDT","8/1/2018 3:39:27 PM EDT","8/1/2018 3:39:20 PM EDT","8/1/2018 3:39:27 PM EDT","8/1/2018 3:39:27 PM EDT","jmartinezz0301@gmail.com"
"Please DocuSign your Velocity insurance documents.-(954)639-3370| 00764499 | LP","Voided","Donett Wallace","Sent","8/1/2018 2:59:33 PM EDT","","","8/9/2018 12:28:17 AM EDT","","donnettangela@yahoo.com"
"Please DocuSign your Seacoast insurance documents.-(954)300-9639| 00763574 | LU","Completed","ORTAGUS, BRIAN","Completed","8/1/2018 2:36:24 PM EDT","8/2/2018 7:27:24 AM EDT","8/2/2018 7:21:53 AM EDT","8/2/2018 7:27:24 AM EDT","8/2/2018 7:27:24 AM EDT","BORTAGUS@broward.org"
"Please DocuSign your UPCIC insurance documents.-(757)816-5428| 00740512 | LR","Completed","Guy Weissmann","Completed","8/1/2018 11:20:41 AM EDT","8/1/2018 12:21:17 PM EDT","8/1/2018 12:20:39 PM EDT","8/1/2018 12:21:17 PM EDT","8/1/2018 12:21:17 PM EDT","skinnsales@gmail.com"
"Please DocuSign: IMA348865 Inspection Letter.-(850)567-4994| 00734377 | LR","Completed","Murphy, Connie","Completed","8/1/2018 11:14:01 AM EDT","8/1/2018 3:36:00 PM EDT","8/1/2018 3:35:37 PM EDT","8/1/2018 3:36:00 PM EDT","8/1/2018 3:36:00 PM EDT","7conniemurphy7@gmail.com"
"Please DocuSign: SPH-0000139 Inspection Letter.-(786)213-6358 | 00752828 |  LR","Voided","Hollaway, Viandes","Sent","8/1/2018 11:11:36 AM EDT","","","8/9/2018 12:27:40 AM EDT","","vcage1@att.net"
"Please DocuSign: NVH-0005135 Inspection Letter.-(305)216-8003| 00749009 | LR","Completed","Garcia, Omar","Completed","8/1/2018 11:10:33 AM EDT","8/1/2018 11:13:40 AM EDT","8/1/2018 11:11:31 AM EDT","8/1/2018 11:13:40 AM EDT","8/1/2018 11:13:40 AM EDT","ogarciamiami@gmail.com"
"Please DocuSign your Bass insurance documents.-(315)706-2149| 00745880 |  LR BB","Voided","Eliran Halliva","Sent","8/1/2018 11:03:33 AM EDT","","","8/9/2018 12:27:38 AM EDT","","viabellainc@gmail.com"
"Please DocuSign your Windmitigation insurance documents.-(617)957-6240| 00755283 | AG","Voided","Wayne Colahan","Sent","8/1/2018 10:25:00 AM EDT","","","8/2/2018 8:44:41 AM EDT","","wcolahan@wcaltd.net"
"Please DocuSign your Tapco insurance documents.-(813)867-9252| 00758914 |  LP Kory","Completed","William Hussey","Completed","8/1/2018 10:20:10 AM EDT","8/1/2018 10:21:28 AM EDT","8/1/2018 10:20:56 AM EDT","8/1/2018 10:21:28 AM EDT","8/1/2018 10:21:28 AM EDT","Bill.Hussey@bicgraphic.com"
"Please DocuSign your Bass insurance documents.-(786)213-6358| 00754965 | LP DR","Voided","Zepperine Bell","Sent","8/1/2018 9:38:16 AM EDT","","","8/9/2018 12:28:35 AM EDT","","vcage1@att.net"