"Subject","Status","Recipient Name","Action","Sent On","Completed On","View Date","Status Changed Date","Sign Date","Recipient Email"
"Please DocuSign your UPCIC insurance documents.-(954)338-8934 | 00746071 | KC","Sent","Edeline  Siffrain","Sent","","","","","","MJossaint@sunsentinal.com"
"Please DocuSign your UPCIC insurance documents.-(954)338-8934 | 00746071 | KC","Sent","Modelet Jossaint","Sent","","","","","","MJossaint@sunsentinal.com"
"Please DocuSign your Velocity insurance documents.-(954)661-2316| 00752302 | LP","Sent","Robert Schaible","Sent","6/6/2018 4:53:03 PM EDT","","","","","rschaible1@gmail.com"
"Please DocuSign your UPC insurance documents.-(305)785-1955| 00202457 | LP VO","Sent","ANNA E FISHER","Sent","6/6/2018 4:41:30 PM EDT","","","","","aniafisher@yahoo.com"
"Please DocuSign your UPC insurance documents.-(305)785-1955| 00202457 | LP VO","Sent","David A Fisher","Completed","6/6/2018 4:41:30 PM EDT","6/6/2018 4:57:50 PM EDT","6/6/2018 4:53:54 PM EDT","","6/6/2018 4:57:50 PM EDT","davidafisher@outlook.com"
"Please DocuSign your Velocity insurance documents.-(561)784-3050| 00752290 | LP","Completed","Joel Ripoll","Completed","6/6/2018 4:24:13 PM EDT","6/6/2018 5:13:10 PM EDT","6/6/2018 5:08:05 PM EDT","6/6/2018 5:13:10 PM EDT","6/6/2018 5:13:10 PM EDT","JOEL_RIPOLL@MSN.COM"
"Please DocuSign your Travelers  insurance documents.-(561)790-3017| 00327581 | LU VO","Sent","Gladys Barber","Sent","6/6/2018 4:10:14 PM EDT","","","","","gbarber1989@hotmail.com"
"Please DocuSign Cancellation request form.-(561)578-9700| 00676776  VO","Sent","Jason Likavec","Sent","6/6/2018 3:51:16 PM EDT","","","","","likavecjs@aol.com"
"Please DocuSign your Tapco insurance documents.-(302)893-2746| 00752168 | LR BB","Completed","Scott Kramer","Completed","6/6/2018 3:28:39 PM EDT","6/6/2018 4:55:23 PM EDT","6/6/2018 4:54:48 PM EDT","6/6/2018 4:55:23 PM EDT","6/6/2018 4:55:23 PM EDT","slk349real@gmail.com"
"Please DocuSign your UPCIC  insurance documents.-(561)619-7877| 00752243 | AG","Sent","Renata  Ecaterinis","AutoResponded","6/6/2018 3:07:36 PM EDT","","","","","Dmec198at@comcast.net"
"Please DocuSign your home insurance documents.-(520)390-5895| 00752230 | LR AJ DR","Sent","Ricardo Hurtado","Sent","6/6/2018 3:02:56 PM EDT","","","","","ciclormh@aol.com"
"Please DocuSign your Velocity insurance documents.-(954)579-6082| 00752213 | LU VO","Sent","Leonardo Torres","Sent","6/6/2018 2:51:16 PM EDT","","","","","torreslm93@gmail.com"
"Please DocuSign your Velocity insurance documents.-(954)579-6082| 00752213 | LU VO","Sent","Maria Torres","Sent","6/6/2018 2:51:16 PM EDT","","","","","torreslm93@gmail.com"
"Please DocuSign your ASI insurance documents.-(954)260-0395| 00455856 | LU VO","Completed","ANN MARIE PELLEGRINO","Completed","6/6/2018 2:26:13 PM EDT","6/6/2018 3:37:57 PM EDT","6/6/2018 3:28:13 PM EDT","6/6/2018 3:37:57 PM EDT","6/6/2018 3:37:57 PM EDT","annmarie.pellegrino@coverall.com"
"Please DocuSign your TH Flood insurance documents.-(561)309-0638| 00137877 | AG","Sent","RALPH WILSON","Sent","6/6/2018 2:11:50 PM EDT","","","","","ralphwilson2@gmail.com"
"Please DocuSign your TH Flood insurance documents.-(561)309-0638| 00137877 | AG","Sent","ELAINE  WILSON","Sent","6/6/2018 2:11:50 PM EDT","","","","","ralphwilson2@gmail.com"
"Please DocuSign your ASI insurance documents.-(561)281-8915| 00530110 | AG","Sent","Maria  Lozano","Sent","6/6/2018 2:06:09 PM EDT","","","","","mavilo15@yahoo.com"
"Please DocuSign your Florida insurance documents.-(917)816-3165| 00752148 | LP","Sent","Katherine Espositio","Sent","6/6/2018 2:00:02 PM EDT","","","","","cathiesto@gmail.com"
"Please DocuSign your UPCIC insurance documents.-(954)410-9166| 00745388 | AG","Sent","Sally  Lorenzo","Sent","6/6/2018 1:57:02 PM EDT","","","","","Rlorenzo1985@gmail.com"
"Please DocuSign your Edison insurance documents.-(631)287-5206| 00752138 | LU","Completed","MARIELA HUGUETT","Completed","6/6/2018 1:45:09 PM EDT","6/6/2018 7:35:51 PM EDT","6/6/2018 7:34:43 PM EDT","6/6/2018 7:35:51 PM EDT","6/6/2018 7:35:51 PM EDT","Dorothy_santana@yahoo.com"
"Please DocuSign your UPCIC  insurance documents.-(770)363-4959| 00735998 | AG  VO","Completed","Richelle Andrews","Completed","6/6/2018 1:34:17 PM EDT","6/6/2018 3:46:52 PM EDT","6/6/2018 2:40:48 PM EDT","6/6/2018 3:48:25 PM EDT","6/6/2018 3:46:52 PM EDT","rere90@gmail.com"
"Please DocuSign your UPCIC  insurance documents.-(770)363-4959| 00735998 | AG  VO","Completed","Marc Andrews","Completed","6/6/2018 1:34:18 PM EDT","6/6/2018 3:48:25 PM EDT","6/6/2018 3:44:11 PM EDT","6/6/2018 3:48:25 PM EDT","6/6/2018 3:48:25 PM EDT","rere90@gmail.com"
"Please DocuSign your UPCIC  insurance documents.-(786)301-0433| 00752089 | AG","Sent","Isolyn  Hillhouse","Sent","6/6/2018 1:18:07 PM EDT","","","","","hillhousei@bellsouth.net"
"Please DocuSign Replacement cost estimator form.-(561)784-3050| 00750577 | AG","Completed","Szyszko, Eugenia","Completed","6/6/2018 12:50:26 PM EDT","6/6/2018 1:13:12 PM EDT","6/6/2018 1:11:46 PM EDT","6/6/2018 1:13:12 PM EDT","6/6/2018 1:13:12 PM EDT","sughey_argenal@hotmail.com"
"Please DocuSign Sinkhole form.-(954)600-3824| 00133024 | AG","Sent","Bresnahan, Daniel","Sent","6/6/2018 12:45:53 PM EDT","","","","","dannydb1949@gmail.com"
"Please DocuSign your new ASI flood insurance application.-(305)302-1143| 00403124 | AG","Delivered","BRENDAN OKEEFE","Delivered","6/6/2018 12:41:22 PM EDT","","6/6/2018 2:17:52 PM EDT","","","BrendanAOkeefe@comcast.net"
"Please DocuSign your American Traditions insurance documents.-(863)624-1722| 00751845 | LR VO","Completed","Clifford  Rauch","Completed","6/6/2018 12:32:54 PM EDT","6/6/2018 2:12:24 PM EDT","6/6/2018 2:07:54 PM EDT","6/6/2018 2:17:34 PM EDT","6/6/2018 2:12:24 PM EDT","chr73smr@msn.com"
"Please DocuSign your American Traditions insurance documents.-(863)624-1722| 00751845 | LR VO","Completed","Sarah Rauch","Completed","6/6/2018 12:32:54 PM EDT","6/6/2018 2:17:34 PM EDT","6/6/2018 12:54:49 PM EDT","6/6/2018 2:17:34 PM EDT","6/6/2018 2:17:34 PM EDT","chr73smr@msn.com"
"Please DocuSign your Velocity  insurance documents.-(720)240-7657| 00752122 | LP","Sent","Michael Laughlin","Delivered","6/6/2018 12:00:35 PM EDT","","6/6/2018 2:28:06 PM EDT","","","dionne@oneboulder.com"
"Please DocuSign your Velocity  insurance documents.-(720)240-7657| 00752122 | LP","Sent","Dionne Ward","Sent","6/6/2018 12:00:35 PM EDT","","","","","dionne@oneboulder.com"
"new app:Please DocuSign your Bass insurance documents.-(561)655-5030| 00751906 | LU","Completed","Jerry Higgins","Completed","6/6/2018 11:51:45 AM EDT","6/6/2018 1:44:33 PM EDT","6/6/2018 1:43:45 PM EDT","6/6/2018 1:44:33 PM EDT","6/6/2018 1:44:33 PM EDT","jerry561@outlook.com"
"Please DocuSign your UPCIC insurance documents.-(386)315-0909| 00742505 |  SB VO","Sent","Shirley Guastavino","Sent","6/6/2018 11:33:52 AM EDT","","","","","florenguasta@gmail.com"
"Please DocuSign your UPCIC insurance documents.-(386)315-0909| 00742505 |  SB VO","Sent","Florencio Guastavino","Sent","6/6/2018 11:33:52 AM EDT","","","","","florenguasta@gmail.com"
"Please DocuSign Statement of No Loss form.-(904)392-4403 | 00511676 | JM","Completed","Brook, Cinda H","Completed","6/6/2018 11:19:29 AM EDT","6/6/2018 11:23:42 AM EDT","6/6/2018 11:21:00 AM EDT","6/6/2018 11:23:42 AM EDT","6/6/2018 11:23:42 AM EDT","cindabrook2@gmail.com"
"Please DocuSign Statement of No Loss form.-(646)633-8904| 00714306 | Manny","Sent","James Bonnett","Sent","6/6/2018 11:12:30 AM EDT","","","","","Ka2zsajames8@yahoo.com"
"NEW:Please DocuSign your Aspen insurance documents.-(317)457-5607| 00749593 |  LR JK","Delivered","Brian  Field","Delivered","6/6/2018 10:47:23 AM EDT","","6/6/2018 6:44:03 PM EDT","","","betsy.field@ameritech.net"
"Please DocuSign your Wind Mitigation inspection.-(516)314-0133| 00733533 | LR","Completed","Rachel Glick","Completed","6/6/2018 10:42:25 AM EDT","6/6/2018 11:14:17 AM EDT","6/6/2018 11:11:43 AM EDT","6/6/2018 11:14:17 AM EDT","6/6/2018 11:14:17 AM EDT","rachelmeganglick@gmail.com"
"Please DocuSign your Bass insurance documents.-(941)204-4658| 00751942 | LR BB","Completed","Matthew Najar","Completed","6/6/2018 10:33:43 AM EDT","6/6/2018 10:36:31 AM EDT","6/6/2018 10:35:18 AM EDT","6/6/2018 10:36:31 AM EDT","6/6/2018 10:36:31 AM EDT","najar.matt@yahoo.com"
"Please DocuSign your UPC insurance documents.-(603)915-0110| 00751934 |  LU","Sent","AMANDA BURCH","Sent","6/6/2018 10:26:41 AM EDT","","","","","Mandalove22@gmail.com"
"Please DocuSign your UPCIC  insurance documents.-(407)580-5892| 00751924 | AG VO","Completed","Agnes McIntosh","Completed","6/6/2018 10:12:16 AM EDT","6/6/2018 10:22:03 AM EDT","6/6/2018 10:19:05 AM EDT","6/6/2018 10:22:03 AM EDT","6/6/2018 10:22:03 AM EDT","agnes_mcintosh@yahoo.com"
"Please DocuSign your UPCIC  insurance documents.-(270)577-4234| 00751615 | AG VO","Sent","Nancy  Brummett","Sent","6/6/2018 9:50:32 AM EDT","","","","","brummett_jerry@yahoo.com"
"Please DocuSign your UPCIC  insurance documents.-(270)577-4234| 00751615 | AG VO","Sent","Jerry Brummett","Delivered","6/6/2018 9:50:32 AM EDT","","6/6/2018 11:19:03 PM EDT","","","brummett_jerry@yahoo.com"
"Please DocuSign your Allrisks insurance documents.-(407)914-5437| 00751956 | LR Kory","Completed","Leger, Chrisna","Completed","6/6/2018 9:44:03 AM EDT","6/6/2018 4:48:25 PM EDT","6/6/2018 4:41:36 PM EDT","6/6/2018 4:48:25 PM EDT","6/6/2018 4:48:25 PM EDT","leger.chrisna@yahoo.com"
"Please DocuSign your UPCIC insurance documents.-(561)239-7408| 00751966 | AG","Completed","Kyle  Helmerick","Completed","6/6/2018 9:35:53 AM EDT","6/6/2018 10:01:10 AM EDT","6/6/2018 9:59:14 AM EDT","6/6/2018 10:01:10 AM EDT","6/6/2018 10:01:10 AM EDT","kylehelmerickllc@yahoo.com"
"Please DocuSign your velocity & Wright flood insurance documents.-(702)290-7832| 00751970 | LU AG","Completed","Selina Seet","Completed","6/6/2018 9:30:02 AM EDT","6/6/2018 11:00:28 AM EDT","6/6/2018 10:59:52 AM EDT","6/6/2018 11:00:28 AM EDT","6/6/2018 11:00:28 AM EDT","selina@selinavaughan.com"
"Please DocuSign your Velocity  insurance documents.-(305)625-4841| 00751989 | LR","Sent","Dorthy Wanton","Sent","6/6/2018 9:20:20 AM EDT","","","","","dbwanton27@aol.com"
"Please DocuSign your Heritage insurance documents.-(407)237-0156| 00723679 | AG VO","Sent","SALVATORE  SALERNO","Sent","6/6/2018 9:10:33 AM EDT","","","","","tiggersalerno@yahoo.com"
"Please DocuSign your Heritage insurance documents.-(407)237-0156| 00723679 | AG VO","Sent","NILSA SALERNO","Completed","6/6/2018 9:10:33 AM EDT","6/6/2018 3:56:22 PM EDT","6/6/2018 3:44:35 PM EDT","","6/6/2018 3:56:22 PM EDT","tiggersalerno@yahoo.com"
"updated: Please DocuSign your Wind Mitigation inspection -(561)310-2061 | 00365767 | LR","Sent","Benyamen Michel","Sent","6/5/2018 5:26:15 PM EDT","","","","","Elkommos@bellsouth.net"
"Please DocuSign Statement of No Loss form.-(954)562-3023| 00672699 | LR","Completed","Kathleen S Quinn","Completed","6/5/2018 3:49:50 PM EDT","6/5/2018 5:41:59 PM EDT","6/5/2018 5:41:14 PM EDT","6/5/2018 5:41:59 PM EDT","6/5/2018 5:41:59 PM EDT","tjcasey@bellsouth.net"
"Please DocuSign your Prepared insurance documents.-(321)848-7050| 00063249 | LU VO","Completed","JOYCE COLE","Completed","6/5/2018 2:17:33 PM EDT","6/5/2018 3:24:10 PM EDT","6/5/2018 3:23:10 PM EDT","6/5/2018 3:27:08 PM EDT","6/5/2018 3:24:10 PM EDT","hermancole@hotmail.com"
"Please DocuSign your Prepared insurance documents.-(321)848-7050| 00063249 | LU VO","Completed","Herman Cole","Completed","6/5/2018 2:17:33 PM EDT","6/5/2018 3:27:08 PM EDT","6/5/2018 3:24:36 PM EDT","6/5/2018 3:27:08 PM EDT","6/5/2018 3:27:08 PM EDT","hermancole@hotmail.com"
"Please DocuSign your Bass & Geovera insurance documents.-  ph#:-561-655-5030 qt:#AGP1361440 LR BB","Completed","Jerry Higgins","Completed","6/5/2018 2:00:15 PM EDT","6/5/2018 3:09:59 PM EDT","6/5/2018 3:06:02 PM EDT","6/5/2018 3:09:59 PM EDT","6/5/2018 3:09:59 PM EDT","jerry561@outlook.com"
"Please DocuSign your Travelers insurance documents.-(561)578-9700 pc#6026144472031 Manny","Completed","FAYE LIKAVEC","Completed","6/5/2018 1:51:48 PM EDT","6/5/2018 6:51:40 PM EDT","6/5/2018 6:50:06 PM EDT","6/5/2018 6:51:40 PM EDT","6/5/2018 6:51:40 PM EDT","likavecjs@aol.com"
"please Docusign your scottsdale insurance documents.-(954)540-6316| 00621527 | Matt","Completed","Corey Cole","Completed","6/5/2018 11:42:39 AM EDT","6/5/2018 12:06:59 PM EDT","6/5/2018 12:06:06 PM EDT","6/5/2018 12:06:59 PM EDT","6/5/2018 12:06:59 PM EDT","coreycole1978@yahoo.com"
"Please DocuSign Skipjack Premium Finance form.-(305)244-2398| 00749024 | AJ","Delivered","Shevaun Gandy","Delivered","6/5/2018 11:06:59 AM EDT","","6/5/2018 11:16:52 AM EDT","","","shevaungandy@gmail.com"
"Please DocuSign your BASS  insurance documents.-(772)242-1514| 00745049  LR DR","Sent","Geraldine Gamble","Sent","6/5/2018 10:36:41 AM EDT","","","","","gamblegeraldine@yahoo.com"
"Please DocuSign Premium Finance Agreement form.-(954)650-1558| 00548213 | AJ","Sent","Waters, Evelyn","Sent","6/5/2018 10:32:01 AM EDT","","","","","evewaters7@att.net"
"Please DocuSign Skipjack Premium Finance form.-(321)768-6246| 00733177 | AJ","Voided","Melvin Moore","Sent","6/5/2018 10:02:46 AM EDT","","","6/5/2018 10:06:54 AM EDT","","sheronpeterman@gmail.com"
"Please DocuSign your UPC insurance documents.-(727)773-5681| 00751248 | AG VO","Sent","TONYA KISTNER","Sent","6/5/2018 9:50:03 AM EDT","","","","","kistnerscience@gmail.com"
"Please DocuSign your UPC insurance documents.-(727)773-5681| 00751248 | AG VO","Sent","KENNETH KISTNER","Completed","6/5/2018 9:50:03 AM EDT","6/5/2018 4:00:19 PM EDT","6/5/2018 3:59:43 PM EDT","","6/5/2018 4:00:19 PM EDT","kistnerscience@gmail.com"
"Please DocuSign your Geovera insurance documents.-(561)859-5065 | 00751602 | LU BB","Completed","Carol Mahoney","Completed","6/5/2018 9:11:27 AM EDT","6/5/2018 9:16:00 AM EDT","6/5/2018 9:12:38 AM EDT","6/5/2018 9:16:00 AM EDT","6/5/2018 9:16:00 AM EDT","carolamahoney@aol.com"
"Please DocuSign your Bass  insurance documents.-(305)439-8786| 00751446 | LR BB","Completed","Carol Swingle","Completed","6/5/2018 8:59:48 AM EDT","6/5/2018 10:29:45 AM EDT","6/5/2018 10:23:40 AM EDT","6/5/2018 10:29:45 AM EDT","6/5/2018 10:29:45 AM EDT","spotsmiami@aol.com"
"Please DocuSign this policy change request.-(646)338-0333| 00423388 | KC","Delivered","Stuart Friedman","Delivered","6/5/2018 8:48:27 AM EDT","","6/5/2018 6:17:12 PM EDT","","","srfhakomi@mac.com"
"CANCELLATION TO CANCEL ASI INSURANCE POLICY AS YOU REQUESTED. MO","Sent","Oraine  Pitt","Sent","6/4/2018 5:45:28 PM EDT","","","","","Orainpitt1976@gmail.com"
"Please DocuSign your home insurance documents.-(561)588-9750| 00750130 | LR JK","Delivered","Clarence L Elder","Delivered","6/4/2018 5:33:16 PM EDT","","6/4/2018 8:33:01 PM EDT","","","tribexo@gmail.com"
"Please DocuSign your ASI insurance documents.-(561)251-8878| 00749703 | AG","Completed","Jason D'Ambrosio","Completed","6/4/2018 5:26:50 PM EDT","6/4/2018 5:41:59 PM EDT","6/4/2018 5:41:51 PM EDT","6/4/2018 5:41:59 PM EDT","6/4/2018 5:41:59 PM EDT","jad212@gmail.com"
"Please DocuSign your UPCIC  insurance documents.-(270)577-4234| 00751615 | AG VO","Voided","Jerry Brummett","Sent","6/4/2018 5:21:07 PM EDT","","","6/6/2018 9:53:01 AM EDT","","brummett_jerry@yahoo.com"
"Please DocuSign your UPCIC  insurance documents.-(270)577-4234| 00751615 | AG VO","Voided","Jerry Brummett","Completed","6/4/2018 5:21:07 PM EDT","6/4/2018 6:40:27 PM EDT","6/4/2018 6:31:23 PM EDT","6/6/2018 9:53:01 AM EDT","6/4/2018 6:40:27 PM EDT","brummett_jerry@yahoo.com"
"Please DocuSign your Lexington  insurance documents.-(954)675-3424| 00751577 | LU","Completed","Sergio Pinto","Completed","6/4/2018 5:01:19 PM EDT","6/5/2018 4:53:20 PM EDT","6/5/2018 4:52:38 PM EDT","6/5/2018 4:53:20 PM EDT","6/5/2018 4:53:20 PM EDT","pintovill5@aol.com"
"Please DocuSign your TH insurance documents.-(561)702-2671| 00751561 | AG","Completed","Nicole Topper","Completed","6/4/2018 4:48:34 PM EDT","6/5/2018 10:03:28 AM EDT","6/4/2018 7:43:03 PM EDT","6/5/2018 10:03:28 AM EDT","6/5/2018 10:03:28 AM EDT","Nrtjs1@gmail.com"
"Please DocuSign your Florida Speciality  insurance documents.-(508)680-4609| 00751496 | LU","Completed","Dwight Channer","Completed","6/4/2018 4:39:01 PM EDT","6/4/2018 5:59:18 PM EDT","6/4/2018 5:57:37 PM EDT","6/4/2018 5:59:18 PM EDT","6/4/2018 5:59:18 PM EDT","dchanner16@hotmail.com"
"Please DocuSign your Travelers  insurance documents.- pc#6025809342031 (770)363-4959 Manny","Completed","Richelle Andrews","Completed","6/4/2018 4:37:01 PM EDT","6/4/2018 4:46:54 PM EDT","6/4/2018 4:38:36 PM EDT","6/4/2018 4:46:54 PM EDT","6/4/2018 4:46:54 PM EDT","rere90@gmail.com"
"Please DocuSign Cancellation request form.-(561)261-0146| 00616500 |  MO","Voided","CHARLES WILLIAM","Sent","6/4/2018 4:28:46 PM EDT","","","6/5/2018 2:59:00 PM EDT","","charles.simmons5537@gmail.com"
"Please DocuSign Cancellation request form.-(561)261-0146| 00616500 |  MO","Voided","SHIRLEY HOLLEY SIMMONS","Sent","6/4/2018 4:28:46 PM EDT","","","6/5/2018 2:59:00 PM EDT","","charles.simmons5537@gmail.com"
"Please DocuSign your Prepared insurance documents.-(631)682-4539| 00751047 | LU","Completed","PAULA BOEGER","Completed","6/4/2018 4:17:55 PM EDT","6/5/2018 8:37:14 AM EDT","6/5/2018 8:34:34 AM EDT","6/5/2018 8:54:02 AM EDT","6/5/2018 8:37:14 AM EDT","RESPGIRL26@GMAIL.COM"
"Please DocuSign your Prepared insurance documents.-(631)682-4539| 00751047 | LU","Completed","RUSSELL BOEGER","Completed","6/4/2018 4:17:54 PM EDT","6/5/2018 8:54:02 AM EDT","6/4/2018 4:39:24 PM EDT","6/5/2018 8:54:02 AM EDT","6/5/2018 8:54:02 AM EDT","RESPGIRL26@GMAIL.COM"
"Please DocuSign Skipjack Premium Finance form.-(954)865-3169| 00593588 | AJ","Sent","Goll Nancy","Sent","6/4/2018 4:10:49 PM EDT","","","","","ngoll59@gmail.com"
"Please DocuSign Skipjack Premium Finance form.-(805)588-2070| 00596624 | AJ","Delivered","Ansons Nicola","Delivered","6/4/2018 3:55:23 PM EDT","","6/4/2018 7:44:20 PM EDT","","","geraldguerrero18@gmail.com"
"Please DocuSign your UPCIC insurance documents.-(813)732-7214| 00751568 | AG","Sent","ABDIEL  LUGO","Sent","6/4/2018 3:12:08 PM EDT","","","","","al.lugo46@gmail.com"
"Please DocuSign Replacement cost estimator form.-(954)675-3424| 00751254 | LR","Completed","Sergio Pinto","Completed","6/4/2018 2:30:29 PM EDT","6/4/2018 3:51:23 PM EDT","6/4/2018 3:51:00 PM EDT","6/4/2018 3:51:23 PM EDT","6/4/2018 3:51:23 PM EDT","pintovill5@aol.com"
"Please DocuSign your UPCIC insurance documents.-(813)390-7230| 00751313 | LR","Completed","Julio  Videaud","Completed","6/4/2018 2:28:27 PM EDT","6/4/2018 3:38:42 PM EDT","6/4/2018 3:36:19 PM EDT","6/4/2018 3:38:42 PM EDT","6/4/2018 3:38:42 PM EDT","Juliovideaud@hotmail.com"
"Please DocuSign your Velocity  insurance documents.-(954)852-8017| 00751312 | LU","Completed","Steven C Kummer","Completed","6/4/2018 2:12:39 PM EDT","6/4/2018 2:38:51 PM EDT","6/4/2018 2:27:13 PM EDT","6/4/2018 2:38:51 PM EDT","6/4/2018 2:38:51 PM EDT","Steve.kummer@amtrustgroup.com"
"Please DocuSign your UPCIC insurance documents.-(305)345-5486| 00751264 | AG","Completed","Farley  Obregon","Completed","6/4/2018 1:58:10 PM EDT","6/4/2018 2:06:44 PM EDT","6/4/2018 2:05:10 PM EDT","6/4/2018 11:42:16 PM EDT","6/4/2018 2:06:44 PM EDT","farley1088@gmail.com"
"Please DocuSign your UPCIC insurance documents.-(305)345-5486| 00751264 | AG","Completed","Izhida  Stubbs","Completed","6/4/2018 1:58:11 PM EDT","6/4/2018 11:42:16 PM EDT","6/4/2018 11:41:42 PM EDT","6/4/2018 11:42:16 PM EDT","6/4/2018 11:42:16 PM EDT","farley1088@gmail.com"
"Please DocuSign your UPCIC  insurance documents.-(706)474-9087| 00751255 | AG","Sent","Terry Brice","Sent","6/6/2018 11:37:18 AM EDT","","","","","tbrice0308@gmail.com"
"Please DocuSign your UPCIC  insurance documents.-(706)474-9087| 00751255 | AG","Sent","Leanne Brice","Sent","6/4/2018 12:49:57 PM EDT","","","","","tbrice0308@gmail.com"
"Please DocuSign your Lexignton insurance documents.-(954)675-3424| 00751254 | LR","Completed","Sergio Pinto","Completed","6/4/2018 12:45:02 PM EDT","6/4/2018 1:01:55 PM EDT","6/4/2018 1:00:58 PM EDT","6/4/2018 1:01:55 PM EDT","6/4/2018 1:01:55 PM EDT","pintovill5@aol.com"
"Please DocuSign your Allrisks  insurance documents.-(954)224-7800| 00751250 | LR HH","Completed","Josil, Elda","Completed","6/4/2018 12:35:10 PM EDT","6/6/2018 4:21:54 PM EDT","6/6/2018 3:59:16 PM EDT","6/6/2018 4:21:54 PM EDT","6/6/2018 4:21:54 PM EDT","elda.josil@gmail.com"
"Please DocuSign your new TH flood insurance application.-(941)524-7464| 00664600 | AG","Completed","Angela Graham","Completed","6/4/2018 12:19:26 PM EDT","6/4/2018 1:27:33 PM EDT","6/4/2018 1:25:46 PM EDT","6/4/2018 1:27:33 PM EDT","6/4/2018 1:27:33 PM EDT","Glenn.angie@verizon.net"
"Please DocuSign your new Wright flood insurance application.-(954)667-4881| 00750439 | AG","Sent","STEVE WEINSTEIN","Sent","6/4/2018 12:11:54 PM EDT","","","","","STEVEWEINSTEIN1977@GMAIL.COM"
"Please DocuSign your UPCIC insurance documents.-(412)738-3109| 00751267 | AG","Voided","Lisa  Crevasse","Delivered","6/4/2018 11:56:49 AM EDT","","6/4/2018 12:45:36 PM EDT","6/4/2018 12:51:59 PM EDT","","Jpilot646464@yahoo.com"
"Please DocuSign your Seacoast  insurance documents.-(786)901-9975 qt#:497276  DR","Completed","Saintvil, Emilia","Completed","6/4/2018 11:35:24 AM EDT","6/4/2018 12:19:35 PM EDT","6/4/2018 12:13:47 PM EDT","6/4/2018 12:19:35 PM EDT","6/4/2018 12:19:35 PM EDT","eproceedsclass02@yahoo.com"
"Please DocuSign this agent of record form.- KG","Sent","Yevgneiy Sadovnikov","Sent","6/4/2018 11:10:03 AM EDT","","","","","shraer@gmail.com"
"Please DocuSign Skipjack Premium Finance form.(850)567-4994| 00734377 | AJ","Voided","Connie Murphy","Delivered","6/4/2018 11:07:27 AM EDT","","6/4/2018 2:51:01 PM EDT","6/5/2018 11:38:35 AM EDT","","7conniemurphy7@gmail.com"
"Please DocuSign your Travelers insurance documents.- pc# 6026027762031 ph#954-625-4768 Manny","Completed","MARINA VOGEL","Completed","6/4/2018 9:51:21 AM EDT","6/4/2018 10:44:22 AM EDT","6/4/2018 9:54:13 AM EDT","6/4/2018 10:44:22 AM EDT","6/4/2018 10:44:22 AM EDT","marina85@myself.com"
"Please DocuSign your Wind Mitigation inspection -(203)243-6616| 00747836 | LR","Completed","Ann  Gallo","Completed","6/4/2018 9:06:22 AM EDT","6/5/2018 9:31:19 AM EDT","6/5/2018 9:30:37 AM EDT","6/5/2018 9:31:19 AM EDT","6/5/2018 9:31:19 AM EDT","harborann72@comcast.net"
"Please DocuSign your Velocity  insurance documents.-(305)975-6999| 00220293 | LU VO","Delivered","Yoel Rodriguez","Delivered","6/4/2018 8:58:45 AM EDT","","6/6/2018 9:53:03 AM EDT","","","marcela@rbrlaw.com"
"Please DocuSign your Velocity  insurance documents.-(305)975-6999| 00220293 | LU VO","Delivered","Marcela Rodriguez","Delivered","6/4/2018 8:58:45 AM EDT","","6/4/2018 2:10:47 PM EDT","","","marcela@rbrlaw.com"
"Please DocuSign: Riner Change request PVH2123261 KG","Completed","Carmen Riner","Completed","6/1/2018 8:00:58 PM EDT","6/1/2018 9:17:49 PM EDT","6/1/2018 9:16:46 PM EDT","6/1/2018 9:17:49 PM EDT","6/1/2018 9:17:49 PM EDT","dcrin2010@hotmail.com"
"Please DocuSign your Progressive insurance documents.- ph# 561-452-7336 pc#922099063 Manny","Completed","NADA SAVU","Completed","6/1/2018 5:08:54 PM EDT","6/1/2018 5:22:43 PM EDT","6/1/2018 5:20:19 PM EDT","6/1/2018 5:22:43 PM EDT","6/1/2018 5:22:43 PM EDT","nadasavu@gmail.com"
"Please DocuSign your Safeco insurance documents.-(561)312-5660 | 00250141 | LU","Completed","Jane Kaplowitz","Completed","6/1/2018 2:47:55 PM EDT","6/5/2018 1:18:39 AM EDT","6/5/2018 1:16:54 AM EDT","6/5/2018 1:18:39 AM EDT","6/5/2018 1:18:39 AM EDT","robert145@mac.com"
"Please DocuSign: CLF-0004599 Inspection Letter.-(386)884-9938| 00737134 | LR","Delivered","Martin, Gayle","Delivered","6/1/2018 2:21:11 PM EDT","","6/2/2018 9:24:59 PM EDT","","","Billypilgrim465@yahoo.com"
"Please DocuSign your Allrisks insurance documents.- (786)346-2281| 00751261 | LU BB","Delivered","Ricardo Leiva","Delivered","6/1/2018 2:15:01 PM EDT","","6/3/2018 11:01:56 AM EDT","","","annie_ileiva@hotmail.com"
"Please DocuSign your Aspen  insurance documents.- pc#TBD7847  ph#:602-321-3586 LU BB","Completed","Elizabeth Sterling","Completed","6/1/2018 2:09:25 PM EDT","6/3/2018 12:37:12 PM EDT","6/3/2018 12:36:50 PM EDT","6/3/2018 12:37:12 PM EDT","6/3/2018 12:37:12 PM EDT","sterlingspin@gmail.com"
"Please DocuSign your Wind Mitigation inspection.-(786)663-1265| 00737220 | DR","Sent","Hugo Cardenas","Sent","6/1/2018 1:50:07 PM EDT","","","","","Hugoyug1@yahoo.com"
"Please DocuSign your Allrisks insurance documents.-(407)209-4704| 00746553 | LR Kory","Completed","Myers Judith","Completed","6/1/2018 1:01:27 PM EDT","6/1/2018 1:14:46 PM EDT","6/1/2018 1:06:29 PM EDT","6/1/2018 1:14:46 PM EDT","6/1/2018 1:14:46 PM EDT","judymyersmomof6@gmail.com"
"Please DocuSign your Allrisks insurance documents.-(937)215-9076| 00750806 | LU BB","Completed","Suchitra Reddy Neravetla","Completed","6/1/2018 12:30:44 PM EDT","6/4/2018 2:07:33 PM EDT","6/2/2018 11:49:02 AM EDT","6/4/2018 2:07:33 PM EDT","6/4/2018 2:07:33 PM EDT","neravetla@yahoo.com"
"Please DocuSign Statement of No Loss form.-(305)495-1991| 00729843 | LR","Sent","Downer, Eulet","Sent","6/1/2018 12:14:32 PM EDT","","","","","euletdowner@yahoo.com"
"Please DocuSign your Federated National insurance documents.-(941)524-7464| 00664600 | LR","Completed","Glenn Graham","Completed","6/1/2018 11:43:39 AM EDT","6/1/2018 12:57:24 PM EDT","6/1/2018 12:45:42 PM EDT","6/1/2018 12:57:24 PM EDT","6/1/2018 12:57:24 PM EDT","Glenn.angie@verizon.net"
"Please DocuSign your Florida Peninsula insurance documents.-(954)558-7397| 00193764 | LR","Completed","OREXMYTH DE LA VEGA","Completed","6/1/2018 10:59:49 AM EDT","6/1/2018 11:21:22 AM EDT","6/1/2018 11:17:58 AM EDT","6/1/2018 11:21:22 AM EDT","6/1/2018 11:21:22 AM EDT","ovega@me.com"
"Please DocuSign your UPCIC insurance documents.-(561)313-8379| 00410478 | AG VO","Completed","RONALD  O'BRIEN","Completed","6/1/2018 10:49:19 AM EDT","6/1/2018 1:01:29 PM EDT","6/1/2018 12:40:12 PM EDT","6/1/2018 1:06:15 PM EDT","6/1/2018 1:01:29 PM EDT","obri2103@att.net"
"Please DocuSign your UPCIC insurance documents.-(561)313-8379| 00410478 | AG VO","Completed","GABRIELA RODRIGUEZ O'BRIEN","Completed","6/1/2018 10:49:19 AM EDT","6/1/2018 1:06:15 PM EDT","6/1/2018 1:04:00 PM EDT","6/1/2018 1:06:15 PM EDT","6/1/2018 1:06:15 PM EDT","obri2103@att.net"
"Please DocuSign your UPCIC insurance documents.-(214)554-5902| 00525230 | AG","Completed","MAJREIL  LOWE","Completed","6/1/2018 10:20:17 AM EDT","6/2/2018 8:44:46 AM EDT","6/2/2018 8:43:42 AM EDT","6/2/2018 8:44:46 AM EDT","6/2/2018 8:44:46 AM EDT","mlpropertyholding@yahoo.com"
"Please DocuSign your UPCIC insurance documents.-(772)812-5291| 00750730 | AG","Completed","Jacob  Muscara","Completed","6/1/2018 10:07:05 AM EDT","6/5/2018 7:03:28 PM EDT","6/4/2018 3:11:40 PM EDT","6/5/2018 7:04:45 PM EDT","6/5/2018 7:03:28 PM EDT","matthewwyattwallace@gmail.com"
"Please DocuSign your UPCIC insurance documents.-(772)812-5291| 00750730 | AG","Completed","Mathew  Wallace","Completed","6/1/2018 10:07:05 AM EDT","6/5/2018 7:04:45 PM EDT","6/4/2018 3:12:52 PM EDT","6/5/2018 7:04:45 PM EDT","6/5/2018 7:04:45 PM EDT","matthewwyattwallace@gmail.com"
"Please DocuSign your UPC insurance documents.-(305)399-3897| 00750733 | LU","Completed","CLORARDO LUIS LEAL LUBO","Completed","6/1/2018 10:00:22 AM EDT","6/1/2018 10:42:26 AM EDT","6/1/2018 10:41:56 AM EDT","6/3/2018 6:12:40 PM EDT","6/1/2018 10:42:26 AM EDT","clorardoluisleal@gmail.com"
"Please DocuSign your UPC insurance documents.-(305)399-3897| 00750733 | LU","Completed","MARIA MILAGROS DA SILVA PESTANA","Completed","6/1/2018 10:00:22 AM EDT","6/3/2018 6:12:40 PM EDT","6/3/2018 6:12:32 PM EDT","6/3/2018 6:12:40 PM EDT","6/3/2018 6:12:40 PM EDT","clorardoluisleal@gmail.com"
"Please DocuSign your Foremost insurance documents.-(561)503-9614| 00750761 | LU","Completed","ELIZABETH ELLIOTT","Completed","6/1/2018 9:50:20 AM EDT","6/1/2018 10:30:55 AM EDT","6/1/2018 10:29:25 AM EDT","6/1/2018 10:30:55 AM EDT","6/1/2018 10:30:55 AM EDT","Elliottliz1990@icloud.com"
"Please DocuSign your Bass insurance documents.-(561)596-8451| 00750783 | LR Kory","Completed","Lisa Hurt","Completed","6/1/2018 9:38:04 AM EDT","6/1/2018 4:56:07 PM EDT","6/1/2018 4:54:23 PM EDT","6/1/2018 4:56:07 PM EDT","6/1/2018 4:56:07 PM EDT","lhurt25@yahoo.com"
"Please DocuSign your St. Johns insurance documents.-(561)719-2524| 00750819 | LU VO","Completed","Barbara Adams","Completed","6/1/2018 9:12:19 AM EDT","6/1/2018 9:37:46 AM EDT","6/1/2018 9:29:39 AM EDT","6/1/2018 9:37:46 AM EDT","6/1/2018 9:37:46 AM EDT","blznsun@gmail.com"