"Subject","Status","Recipient Name","Action","Sent On","Completed On","View Date","Status Changed Date","Sign Date","Recipient Email"
"Please DocuSign your safeco insurance documents.-pc#F3346766 LL Maria","Completed","Amy Lahr","Completed","","3/1/2018 6:14:50 PM EST","3/1/2018 6:12:25 PM EST","3/1/2018 6:14:50 PM EST","3/1/2018 6:14:50 PM EST","email@kevinlahr.com"
"Please DocuSign CLF-0004185 Inspection Letter.(256)476-1942| 00709169 | LR SR","Sent","Benny Poole","Sent","","","","","","poolebh@gmail.com"
"Please DocuSign this agent of record form.-(386)935-4808 | 00719574 | KC DB","Sent","Arlene Hedgespeth","Sent","","","","","","shortstuffarlene@yahoo.com"
"Please DocuSign this agent of record form.-Phn#786-218-6110Pc# HCPC-HO3-306772-8 DB DR","Sent","Jacob Liro","Sent","","","","","","amyliro@yahoo.com"
"Please DocuSign your Wright Flood insurance documents.-(561)452-4744 | 00715418 | LR","Completed","Sherilynne Luther","Completed","3/1/2018 2:28:08 PM EST","3/1/2018 3:20:25 PM EST","3/1/2018 3:17:26 PM EST","3/1/2018 3:20:25 PM EST","3/1/2018 3:20:25 PM EST","sherilynneluther@yahoo.com"
"Please DocuSign your American Strategic insurance documents.-(561)889-4342 | 00728342 | LR","Sent","Marvine Dessalines","Sent","3/1/2018 2:14:28 PM EST","","","","","MARVINEDESSALINES@YAHOO.COM"
"Please DocuSign your new ASI flood insurance application.-(561)333-2215| 00359488 | LL LR","Completed","Leonard Dutil","Completed","3/1/2018 2:02:37 PM EST","3/1/2018 2:17:13 PM EST","3/1/2018 2:15:41 PM EST","3/1/2018 2:17:13 PM EST","3/1/2018 2:17:13 PM EST","chasrat3@yahoo.com"
"Please DocuSign your Allrisks insurance documents.-(619)654-1741| 00728333 | SR  Kory","Completed","Mark Sankowski","Completed","3/1/2018 1:52:18 PM EST","3/1/2018 2:29:16 PM EST","3/1/2018 2:26:44 PM EST","3/1/2018 2:29:16 PM EST","3/1/2018 2:29:16 PM EST","ljyaker@yahoo.com"
"corrected:Please DocuSign your UPCIC insurance documents.- (561)207-1222| 00728326 | AG","Completed","Valer Devuyst","Completed","3/1/2018 1:38:40 PM EST","3/1/2018 4:47:37 PM EST","3/1/2018 1:39:16 PM EST","3/1/2018 4:47:37 PM EST","3/1/2018 4:47:37 PM EST","depd35@yahoo.com"
": Please DocuSign your Florida Peninsula insurance documents.-(913)235-9942 | 00728318 | SB","Delivered","Kevin Johnson","Delivered","3/1/2018 12:35:24 PM EST","","3/1/2018 1:16:54 PM EST","","","kjohnson5535@gmail.com"
"Please DocuSign your Foremost insurance documents.-(561)618-2440 | 00723998 | LL","Sent","Sterlette Searcy","Sent","3/1/2018 12:17:26 PM EST","","","","","sstarsearcy@gmail.com"
"Please DocuSign your CP insurance documents.-(954)696-3921| 00728089 | LR","Sent","ARTURO R OLIVARES","Sent","3/1/2018 11:40:41 AM EST","","","","","arturo.olivares1@gmail.com"
"Please DocuSign your UPCIC insurance documents.-(305)219-0993 | 00728076 | AG","Completed","Lenny Rivera","Completed","3/1/2018 11:31:18 AM EST","3/1/2018 12:12:16 PM EST","3/1/2018 11:42:37 AM EST","3/1/2018 12:12:16 PM EST","3/1/2018 12:12:16 PM EST","L26JYD@gmail.com"
"Please DocuSign your TH insurance documents.-(603)387-7770| 00728064 |SB","Completed","Phyllis P Whitney","Completed","3/1/2018 11:24:25 AM EST","3/1/2018 2:43:33 PM EST","3/1/2018 11:29:16 AM EST","3/1/2018 2:55:22 PM EST","3/1/2018 2:43:33 PM EST","pwhitney09@gmail.com"
"Please DocuSign your TH insurance documents.-(603)387-7770| 00728064 |SB","Completed","Paul Whitney","Completed","3/1/2018 11:24:25 AM EST","3/1/2018 2:55:22 PM EST","3/1/2018 11:26:41 AM EST","3/1/2018 2:55:22 PM EST","3/1/2018 2:55:22 PM EST","pwhitney09@gmail.com"
"Please DocuSign your Allrisk insurance documents.-(305)491-1976| 00727989 | AG KristenD","Completed","Ailene Pelobello","Completed","3/1/2018 11:01:16 AM EST","3/1/2018 9:34:39 PM EST","3/1/2018 3:02:50 PM EST","3/1/2018 9:34:39 PM EST","3/1/2018 9:34:39 PM EST","aileneap@yahoo.com"
"Please DocuSign your UPC insurance documents.-(407)607-2781| 00727959 | LR","Completed","Rhea Vallas","Completed","3/1/2018 10:55:00 AM EST","3/1/2018 12:05:14 PM EST","3/1/2018 11:56:11 AM EST","3/1/2018 12:05:14 PM EST","3/1/2018 12:05:14 PM EST","matita_carballo@yahoo.com"
"Please DocuSign your Souther Oak insurance documents.-(954)488-0201| 00727915 | SB","Completed","Kimberly Burgess","Completed","3/1/2018 10:38:42 AM EST","3/1/2018 4:15:13 PM EST","3/1/2018 11:28:19 AM EST","3/1/2018 4:15:13 PM EST","3/1/2018 4:15:13 PM EST","kimaburgess@aol.com"
"Please DocuSign your UPCIC insurance documents.-(727)647-7149 | 00579111 |AG","Sent","Cheryl Pinto","Sent","3/1/2018 10:22:06 AM EST","","","","","Vap123@tampabay.rr.com"
"Please DocuSign your UPCIC insurance documents.-(727)647-7149 | 00579111 |AG","Sent","Ventura Pinto","Sent","3/1/2018 10:22:06 AM EST","","","","","Vap123@tampabay.rr.com"
"Please DocuSign your Geovera insurance documents.-(813)373-9088 | 00727772 | SR DR","Completed","William Workman","Completed","3/1/2018 9:46:22 AM EST","3/1/2018 10:14:51 AM EST","3/1/2018 10:12:48 AM EST","3/1/2018 10:14:51 AM EST","3/1/2018 10:14:51 AM EST","surfwtw@gmail.com"
"Please DocuSign your UPCIC insurance documents.-(978)807-6959 | 00727745 |AG","Sent","Michael Broomfield","Sent","3/1/2018 9:42:53 AM EST","","","","","johnettagoldsmith988@gmail.com"
"Please DocuSign your AllRisk insurance documents.-(813)247-7822 | 00726089 |SR","Sent","Johnette Goldsmith","Sent","3/1/2018 9:35:41 AM EST","","","","","johnettagoldsmith988@gmail.com"
"Please DocuSign your AllRisk insurance documents.-(941)219-8609| 00718486 | SR","Sent","George Mira","Sent","3/1/2018 9:35:22 AM EST","","","","","Gmira2@hotmail.com"
"Please DocuSign your AllRisk insurance documents.(321)208-7799| 00149754 | SR","Sent","Lowell Murrell","Sent","3/1/2018 9:35:08 AM EST","","","","","lmurrellwva@cfl.rr.com"
"Please DocuSign your AllRisk insurance documents.-(407)504-8004| 00723506 |SR","Sent","Wanda Anderson","Sent","3/1/2018 9:34:09 AM EST","","","","","Anderson.wanda@gmail.com"
"Corrected:Please DocuSign your SeaCoast  insurance documents.-Phn#(561)469-9880| Pc#476509 | SB","Sent","Kemwattie Mahmood","Sent","3/1/2018 9:33:49 AM EST","","","","","lakeworthautotech1@yahoo.com"
"Please DocuSign your AllRisk insurance documents.-(561)929-8692 | 00726069 | SR","Sent","Marie Fleurentin","Sent","3/1/2018 9:30:44 AM EST","","","","","fwer_luxon@hotmail.com"
"Please DocuSign your Aspen insurance documents.-(973)464-9843 | 00727693 | SR DR","Sent","Donna Greco","Sent","3/1/2018 9:27:16 AM EST","","","","","d.greco153@icloud.com"
"Please DocuSign your Cap Pre insurance documents.-(561)767-7060| 00663861 |LR","Completed","Samantha Landi","Completed","3/1/2018 9:23:55 AM EST","3/1/2018 5:49:42 PM EST","3/1/2018 1:06:00 PM EST","3/1/2018 5:49:42 PM EST","3/1/2018 5:49:42 PM EST","Samantha.e.landi@gmail.com"
"New: Please DocuSign your AllRisk insurance documents.-(305)332-3404| 00723996 | SR DR","Delivered","David West","Delivered","3/1/2018 9:14:16 AM EST","","3/1/2018 7:20:24 PM EST","","","dwest118@gmail.com"
"Please DocuSign your FL Specialty insurance documents.-(407)921-4072 | 00727557 |SB","Sent","JoJo Thomas","Sent","3/1/2018 9:08:30 AM EST","","","","","jojothomas11@gmail.com"
"Please DocuSign your Geovera insurance documents.-(219)629-1279 | 00691020 | SR RL","Completed","Jessica Tancos","Completed","3/1/2018 9:03:33 AM EST","3/1/2018 9:24:47 AM EST","3/1/2018 9:22:20 AM EST","3/1/2018 9:24:47 AM EST","3/1/2018 9:24:47 AM EST","Jtancos4342@yahoo.com"