"Subject","Status","Recipient Name","Action","Sent On","Completed On","View Date","Status Changed Date","Sign Date","Recipient Email"
"Please DocuSign your UPCIC insurance documents.- pc#1501-1804-1366 ph#470-304-1965 LR","Sent","Glenda Jean Karasoulis","Sent","8/2/2018 4:41:32 PM EDT","","","","","karasoja12@gmail.com"
"Please DocuSign your UPCIC insurance documents.- pc#1501-1804-1366 ph#470-304-1965 LR","Sent","James Karasoulis","Completed","8/2/2018 4:41:31 PM EDT","8/2/2018 5:36:01 PM EDT","8/2/2018 5:29:15 PM EDT","","8/2/2018 5:36:01 PM EDT","karasoja12@gmail.com"
"Please DocuSign your home insurance documents.-(786)223-0583| 00765875 |  LP","Completed","Enrique Hardouin","Completed","8/2/2018 4:30:28 PM EDT","8/2/2018 4:40:01 PM EDT","8/2/2018 4:37:14 PM EDT","8/2/2018 4:40:01 PM EDT","8/2/2018 4:40:01 PM EDT","jeannette.hardouin@dhl.com"
"Please DocuSign this agent of record form.-(407)804-1591| 00688316 | VO KC","Completed","Francis Breslin","Completed","8/2/2018 4:19:48 PM EDT","8/2/2018 8:17:45 PM EDT","8/2/2018 8:17:25 PM EDT","8/2/2018 8:17:45 PM EDT","8/2/2018 8:17:45 PM EDT","JASPERS56@YAHOO.COM"
"Please DocuSign your Aspen insurance documents.-(954)826-6387 | 00765850 | LR JK","Completed","Jenny Gonzalez","Completed","8/2/2018 4:14:03 PM EDT","8/2/2018 4:29:00 PM EDT","8/2/2018 4:26:05 PM EDT","8/2/2018 4:29:00 PM EDT","8/2/2018 4:29:00 PM EDT","jennygonzalez1105@gmail.com"
"Please DocuSign Cancellation request form.-(941)979-6920| 00696915 |  VO","Sent","Patricia Gunn","Sent","8/2/2018 4:08:02 PM EDT","","","","","Kendra2@aol.com"
"Please DocuSign Cancellation request form.-(941)979-6920| 00696915 |  VO","Sent","George Gunn","Sent","8/2/2018 4:08:02 PM EDT","","","","","Kendra2@aol.com"
"Please DocuSign your UPC insurance documents.-(941)979-6920| 00696915 |  LP","Sent","PATRICIA M GUNN TRUSTEE","Sent","8/2/2018 4:03:02 PM EDT","","","","","Kendra2@aol.com"
"Please DocuSign your UPC insurance documents.-(941)979-6920| 00696915 |  LP","Sent","PATRICIA M GUNN","Sent","8/2/2018 4:03:02 PM EDT","","","","","Kendra2@aol.com"
"Please DocuSign your new Wright flood insurance application.-(301)332-9661| 00693138 | LP","Completed","Eric Franklin","Completed","8/2/2018 3:41:47 PM EDT","8/2/2018 6:12:05 PM EDT","8/2/2018 6:11:24 PM EDT","8/2/2018 6:12:05 PM EDT","8/2/2018 6:12:05 PM EDT","efranklinmd@gmail.com"
"Please DocuSign your Velocity insurance documents.-(954)643-4831| 00761075 | LP","Sent","Bruno Iarussi","Sent","8/2/2018 3:21:10 PM EDT","","","","","iarussi30@hotmail.com"
"NEW: Please DocuSign your new flood insurance application.-(772)538-6677| 00602686 |  LP","Sent","Taylor De Laney","Sent","8/2/2018 3:09:13 PM EDT","","","","","delaney@gtec.com"
"Please DocuSign your Southern Fidelity insurance documents.-(561)445-2656| 00765772 | LR","Completed","SANDRA FELLER","Completed","8/2/2018 2:57:12 PM EDT","8/2/2018 3:39:40 PM EDT","8/2/2018 3:23:46 PM EDT","8/2/2018 3:39:40 PM EDT","8/2/2018 3:39:40 PM EDT","bearmousie@netscape.net"
"Please DocuSign your Progressive insurance documents.-(561)909-8384 | 00765324 | LU","Completed","JESSENIA DOMINGUEZ","Completed","8/2/2018 12:35:34 PM EDT","8/2/2018 1:27:56 PM EDT","8/2/2018 1:25:31 PM EDT","8/2/2018 1:27:56 PM EDT","8/2/2018 1:27:56 PM EDT","jessied999@yahoo.com"
"Please DocuSign: NVH-0005710 Inspection Letter.-(305)761-3321| 00755011 | LR","Sent","Bellamy-Corbett, Inez","Sent","8/2/2018 9:32:38 AM EDT","","","","","inezcorbett@yahoo.com"
"Please DocuSign your UPCIC insurance documents.-(561)715-6728| 00120454 | LP","Sent","Nelda Shafland","Sent","8/2/2018 9:31:05 AM EDT","","","","","paulshafland@att.net"
"Please DocuSign your UPCIC insurance documents.-(561)715-6728| 00120454 | LP","Sent","Paul Shafland","Sent","8/2/2018 9:31:05 AM EDT","","","","","paulshafland@att.net"
"Please DocuSign your Bass insurance documents.-(305)910-9151 | 00765556 |  LP Kory","Completed","Cindy Ellis","Completed","8/2/2018 9:17:55 AM EDT","8/2/2018 2:28:58 PM EDT","8/2/2018 2:25:29 PM EDT","8/2/2018 2:28:58 PM EDT","8/2/2018 2:28:58 PM EDT","ryandellis@me.com"
"Please DocuSign your Florida Speciality insurance documents.-(954)446-3359| 00765611 | LP","Completed","Luz Sanchez","Completed","8/2/2018 9:03:33 AM EDT","8/2/2018 9:57:42 AM EDT","8/2/2018 9:52:21 AM EDT","8/2/2018 9:57:42 AM EDT","8/2/2018 9:57:42 AM EDT","merlots2003@yahoo.com"
"Please DocuSign your Velocity insurance documents.-(954)861-8232 | 00764462 | LP","Delivered","Yvonne Brown","Delivered","8/1/2018 4:15:17 PM EDT","","8/2/2018 8:04:43 AM EDT","","","yvbrown3@gmail.com"
"Please DocuSign your Velocity insurance documents.-(954)861-8232 | 00764462 | LP","Delivered","Tracey Ann","Completed","8/1/2018 4:15:17 PM EDT","8/2/2018 8:32:42 AM EDT","8/2/2018 8:27:29 AM EDT","","8/2/2018 8:32:42 AM EDT","yvbrown3@gmail.com"
"Please DocuSign this policy change request.-(954)629-1132| 00745863 | KC","Completed","Decius Pierre Louis","Completed","8/1/2018 3:41:16 PM EDT","8/2/2018 3:32:06 AM EDT","8/2/2018 3:30:54 AM EDT","8/2/2018 3:32:06 AM EDT","8/2/2018 3:32:06 AM EDT","deciuslouis@yahoo.com"
"Please DocuSign your Wind Mitigation inspection.-(201)913-3420| 00761100  LR","Completed","Jennifer Martinez","Completed","8/1/2018 3:36:42 PM EDT","8/1/2018 3:39:27 PM EDT","8/1/2018 3:39:20 PM EDT","8/1/2018 3:39:27 PM EDT","8/1/2018 3:39:27 PM EDT","jmartinezz0301@gmail.com"
"Please DocuSign your Velocity insurance documents.-(954)639-3370| 00764499 | LP","Sent","Donett Wallace","Sent","8/1/2018 2:59:33 PM EDT","","","","","donnettangela@yahoo.com"
"Please DocuSign your Seacoast insurance documents.-(954)300-9639| 00763574 | LU","Completed","ORTAGUS, BRIAN","Completed","8/1/2018 2:36:24 PM EDT","8/2/2018 7:27:24 AM EDT","8/2/2018 7:21:53 AM EDT","8/2/2018 7:27:24 AM EDT","8/2/2018 7:27:24 AM EDT","BORTAGUS@broward.org"
"Please DocuSign your UPCIC insurance documents.-(757)816-5428| 00740512 | LR","Completed","Guy Weissmann","Completed","8/1/2018 11:20:41 AM EDT","8/1/2018 12:21:17 PM EDT","8/1/2018 12:20:39 PM EDT","8/1/2018 12:21:17 PM EDT","8/1/2018 12:21:17 PM EDT","skinnsales@gmail.com"
"Please DocuSign: IMA348865 Inspection Letter.-(850)567-4994| 00734377 | LR","Completed","Murphy, Connie","Completed","8/1/2018 11:14:01 AM EDT","8/1/2018 3:36:00 PM EDT","8/1/2018 3:35:37 PM EDT","8/1/2018 3:36:00 PM EDT","8/1/2018 3:36:00 PM EDT","7conniemurphy7@gmail.com"
"Please DocuSign: SPH-0000139 Inspection Letter.-(786)213-6358 | 00752828 |  LR","Sent","Hollaway, Viandes","Sent","8/1/2018 11:11:36 AM EDT","","","","","vcage1@att.net"
"Please DocuSign: NVH-0005135 Inspection Letter.-(305)216-8003| 00749009 | LR","Completed","Garcia, Omar","Completed","8/1/2018 11:10:33 AM EDT","8/1/2018 11:13:40 AM EDT","8/1/2018 11:11:31 AM EDT","8/1/2018 11:13:40 AM EDT","8/1/2018 11:13:40 AM EDT","ogarciamiami@gmail.com"
"Please DocuSign your Bass insurance documents.-(315)706-2149| 00745880 |  LR BB","Sent","Eliran Halliva","Sent","8/1/2018 11:03:33 AM EDT","","","","","viabellainc@gmail.com"
"Please DocuSign your Windmitigation insurance documents.-(617)957-6240| 00755283 | AG","Voided","Wayne Colahan","Sent","8/1/2018 10:25:00 AM EDT","","","8/2/2018 8:44:41 AM EDT","","wcolahan@wcaltd.net"
"Please DocuSign your Tapco insurance documents.-(813)867-9252| 00758914 |  LP Kory","Completed","William Hussey","Completed","8/1/2018 10:20:10 AM EDT","8/1/2018 10:21:28 AM EDT","8/1/2018 10:20:56 AM EDT","8/1/2018 10:21:28 AM EDT","8/1/2018 10:21:28 AM EDT","Bill.Hussey@bicgraphic.com"
"Please DocuSign your Bass insurance documents.-(786)213-6358| 00754965 | LP DR","Sent","Zepperine Bell","Sent","8/1/2018 9:38:16 AM EDT","","","","","vcage1@att.net"