"Subject","Status","Recipient Name","Action","Sent On","Completed On","View Date","Status Changed Date","Sign Date","Recipient Email"
"Please DocuSign your No Mandatory Purchase Affidavit.-(571)309-7536| 00543643 |  KC","Delivered","Owens, David","Delivered","10/4/2018 2:44:06 PM EDT","","10/4/2018 3:23:06 PM EDT","","","daveo161@aol.com"
"Please DocuSign Cancellation request form.-(443)398-5015 | 00139715 | VO","Completed","Donna Brock","Completed","10/3/2018 2:38:05 PM EDT","10/3/2018 2:55:29 PM EDT","10/3/2018 2:54:52 PM EDT","10/3/2018 2:55:29 PM EDT","10/3/2018 2:55:29 PM EDT","tapsinc900@aol.com"
"Please DocuSign this policy change request.-(718)761-7494| 00729805 | VO","Completed","Francis G Carley","Completed","10/3/2018 2:08:34 PM EDT","10/3/2018 5:31:18 PM EDT","10/3/2018 5:31:06 PM EDT","10/3/2018 5:31:18 PM EDT","10/3/2018 5:31:18 PM EDT","fcarley@verizon.net"
"Please DocuSign Cancellation request form.-(305)409-1305| 00758105 |  VO","Completed","Adi Gal","Completed","10/3/2018 11:59:19 AM EDT","10/3/2018 12:00:00 PM EDT","10/3/2018 11:59:53 AM EDT","10/3/2018 12:00:00 PM EDT","10/3/2018 12:00:00 PM EDT","adigalrealtor@gmail.com"
"Please DocuSign Cancellation request form.-(954)632-2230 | 00626466 | VO","Voided","Tonita Gregory","Sent","10/3/2018 10:46:23 AM EDT","","","10/4/2018 10:16:13 AM EDT","","TONITAGREGORY@GMAIL.COM"