"Subject","Status","Recipient Name","Action","Sent On","Completed On","View Date","Status Changed Date","Sign Date","Recipient Email"
"Please DocuSign your insurance application.  (305)506-5655    | 00706966 |   LR","Sent","Nestor R. Chavez ","Sent","11/10/2017 6:10:13 PM EST","","","","","nc_miami@yahoo.com"
"Please DocuSign your new insurance application.  (407)473-8331  | 00706953 |  SB","Sent","Charles Render","Sent","11/10/2017 6:03:26 PM EST","","","","","crender7@gmail.com"
"Please DocuSign your new insurance application.  (407)473-8331  | 00706953 |  SB","Sent","Chris Cole","Completed","11/10/2017 6:03:27 PM EST","11/10/2017 6:03:35 PM EST","11/10/2017 6:03:32 PM EST","","11/10/2017 6:03:35 PM EST","kerry.clinton@brightway.com"
"Please DocuSign your new insurance application.(954)279-0294    | 00518965 |  LR","Sent","Jeffrey Hall","Sent","11/10/2017 5:56:02 PM EST","","","","","electricjeff@bellsouth.net"
"Please DocuSign your new insurance application.(954)279-0294    | 00518965 |  LR","Sent","Heidi Hall","Sent","11/10/2017 5:56:02 PM EST","","","","","electricjeff@bellsouth.net"
"Please DocuSign your new insurance application. (561)251-4902   | 00145037 | LR MO","Sent","DENISE TRUESE-SCHULTZ","Sent","11/10/2017 5:49:39 PM EST","","","","","galjoen@bellsouth.net"
"Please DocuSign your new insurance application. (561)251-4902   | 00145037 | LR MO","Sent","John Schultz","Sent","11/10/2017 5:49:39 PM EST","","","","","galjoen@bellsouth.net"
"Please DocuSign your new insurance application. (561)251-4902   | 00145037 | LR MO","Sent","Kerry Clinton","Completed","11/10/2017 5:49:39 PM EST","11/10/2017 5:49:50 PM EST","11/10/2017 5:49:45 PM EST","","11/10/2017 5:49:50 PM EST","kerry.clinton@brightway.com"
"Please DocuSign your new THIG and St.Jhons insurance application.phn#(954)854-5494acc#00557405 TM MO","Voided","Mohammed Rehman","Sent","11/10/2017 5:33:36 PM EST","","","11/10/2017 5:34:32 PM EST","","shazia7978@gmail.com"
"Please DocuSign your new THIG and St.Jhons insurance application.phn#(954)854-5494acc#00557405 TM MO","Voided","Shazia Rehman","Sent","11/10/2017 5:33:36 PM EST","","","11/10/2017 5:34:32 PM EST","","Shazia7978@gmail.com"
"Please DocuSign your AllRisk insurance documents.-00601282 |(321)265-1076 | SR","Sent","Ryan Bonner","Delivered","11/10/2017 4:57:53 PM EST","","11/10/2017 4:59:49 PM EST","","","Elizabeth.movingwaters@gmail.com"
"Please DocuSign your AllRisk insurance documents.-00601282 |(321)265-1076 | SR","Sent","Chris Cole","Sent","11/10/2017 4:57:53 PM EST","","","","","kerry.clinton@brightway.com"
"Please DocuSign your AllRisk insurance documents.-(561)294-1708| 00320437 |SR","Sent","Donna Butterworth","Sent","11/10/2017 4:46:31 PM EST","","","","","djscreens@yahoo.com"
"Please DocuSign Cancellation request form.- (561)225-8739| 00320437 |MO","Sent","Carlos Noda","Sent","11/10/2017 4:39:17 PM EST","","","","","lidice_hernandez@yahoo.es"
"Please DocuSign Cancellation request form.-(954)816-8820| 00705784","Sent","JASON SARJI","Sent","11/10/2017 4:35:59 PM EST","","","","","jason@aaaCapitalFunding.com"
"Please DocuSign Cancellation request form.-(954)816-8820| 00705784","Sent","SAMANTHA SARJI","Sent","11/10/2017 4:35:59 PM EST","","","","","jason@aaaCapitalFunding.com"
"Please DocuSign your Southern Fidelity insurance documents.-(954)857-1490| 00700206 |MO SB","Sent","Devannie J Abell","Sent","11/10/2017 4:33:24 PM EST","","","","","johnamusic@gmail.com"
"Please DocuSign your Southern Fidelity insurance documents.-(954)857-1490| 00700206 |MO SB","Sent","JOHN ABELL","Sent","11/10/2017 4:33:24 PM EST","","","","","johnamusic@gmail.com"
"Please DocuSign your AllRisk insurance documents.-(305)323-1057| 00706891 |SR MO","Completed","Sandra M Johnson","Completed","11/10/2017 4:17:57 PM EST","11/11/2017 3:32:56 PM EST","11/11/2017 3:29:22 PM EST","11/11/2017 3:32:57 PM EST","11/11/2017 3:32:56 PM EST","sandramarina66@gmail.com"
"Please DocuSign your Federated insurance documents.-(863)304-3517| 00706883 |SB","Completed","Timothy Fears","Completed","11/10/2017 4:02:15 PM EST","11/10/2017 4:32:01 PM EST","11/10/2017 4:29:45 PM EST","11/10/2017 4:32:01 PM EST","11/10/2017 4:32:01 PM EST","sefears@msn.com"
"Please DocuSign your AllRisk insurance documents.-(813)453-5787 | 00706876 |SR","Sent","Miriam Rodriguez","Sent","11/10/2017 3:57:10 PM EST","","","","","mrmybiz@yahoo.com"
"Please DocuSign your home insurance documents.-","Completed","GUDRUN SMITH","Completed","11/10/2017 3:53:29 PM EST","11/10/2017 4:52:06 PM EST","11/10/2017 4:39:45 PM EST","11/10/2017 4:52:07 PM EST","11/10/2017 4:52:06 PM EST","nasangel2@bellsouth.net"
"Please DocuSign your Cabrillo insurance documents.-(561)308-2333 | 00706672 | SB","Completed","WILLIAM C DAVIS","Completed","11/10/2017 3:49:50 PM EST","11/10/2017 5:55:33 PM EST","11/10/2017 5:51:08 PM EST","11/10/2017 5:55:34 PM EST","11/10/2017 5:55:33 PM EST","DWMDAVIS@AOL.COM"
"Please DocuSign your new ASI insurance application.-| 00585626 |(978)804-3899 LR","Completed","Domingo Infante","Completed","11/10/2017 3:43:24 PM EST","11/10/2017 3:47:10 PM EST","11/10/2017 3:44:59 PM EST","11/10/2017 3:47:11 PM EST","11/10/2017 3:47:10 PM EST","dominair12@aol.com"
"Please DocuSign your UPC insurance documents.-(417)827-1162| 00706934 |LR","Sent","Larry Huff","Delivered","11/10/2017 3:36:19 PM EST","","11/10/2017 6:31:15 PM EST","","","Dwayne.huff@att.net"
"Please DocuSign your UPC insurance documents.-(417)827-1162| 00706934 |LR","Sent","Sheryl Huff","Sent","11/10/2017 3:36:19 PM EST","","","","","Dwayne.huff@att.net"
"Please DocuSign your UPC insurance documents.-(417)827-1162| 00706934 |LR","Sent","Chris Cole","Completed","11/10/2017 3:36:19 PM EST","11/10/2017 3:37:10 PM EST","11/10/2017 3:36:48 PM EST","","11/10/2017 3:37:10 PM EST","kerry.clinton@brightway.com"
"Please DocuSign your AllRisk insurance documents.- (917)373-0855| 00706751 |SR","Sent","William Smith","Sent","11/10/2017 3:22:16 PM EST","","","","","wjsmej39@gmail.com"
"Please DocuSign your Bass insurance documents.- SR","Completed","Richard McCarthy ","Completed","11/10/2017 3:21:08 PM EST","11/10/2017 3:34:45 PM EST","11/10/2017 3:30:34 PM EST","11/10/2017 3:34:46 PM EST","11/10/2017 3:34:45 PM EST","richardmc31@icloud.com"
"Please DocuSign your Bass, ASI and Vertus insurance documents.-(904)765-9472 | 00704763 | SR LR","Sent","Francis Hicks","Sent","11/10/2017 3:05:43 PM EST","","","","","fyvonnehicks@aol.com"
"Please DocuSign your UPC insurance documents.-(917)373-0855| 00706751 | SR","Sent","Brenda Duncan","Sent","11/10/2017 2:34:15 PM EST","","","","","brendad000@hotmail.com"
"Please DocuSign your Bamkers insurance documents.-phone#(954)421-5055acc#00689229 SB","Completed","Eric Streader ","Completed","11/10/2017 2:11:18 PM EST","11/10/2017 3:23:48 PM EST","11/10/2017 3:21:48 PM EST","11/10/2017 3:23:49 PM EST","11/10/2017 3:23:48 PM EST","Markoangelo9@aol.com"
"Please DocuSign your AllRisk insurance documents.-(571)268-0397| 00706737 |SB","Sent","Anastazia Huryan","Sent","11/10/2017 1:57:29 PM EST","","","","","ahuryan@gmail.com"
"Please DocuSign your Universal P&C insurance documents.-(561)537-0659| 00207557 |LR","Sent","David Morris","Sent","11/10/2017 1:48:37 PM EST","","","","","nisachol.morrris@gmail.com"
"Please DocuSign Certificate Of Condition- MD LL","Completed","Nestor Chavez","Completed","11/10/2017 1:40:28 PM EST","11/10/2017 2:05:43 PM EST","11/10/2017 2:05:24 PM EST","11/10/2017 2:05:43 PM EST","11/10/2017 2:05:43 PM EST","nc_miami@yahoo.com"
"Please DocuSign your UPCIC insurance documents.-(772)480-4443| 00567974 | MO KC","Sent","Joseph T Dimaio","Sent","11/10/2017 1:01:02 PM EST","","","","","Dimaio.joseph@yahoo.com"
"Please DocuSign this document: Additional insurance types and information no Life edited 4.18.201...","Voided","Phong Le","Sent","11/10/2017 12:22:02 PM EST","","","11/10/2017 1:29:26 PM EST","","VNAF0215@YAHOO.COM"
"Please DocuSign this document: Additional insurance types and information no Life edited 4.18.201...","Voided","Thu Nguyen","Sent","11/10/2017 12:22:02 PM EST","","","11/10/2017 1:29:26 PM EST","","VNAF0215@YAHOO.COM"
"Please DocuSign your Universal P&C insurance documents.-(954)687-6148| 00415383  LR","Sent","Priscilla Moxey","Sent","11/10/2017 11:38:43 AM EST","","","","","P_COX20@HOTMAIL.COM"
"Please DocuSign your Universal P&C insurance documents.-(954)687-6148| 00415383  LR","Sent","Jaime Moxey","Completed","11/10/2017 11:38:43 AM EST","11/10/2017 1:07:59 PM EST","11/10/2017 12:49:03 PM EST","","11/10/2017 1:07:59 PM EST","P_COX20@HOTMAIL.COM"
"Please DocuSign your UPC insurance documents.-(754)235-5528 | 00706670 | LR","Completed","Leo Montiero Souza","Completed","11/10/2017 11:25:27 AM EST","11/10/2017 1:57:02 PM EST","11/10/2017 1:51:24 PM EST","11/10/2017 1:57:02 PM EST","11/10/2017 1:57:02 PM EST","pooldoctorsfl@gmail.com"
"Please DocuSign this document: Additional insurance types and information no Life edited 4.18.201...","Completed","Lisa Goldberg","Completed","11/10/2017 11:10:52 AM EST","11/10/2017 12:06:38 PM EST","11/10/2017 11:37:17 AM EST","11/10/2017 12:06:39 PM EST","11/10/2017 12:06:38 PM EST","lisarobingoldberg@gmail.com"
"Please DocuSign: CLH-0006691 Inspection Letter-phn#(786)380-1303acc00692665  LR","Sent","Monica Sotolongo","Sent","11/10/2017 10:25:13 AM EST","","","","","arangomanwithvan@gmail.com"
"Please DocuSign your ASI flood insurance documents.(917)373-3497| 00564555-LR","Completed","VLADMIR SPIVAK","Completed","11/10/2017 9:25:18 AM EST","11/10/2017 10:51:47 AM EST","11/10/2017 10:50:37 AM EST","11/10/2017 10:51:47 AM EST","11/10/2017 10:51:47 AM EST","vlad@modernlinefurniture.com"
"Please DocuSign your new homeowners insurance application.  (704)621-3397   | 00558225 |  SB MO","Sent","Maria Oliveira","Sent","11/10/2017 9:37:41 AM EST","","","","","maria.schultz@thegraphmobile.com"
"Please DocuSign your new homeowners insurance application.  (704)621-3397   | 00558225 |  SB MO","Sent","Chris Cole","Completed","11/9/2017 7:51:02 PM EST","11/9/2017 7:51:15 PM EST","11/9/2017 7:51:13 PM EST","","11/9/2017 7:51:15 PM EST","kerry.clinton@brightway.com"
"Please DocuSign your new homeowners insurance application.  (704)621-3397   | 00558225 |  SB MO","Sent","Dercilio Oliveira","Completed","11/9/2017 7:51:02 PM EST","11/10/2017 9:33:23 AM EST","11/10/2017 9:27:58 AM EST","","11/10/2017 9:33:23 AM EST","doliveira@hotmail.com"
"Please DocuSign your new homeowners insurance application.  | 00706577 |   SR","Completed","Chris Cole","Completed","11/9/2017 7:42:43 PM EST","11/9/2017 7:42:51 PM EST","11/9/2017 7:42:48 PM EST","11/9/2017 11:11:01 PM EST","11/9/2017 7:42:51 PM EST","kerry.clinton@brightway.com"
"Please DocuSign your new homeowners insurance application.  | 00706577 |   SR","Completed","Daniel Monllau","Completed","11/9/2017 7:42:43 PM EST","11/9/2017 11:11:01 PM EST","11/9/2017 11:08:54 PM EST","11/9/2017 11:11:01 PM EST","11/9/2017 11:11:01 PM EST","dmonllau20@hotmail.com"
"Please DocuSign your new homeowners insurance application.  (954)235-3989  | 00525041 | MO  SB","Sent","Paul Perry","Sent","11/9/2017 7:38:29 PM EST","","","","","Divorcepro1@gmail.com"
"Please DocuSign your new homeowners insurance application.  (954)235-3989  | 00525041 | MO  SB","Sent","Kerry Clinton","Completed","11/9/2017 7:38:29 PM EST","11/9/2017 7:38:40 PM EST","11/9/2017 7:38:34 PM EST","","11/9/2017 7:38:40 PM EST","kerry.clinton@brightway.com"
"Please DocuSign your new homeowners insurance application.  (954)235-3989  | 00525041 | MO  SB","Sent","Marie Perry","Completed","11/9/2017 7:38:29 PM EST","11/10/2017 10:10:57 AM EST","11/10/2017 10:10:14 AM EST","","11/10/2017 10:10:57 AM EST","Divorcepro1@gmail.com"
"Please DocuSign your new homeowners insurance application. (954)782-4295  | 00706534 | MO SB","Completed","Kerry Clinton","Completed","11/9/2017 7:31:15 PM EST","11/9/2017 7:31:24 PM EST","11/9/2017 7:31:19 PM EST","11/9/2017 8:58:16 PM EST","11/9/2017 7:31:24 PM EST","kerry.clinton@brightway.com"
"Please DocuSign your new homeowners insurance application. (954)782-4295  | 00706534 | MO SB","Completed","Diane Levanti","Completed","11/9/2017 7:31:15 PM EST","11/9/2017 8:58:15 PM EST","11/9/2017 8:55:25 PM EST","11/9/2017 8:58:16 PM EST","11/9/2017 8:58:15 PM EST","DIANNE.LEVANTI@ATT.NET"
"Please DocuSign your new homeowners insurance application. (312)402-2517  | 00706514 |  SR","Completed","Kerry Clinton","Completed","11/9/2017 7:23:51 PM EST","11/9/2017 7:24:17 PM EST","11/9/2017 7:24:11 PM EST","11/10/2017 5:22:05 PM EST","11/9/2017 7:24:17 PM EST","kerry.clinton@brightway.com"
"Please DocuSign your new homeowners insurance application. (312)402-2517  | 00706514 |  SR","Completed","Jerry Shipkin","Completed","11/9/2017 7:23:51 PM EST","11/10/2017 5:22:05 PM EST","11/10/2017 4:40:25 PM EST","11/10/2017 5:22:05 PM EST","11/10/2017 5:22:05 PM EST","jerry.shipkin@sbcglobal.net"
" Please Docusign your new homeowners insurance application.   (610)202-3230     | 00706504 | SR","Sent","Patrice Lissade","Sent","11/9/2017 7:20:17 PM EST","","","","","patrice.lissade@gmail.com"
" Please Docusign your new homeowners insurance application.   (610)202-3230     | 00706504 | SR","Sent","Chris Cole","Completed","11/9/2017 7:20:17 PM EST","11/9/2017 7:21:06 PM EST","11/9/2017 7:21:03 PM EST","","11/9/2017 7:21:06 PM EST","kerry.clinton@brightway.com"
"Please DocuSign your Sea Coast insurance documents.-","Completed","Alberto Solano","Completed","11/9/2017 4:24:32 PM EST","11/9/2017 5:53:43 PM EST","11/9/2017 5:49:14 PM EST","11/9/2017 5:53:43 PM EST","11/9/2017 5:53:43 PM EST","mariaromerosolano@yahoo.com"
"Please DocuSign your AllRisk insurance documents.-00601282 |(321)265-1076 |(321)265-1076","Completed","Ryan Bonner","Completed","11/9/2017 3:48:05 PM EST","11/9/2017 6:48:57 PM EST","11/9/2017 6:46:21 PM EST","11/9/2017 6:48:57 PM EST","11/9/2017 6:48:57 PM EST","Elizabeth.movingwaters@gmail.com"
"Please DocuSign your Olympus insurance document & Cancellation -(516)633-4559 | 00706435 |MO SB","Completed","AUDREE OSER","Completed","11/9/2017 2:45:08 PM EST","11/10/2017 9:18:10 AM EST","11/9/2017 8:44:55 PM EST","11/10/2017 9:20:48 AM EST","11/10/2017 9:18:10 AM EST","audreeoser@gmail.com"
"Please DocuSign your Olympus insurance document & Cancellation -(516)633-4559 | 00706435 |MO SB","Completed","MARTY OSER","Completed","11/9/2017 2:35:56 PM EST","11/10/2017 9:20:48 AM EST","11/10/2017 9:19:34 AM EST","11/10/2017 9:20:48 AM EST","11/10/2017 9:20:48 AM EST","audreeoser@gmail.com"
"Please DocuSign your AllRisk insurance documents.- (561)394-9514| 00041657 |SR","Completed","Michael Grassini","Completed","11/9/2017 2:25:54 PM EST","11/10/2017 6:37:05 AM EST","11/10/2017 6:35:20 AM EST","11/10/2017 6:37:06 AM EST","11/10/2017 6:37:05 AM EST","mkg44@comcast.net"
"Please DocuSign your AllRisk insurance documents.-(786)469-9830| 00596652 |SR","Completed","Rene Bueno","Completed","11/9/2017 2:21:05 PM EST","11/9/2017 4:52:48 PM EST","11/9/2017 4:48:33 PM EST","11/9/2017 4:52:48 PM EST","11/9/2017 4:52:48 PM EST","reelbueno@hotmail.com"
"Please DocuSign your UPC insurance documents.-(561)254-8693| 00179069 |LR","Sent","Aleen Rosenheim","Sent","11/9/2017 12:30:37 PM EST","","","","","rosenheima@gmail.com"
"Please DocuSign your UPC insurance documents.-(561)727-4861| 00699482 |LR","Completed","Lan Pham","Completed","11/9/2017 12:09:11 PM EST","11/9/2017 1:34:25 PM EST","11/9/2017 1:32:15 PM EST","11/9/2017 1:34:25 PM EST","11/9/2017 1:34:25 PM EST","lanpham1781@gmail.com"
"Please DocuSign Replacement cost estimator form.-(646)354-3714 | 00706353 |SR","Completed","Alberto Crespo-Somoza","Completed","11/9/2017 10:36:16 AM EST","11/11/2017 7:11:47 PM EST","11/11/2017 7:11:20 PM EST","11/11/2017 7:11:47 PM EST","11/11/2017 7:11:47 PM EST","albersrt8@gmail.com"
"Please DocuSign: KLH-0002454 Inspection Letter.Phone#(305)206-4994Acc# 00673960 LR","Sent","Nicolas Williamson","Sent","11/9/2017 10:30:24 AM EST","","","","","nicolasjwilliamson@yahoo.co.uk"
"Please DocuSign Cancellation request form.- | 00686639 |(954)303-2720 LR","Completed","Van Saliba","Completed","11/9/2017 10:06:27 AM EST","11/9/2017 10:56:52 AM EST","11/9/2017 10:56:43 AM EST","11/9/2017 10:57:17 AM EST","11/9/2017 10:56:52 AM EST","steve@prenner.com"
"Please DocuSign Cancellation request form.- | 00686639 |(954)303-2720 LR","Completed","Hope Tchividjian","Completed","11/9/2017 10:06:27 AM EST","11/9/2017 10:57:16 AM EST","11/9/2017 10:57:12 AM EST","11/9/2017 10:57:17 AM EST","11/9/2017 10:57:16 AM EST","steve@prenner.com"
"Please DocuSign your OUH-0002524 Inspection Letter. 00686749 |(786)489-1990 SR","Sent","Eddie Burns","Sent","11/9/2017 9:52:59 AM EST","","","","","angeladena@bellsouth.net"
"Please DocuSign this document: Ralph Conte - Travelers Policy  00537391 - OH","Completed","Ralph Conte","Completed","11/9/2017 9:01:53 AM EST","11/9/2017 9:13:22 AM EST","11/9/2017 9:12:38 AM EST","11/9/2017 9:13:23 AM EST","11/9/2017 9:13:22 AM EST","rconte2@cox.net"
"Please DocuSign Cancellation request form.-(305)510-5717 | 00705538 MO","Completed","Margaret Sidor ","Completed","11/8/2017 10:01:58 PM EST","11/9/2017 10:23:31 AM EST","11/9/2017 10:18:45 AM EST","11/9/2017 10:24:28 AM EST","11/9/2017 10:23:31 AM EST","laurapusnar@aol.com"
"Please DocuSign Cancellation request form.-(305)510-5717 | 00705538 MO","Completed","Laura Sidor","Completed","11/8/2017 10:01:58 PM EST","11/9/2017 10:24:27 AM EST","11/9/2017 10:23:46 AM EST","11/9/2017 10:24:28 AM EST","11/9/2017 10:24:27 AM EST","laurapusnar@aol.com"
"Please DocuSign your Vertus Tower Hill insurance application  (561)319-6604  | 00700622 | SR LR","Sent","Lisa Hohn","Sent","11/9/2017 5:10:57 PM EST","","","","","lisahohn83@aol.com"
"Please DocuSign your insurance documents.-  (562)537-4983   | 00702031 |  LR ","Completed","Chris Cole","Completed","11/8/2017 9:47:38 PM EST","11/8/2017 9:47:54 PM EST","11/8/2017 9:47:49 PM EST","11/9/2017 6:03:20 AM EST","11/8/2017 9:47:54 PM EST","kerry.clinton@brightway.com"
"Please DocuSign your insurance documents.-  (562)537-4983   | 00702031 |  LR ","Completed","GEORGE SEARLES","Completed","11/8/2017 9:47:38 PM EST","11/9/2017 6:03:20 AM EST","11/9/2017 5:56:59 AM EST","11/9/2017 6:03:20 AM EST","11/9/2017 6:03:20 AM EST","fltinspector@gmail.com"
"Please DocuSign your insurance documents.-  (303)332-2282  | 00562109 |  LR","Completed","Kerry Clinton","Completed","11/8/2017 9:37:11 PM EST","11/8/2017 9:37:46 PM EST","11/8/2017 9:37:24 PM EST","11/11/2017 11:37:45 AM EST","11/8/2017 9:37:46 PM EST","kerry.clinton@brightway.com"
"Please DocuSign your insurance documents.-  (303)332-2282  | 00562109 |  LR","Completed","Marilyn Costanza","Completed","11/8/2017 9:37:10 PM EST","11/9/2017 11:11:06 AM EST","11/9/2017 10:55:39 AM EST","11/11/2017 11:37:45 AM EST","11/9/2017 11:11:06 AM EST","Maxster55@aol.com"
"Please DocuSign your insurance documents.-  (303)332-2282  | 00562109 |  LR","Completed","Darryl Costanza","Completed","11/8/2017 9:37:11 PM EST","11/11/2017 11:37:44 AM EST","11/9/2017 11:20:08 AM EST","11/11/2017 11:37:45 AM EST","11/11/2017 11:37:44 AM EST","Maxster55@aol.com"
"Please DocuSign your Agent of record form.- (305)665-9927  | 00675908 |  SB","Sent","Socorro Mosquera","Sent","11/8/2017 9:27:14 PM EST","","","","","socorro1023@yahoo.com"
"Please DocuSign your insurance documents.- (786)554-6290   | 00706306 |  SB MO","Completed","Chris Cole","Completed","11/8/2017 9:14:39 PM EST","11/8/2017 9:14:47 PM EST","11/8/2017 9:14:44 PM EST","11/9/2017 12:43:07 PM EST","11/8/2017 9:14:47 PM EST","kerry.clinton@brightway.com"
"Please DocuSign your insurance documents.- (786)554-6290   | 00706306 |  SB MO","Completed","Jose Sierra","Completed","11/8/2017 9:14:39 PM EST","11/9/2017 12:43:07 PM EST","11/9/2017 12:42:02 PM EST","11/9/2017 12:43:07 PM EST","11/9/2017 12:43:07 PM EST","jsierra36@aol.com"
"Please DocuSign your insurance documents.- (561)523-7468    | 00706280 |   SR","Completed","Chris Cole","Completed","11/8/2017 9:05:57 PM EST","11/8/2017 9:06:27 PM EST","11/8/2017 9:06:23 PM EST","11/8/2017 11:38:02 PM EST","11/8/2017 9:06:27 PM EST","kerry.clinton@brightway.com"
"Please DocuSign your insurance documents.- (561)523-7468    | 00706280 |   SR","Completed","Jose Cathcart Balmaseda","Completed","11/8/2017 9:05:56 PM EST","11/8/2017 11:38:02 PM EST","11/8/2017 11:30:41 PM EST","11/8/2017 11:38:02 PM EST","11/8/2017 11:38:02 PM EST","josefreestuff@yahoo.com"
"Please DocuSign your insurance documents.- (561)401-8098  | 00706232   SB","Completed","Tracey Leibowitz","Completed","11/8/2017 9:01:03 PM EST","11/9/2017 12:05:03 PM EST","11/9/2017 12:02:50 PM EST","11/9/2017 12:05:03 PM EST","11/9/2017 12:05:03 PM EST","groupnine1@aol.com"
"Please DocuSign your Geovera insurance documents.-","Sent","Juan Carlos Agudelo","Sent","11/8/2017 5:43:26 PM EST","","","","","calucho03@msn.com"
"Please DocuSign Premium Finance form (941)391-0705| 00700766 AJ","Delivered","Elisa Ainscoe","Delivered","11/8/2017 5:40:12 PM EST","","11/8/2017 5:50:32 PM EST","","","timainscoe@yahoo.com"
"Please DocuSign your AllRisk insurance documents.-(561)496-6383| 00706416 |SR","Delivered","Stanley Saltz","Delivered","11/8/2017 3:37:40 PM EST","","11/8/2017 10:55:41 PM EST","","","googie1222@aol.com"
"Please DocuSign your new Cat4 insurance application.-(407)455-2876 | 00703206 |SR","Delivered","Albert Gray","Delivered","11/8/2017 3:32:05 PM EST","","11/8/2017 7:01:02 PM EST","","","Marinemsgt23@att.net"
"Please DocuSign your AllRisk insurance documents.-(786)859-3867| 00702642  SR","Sent","Stephanie Jean-Pierre","Sent","11/8/2017 3:31:15 PM EST","","","","","Virtuouswoman36@gmail.com"
"Please DocuSign your AllRisk insurance documents.-(646)354-3714 | 00706353 |SR","Completed","Alberto Crespo-Somoza","Completed","11/8/2017 3:24:27 PM EST","11/8/2017 8:40:45 PM EST","11/8/2017 7:05:22 PM EST","11/8/2017 8:40:45 PM EST","11/8/2017 8:40:45 PM EST","albersrt8@gmail.com"
"Please DocuSign your AllRisk insurance documents.-(561)414-7412| 00046295 | SR","Completed","Andree Collins","Completed","11/8/2017 3:19:56 PM EST","11/8/2017 4:11:51 PM EST","11/8/2017 4:07:18 PM EST","11/8/2017 4:11:51 PM EST","11/8/2017 4:11:51 PM EST","miguelmac42@hotmail.com"
"Please DocuSign Acknowledgement form | 00705084 |(561)767-6145 SR","Completed","Thomas Tolbert","Completed","11/8/2017 12:27:54 PM EST","11/8/2017 12:52:31 PM EST","11/8/2017 12:52:17 PM EST","11/8/2017 12:52:32 PM EST","11/8/2017 12:52:31 PM EST","tommyt762@aol.com"
"Please DocuSign Cancellation request form.-(305)510-5717 | 00705538 MO","Completed","Laura Sidor","Completed","11/8/2017 12:22:06 PM EST","11/8/2017 2:51:35 PM EST","11/8/2017 12:57:43 PM EST","11/8/2017 2:51:35 PM EST","11/8/2017 2:51:35 PM EST","laurapusnar@aol.com"
"Please DocuSign your People's Trust insurance documents.-(561)371-8136| 00706164 |MO SB","Completed","Ernest Jabour","Completed","11/8/2017 11:56:51 AM EST","11/8/2017 1:09:04 PM EST","11/8/2017 1:04:47 PM EST","11/8/2017 1:09:05 PM EST","11/8/2017 1:09:04 PM EST","ejabour@bellsouth.net"
"Please DocuSign your Universal P&C insurance documents.-(954)303-2720 | 00686639 |LR","Completed","Hope Tchividjian","Completed","11/8/2017 11:21:11 AM EST","11/8/2017 12:22:37 PM EST","11/8/2017 12:22:10 PM EST","11/8/2017 12:24:42 PM EST","11/8/2017 12:22:37 PM EST","steve@prenner.com"
"Please DocuSign your Universal P&C insurance documents.-(954)303-2720 | 00686639 |LR","Completed","Van S Saliba","Completed","11/8/2017 11:21:11 AM EST","11/8/2017 12:24:42 PM EST","11/8/2017 12:23:03 PM EST","11/8/2017 12:24:42 PM EST","11/8/2017 12:24:42 PM EST","steve@prenner.com"
"Please DocuSign your new AllRisk and Tower Hill insurance application.(561)248-1165| 00706088 |LR SR","Completed","Damon Hitchner","Completed","11/8/2017 10:58:42 AM EST","11/9/2017 7:10:26 PM EST","11/9/2017 7:07:02 PM EST","11/9/2017 7:10:26 PM EST","11/9/2017 7:10:26 PM EST","knkm@comcast.net"
"Please DocuSign your new ASI flood insurance application  | 00509448 | (561)324-8661 LR","Completed","Mary Coates","Completed","11/8/2017 10:41:58 AM EST","11/8/2017 12:06:23 PM EST","11/8/2017 10:58:33 AM EST","11/8/2017 12:06:24 PM EST","11/8/2017 12:06:23 PM EST","mcoates@waterstonemortgage.com"
"Please DocuSign your AllRisk insurance documents.-(786)859-3867| 00702642  SR","Completed","Stephanie Jean-Pierre","Completed","11/8/2017 10:20:41 AM EST","11/8/2017 4:13:23 PM EST","11/8/2017 4:11:16 PM EST","11/8/2017 4:13:24 PM EST","11/8/2017 4:13:23 PM EST","stephaniejp09@gmail.com"
"Please DocuSign your Universal P&C insurance documents.-(954)548-9643  | 00706143 | LR","Completed","CARLOS E VILLAVICENCIO","Completed","11/7/2017 8:02:50 PM EST","11/9/2017 12:38:56 PM EST","11/8/2017 8:42:43 PM EST","11/9/2017 12:38:56 PM EST","11/9/2017 12:38:56 PM EST","SAN23662@YAHOO.COM"
"Please DocuSign your Universal P&C insurance documents.-(347)307-7942| 00706149 LR ","Sent","Adroine Thomas","Sent","11/7/2017 7:57:15 PM EST","","","","","humancompass@hotmail.com"
"Please DocuSign your new ASI insurance application.-(727)254-2631| 00554986 |LR","Completed","Bami Parsons","Completed","11/7/2017 5:05:17 PM EST","11/8/2017 2:29:05 PM EST","11/8/2017 2:27:47 PM EST","11/8/2017 2:29:05 PM EST","11/8/2017 2:29:05 PM EST","bamiparsons@yahoo.com"
"Please DocuSign this agent of record form.-(914)522-6391| 00706160 |CC DB","Completed","Michael Piazza","Completed","11/7/2017 4:41:32 PM EST","11/7/2017 7:04:31 PM EST","11/7/2017 7:04:17 PM EST","11/7/2017 7:04:31 PM EST","11/7/2017 7:04:31 PM EST","mike@mpiazzarealestate.com"
"Please DocuSign Skipjack Premium Finance form| 00601282 |(321)265-1076 OH","Completed","Ryan Bonner","Completed","11/7/2017 4:01:42 PM EST","11/9/2017 6:53:56 PM EST","11/9/2017 6:49:26 PM EST","11/9/2017 6:53:57 PM EST","11/9/2017 6:53:56 PM EST","elizabeth.movingwaters@gmail.com"
"Please DocuSign your Tower Hill insurance documents.-(863)697-6198| 00706005 |LR","Sent","Travis Vonderau","Sent","11/7/2017 2:31:42 PM EST","","","","","Vannaokchb8@hotmail.com"
"Please DocuSign your Tower Hill insurance documents.-(863)697-6198| 00706005 |LR","Sent","Vanna Vonderau","Sent","11/7/2017 2:31:42 PM EST","","","","","Vannaokchb8@hotmail.com"
"Please DocuSign your Universal P&C insurance documents.-(954)641-6015| 00705990 |LR","Completed","Mark Hemmerle","Completed","11/7/2017 2:21:12 PM EST","11/8/2017 12:49:22 PM EST","11/8/2017 7:09:28 AM EST","11/8/2017 12:49:22 PM EST","11/8/2017 12:49:22 PM EST","Mark.w.hemmerle@faa.gov"
"Please DocuSign this agent of record form.- 00706047 |561)574-6954 BB DB","Completed","Richard McCarthy","Completed","11/7/2017 1:41:32 PM EST","11/7/2017 1:46:58 PM EST","11/7/2017 1:46:47 PM EST","11/7/2017 1:46:59 PM EST","11/7/2017 1:46:58 PM EST","richardmc31@gmail.com"
"Please DocuSign Cancellation request form.-phone#(954)235-5467acc#00689380 MO","Completed","Benjamin Sollins","Completed","11/7/2017 1:26:55 PM EST","11/8/2017 10:34:05 AM EST","11/8/2017 10:33:32 AM EST","11/8/2017 10:34:48 AM EST","11/8/2017 10:34:05 AM EST","kimcopeland7@gmail.com"
"Please DocuSign Cancellation request form.-phone#(954)235-5467acc#00689380 MO","Completed","Kimberly Copeland","Completed","11/7/2017 1:26:55 PM EST","11/8/2017 10:34:47 AM EST","11/8/2017 10:34:20 AM EST","11/8/2017 10:34:48 AM EST","11/8/2017 10:34:47 AM EST","kimcopeland7@gmail.com"
"Please DocuSig NVH-0002988 Inspection Letter.| 00621580 | (786)307-9201 LR","Sent","Christine Mena","Sent","11/7/2017 12:38:20 PM EST","","","","","Christy934@aol.com"
"Please DocuSign Replacement cost estimator form | 00700878 |(305)345-5987 SR","Completed","Danoald Wardy","Completed","11/7/2017 11:54:16 AM EST","11/7/2017 1:02:52 PM EST","11/7/2017 1:01:57 PM EST","11/7/2017 1:02:53 PM EST","11/7/2017 1:02:52 PM EST","donaldwardy@gmail.com"
"Please DocuSign your Aspen insurance documents.-.-(305)218-4904| 00496227 |LR MO","Completed","Jocelyn Dalce","Completed","11/7/2017 11:45:34 AM EST","11/7/2017 11:47:16 AM EST","11/7/2017 11:46:07 AM EST","11/7/2017 11:47:16 AM EST","11/7/2017 11:47:16 AM EST","jocelynd@baptisthealth.net"
"Please DocuSign your new ASI insurance application.-(201)390-2437 | 00234027 |LR","Voided","Theodore Abderhalden","Sent","11/7/2017 10:34:51 AM EST","","","11/7/2017 10:56:40 AM EST","","abbeysptg@aol.com"
"Please DocuSign Cancellation request form.-(561)541-7425| 00705248 MO","Completed","Katherine Curran","Completed","11/7/2017 10:28:29 AM EST","11/7/2017 10:30:20 AM EST","11/7/2017 10:29:55 AM EST","11/7/2017 10:31:10 AM EST","11/7/2017 10:30:20 AM EST","rick_morick@yahoo.com"
"Please DocuSign Cancellation request form.-(561)541-7425| 00705248 MO","Completed","Richard Morick","Completed","11/7/2017 10:28:29 AM EST","11/7/2017 10:31:10 AM EST","11/7/2017 10:30:47 AM EST","11/7/2017 10:31:10 AM EST","11/7/2017 10:31:10 AM EST","rick_morick@yahoo.com"
"Please DocuSign your Federated insurance documents.-(561)862-8343| 00408877 |SB","Completed","Robin De Vaul","Completed","11/7/2017 10:12:02 AM EST","11/7/2017 6:20:01 PM EST","11/7/2017 6:18:13 PM EST","11/7/2017 6:20:01 PM EST","11/7/2017 6:20:01 PM EST","ndfan11@yahoo.com"
"corrected Please DocuSign your Universal P&C insurance documents.-(954)641-6129  | 00705877 | LR","Completed","Richard Behrle","Completed","11/7/2017 9:40:33 AM EST","11/7/2017 10:07:42 AM EST","11/7/2017 9:43:42 AM EST","11/7/2017 10:07:42 AM EST","11/7/2017 10:07:42 AM EST","Richard.behrle@faa.gov"
"Please DocuSign your AllRisk insurance documents.-(561)215-3604 | 00705806 |SR","Completed","Patricia Atkins","Completed","11/7/2017 9:22:48 AM EST","11/7/2017 9:42:17 AM EST","11/7/2017 9:26:56 AM EST","11/7/2017 9:42:18 AM EST","11/7/2017 9:42:17 AM EST","go2patkins56@aol.com"
"Please DocuSign your Coastal advntg insurance documents.-(954)816-8820| 00705784 |  SR","Completed","Jason Sarji","Completed","11/6/2017 4:57:41 PM EST","11/7/2017 4:34:20 PM EST","11/7/2017 9:17:18 AM EST","11/7/2017 4:34:21 PM EST","11/7/2017 4:34:20 PM EST","jason@aaaCapitalFunding.com"
"Please DocuSign your AllRisk insurance documents.-(786)312-6615| 00705732 | SR","Completed","Fidel Valiente","Completed","11/6/2017 4:49:22 PM EST","11/8/2017 9:30:52 AM EST","11/8/2017 9:30:06 AM EST","11/8/2017 9:30:53 AM EST","11/8/2017 9:30:52 AM EST","yriusech@gmail.com"
"Please DocuSign your Uni P&C insurance documents.-(305)450-3322| 00705713 |LR","Completed","Geva Hassan","Completed","11/6/2017 4:44:32 PM EST","11/10/2017 12:41:39 PM EST","11/10/2017 12:33:17 PM EST","11/10/2017 12:41:39 PM EST","11/10/2017 12:41:39 PM EST","gevah91@gmail.com"
"Please DocuSign your Southern Oak insurance documents.-(305)710-3153| 00562879 |SB MO","Completed","Jorge Machado","Completed","11/6/2017 4:39:21 PM EST","11/6/2017 10:09:52 PM EST","11/6/2017 10:00:52 PM EST","11/6/2017 10:09:52 PM EST","11/6/2017 10:09:52 PM EST","easymailmachado@gmail.com"
"Please DocuSign your Universal P&C insurance documents.-(305)490-5057| 00705423 | LR","Completed","Lesly Jean-Baptiste","Completed","11/6/2017 4:27:50 PM EST","11/7/2017 4:01:16 PM EST","11/7/2017 4:00:09 PM EST","11/7/2017 4:01:17 PM EST","11/7/2017 4:01:16 PM EST","leslyjeanb@gmail.com"
"Please DocuSign your Bass insurance documents.-(407)463-2376| 00705867 |LR","Completed","Michael","Completed","11/6/2017 4:21:24 PM EST","11/7/2017 8:15:48 PM EST","11/7/2017 8:13:06 PM EST","11/7/2017 8:15:50 PM EST","11/7/2017 8:15:48 PM EST","gailsean@att.net"
"Please DocuSign your Tower Hill insurance documents.-","Completed","Edward Scrivani","Completed","11/6/2017 4:11:27 PM EST","11/6/2017 4:57:59 PM EST","11/6/2017 4:56:12 PM EST","11/8/2017 8:13:02 AM EST","11/6/2017 4:57:59 PM EST","edjasc@aol.com"
"Please DocuSign your Tower Hill insurance documents.-","Completed","Caroline Scrivani ","Completed","11/6/2017 4:11:27 PM EST","11/8/2017 8:13:01 AM EST","11/6/2017 4:58:26 PM EST","11/8/2017 8:13:02 AM EST","11/8/2017 8:13:01 AM EST","edjasc@aol.com"
"Please DocuSign your - FLH-0004955 inspection letter.LR","Sent","Kelley Duffy","Sent","11/6/2017 3:35:16 PM EST","","","","","Kelleymd1@aol.com"
"HOME INSURANCE POLICY APPLICATION PLEASE SIGN phn#(801)905-1032 acc#00698179  LR","Sent","Michael Frady","Sent","11/6/2017 2:45:22 PM EST","","","","","fradymike@gmail.com"
"Please DocuSign: CLH-0006572 Inspection Letter. (305)864-5110| 00697521 | LR","Sent","Robert Kunst","Sent","11/6/2017 2:36:47 PM EST","","","","","defendjerusalem@mindspring.com"
"Please DocuSign Replacement cost estimator form | 00491605 |(917)541-6958 LR","Sent","Oliver S Anglin","Sent","11/6/2017 2:13:20 PM EST","","","","","oliver.anglin@yahoo.com"
"Please DocuSign Premium Finance form- (954)916-0714 | 00133852 |SR","Completed","Laurie Goedecke","Completed","11/6/2017 2:11:46 PM EST","11/8/2017 11:40:09 AM EST","11/8/2017 11:39:54 AM EST","11/8/2017 11:40:09 AM EST","11/8/2017 11:40:09 AM EST","lurecourse@yahoo.com"
"Please DocuSign your Bass insurance documents.-(727)418-0949| 00700872 |SR","Sent","Joseph Shields","Sent","11/6/2017 12:47:53 PM EST","","","","","mshi890303@aol.com"
"Please DocuSign your Universal P&C insurance documents.-(904)503-7359 | 00224210 | LR MO","Sent","Bobby R Wiggins","Sent","11/6/2017 12:46:58 PM EST","","","","","wigginsp2@aol.com"
"Please DocuSign your Universal P&C insurance documents.-(904)503-7359 | 00224210 | LR MO","Sent","Patsy A Wiggins","Sent","11/6/2017 12:46:58 PM EST","","","","","wigginsp2@aol.com"
"Please DocuSign your new THIG and St.Jhons insurance application.phn#(954)854-5494acc#00557405 LR MO","Completed","Shazia Rehman","Completed","11/6/2017 12:41:14 PM EST","11/9/2017 5:42:35 PM EST","11/9/2017 5:40:06 PM EST","11/10/2017 1:02:19 AM EST","11/9/2017 5:42:35 PM EST","Shazia7978@gmail.com"
"Please DocuSign your new THIG and St.Jhons insurance application.phn#(954)854-5494acc#00557405 LR MO","Completed","Mohammed Rehman","Completed","11/6/2017 12:41:14 PM EST","11/10/2017 1:02:19 AM EST","11/10/2017 1:01:14 AM EST","11/10/2017 1:02:19 AM EST","11/10/2017 1:02:19 AM EST","shazia7978@gmail.com"
"Please DocuSign your No Loss.form | 00149754 |OH","Completed","Lowell Murrell","Completed","11/6/2017 12:35:22 PM EST","11/6/2017 2:36:32 PM EST","11/6/2017 2:35:58 PM EST","11/6/2017 2:36:32 PM EST","11/6/2017 2:36:32 PM EST","lmurrellwva@cfl.rr.com"
"Please DocuSign Cancellation request form.-(954)612-2914| 00415606 |MO","Completed","Jennifer Mohammed","Completed","11/6/2017 12:22:55 PM EST","11/6/2017 5:02:14 PM EST","11/6/2017 5:01:11 PM EST","11/6/2017 5:02:15 PM EST","11/6/2017 5:02:14 PM EST","pastorjennifer@hotmail.com"
"Please DocuSign: FL__UM_Form.pdf","Completed","Kerry Clinton","Completed","11/6/2017 12:01:14 PM EST","11/6/2017 12:01:27 PM EST","11/6/2017 12:01:23 PM EST","11/6/2017 12:01:27 PM EST","11/6/2017 12:01:27 PM EST","kerry.clinton@brightway.com"
"Please DocuSign this policy change request.-(863)875-7301| 00702229 LR","Completed","Ronna Teal","Completed","11/6/2017 11:49:12 AM EST","11/6/2017 1:39:58 PM EST","11/6/2017 1:39:33 PM EST","11/6/2017 1:40:32 PM EST","11/6/2017 1:39:58 PM EST","gatorlife88@aol.com"
"Please DocuSign this policy change request.-(863)875-7301| 00702229 LR","Completed","Timothy Teal","Completed","11/6/2017 11:49:12 AM EST","11/6/2017 1:40:32 PM EST","11/6/2017 1:40:28 PM EST","11/6/2017 1:40:32 PM EST","11/6/2017 1:40:32 PM EST","gatorlife88@aol.com"
"Please DocuSign: KLH-0002433 Inspection Letter.phn#(786)806-6589acc#00563940  LR","Sent","Anthony Martin","Sent","11/6/2017 11:36:05 AM EST","","","","","11martin27webb12foundation@gmail.com"
"Please DocuSign your Edison insurance documents.-phn#(954)882-1045acc#00698166  SB","Completed","Michael Boyce","Completed","11/6/2017 11:31:22 AM EST","11/8/2017 6:31:00 PM EST","11/8/2017 6:26:57 PM EST","11/8/2017 6:31:01 PM EST","11/8/2017 6:31:00 PM EST","mmbnyc2003@gmail.com"
"Please DocuSign  your Geovera insurance documents.--phn#(561)542-2866acc#00699498 * SB","Delivered","Mora Newman","Delivered","11/6/2017 11:29:06 AM EST","","11/6/2017 1:35:37 PM EST","","","newmanmora@aol.com"
"Please DocuSign  your Geovera insurance documents.--phn#(561)542-2866acc#00699498 * SB","Delivered","Kerry Clinton","Completed","11/6/2017 11:29:06 AM EST","11/6/2017 11:29:30 AM EST","11/6/2017 11:29:21 AM EST","","11/6/2017 11:29:30 AM EST","kerry.clinton@brightway.com"
"Please DocuSign: CLF-0003584 Inspection Letter.phn#954)297-5223acc# 00678361 LR","Completed","Cora Banks","Completed","11/6/2017 11:19:28 AM EST","11/8/2017 6:53:39 PM EST","11/8/2017 6:49:15 PM EST","11/8/2017 6:53:39 PM EST","11/8/2017 6:53:39 PM EST","FALEYC@comcast.net"
"Please DocuSign your AllRisk insurance documents.-phone#(786)405-6458acc#00691801 SR","Sent","Emil Padilla","Sent","11/6/2017 11:17:39 AM EST","","","","","emilpadilla305@yahoo.com"
"Please DocuSign: BVH-0001066 Inspection Letter.(786)651-4146| 00682645 | LR","Sent","Jimmy Zegarra-Durand","Sent","11/6/2017 11:12:15 AM EST","","","","","Jimmy.zegarra@yahoo.es"
"Updated Please DocuSign your Peoples Trust insurance documents.-(718)753-9194| 00702176 |SB MO","Sent","Robert Langford","Sent","11/6/2017 11:09:47 AM EST","","","","","bobbylangford65@gmail.com"
"Please DocuSign your new flood insurance application.-.-phone#(772)260-8329acc#00686308 TM","Sent","Tanya Sparks","Sent","11/6/2017 11:04:32 AM EST","","","","","T_sparks@hotmail.com"
"Please DocuSign your new flood insurance application.-.-phone#(772)260-8329acc#00686308 TM","Sent","William Sprague","Sent","11/6/2017 11:04:33 AM EST","","","","","T_sparks@hotmail.com"
"Please DocuSign: NVH-0002925 Inspection Letter. (386)677-7598| 00692942 | LR","Completed","Emmy Warman","Completed","11/6/2017 11:03:02 AM EST","11/6/2017 2:31:25 PM EST","11/6/2017 2:29:56 PM EST","11/6/2017 2:31:26 PM EST","11/6/2017 2:31:25 PM EST","Drodger13@gmail.com"
"Please DocuSign your All Risk insurance documents.-(786)439-8277| 00700612 |MO SR","Voided","Barbara Valdes","Sent","11/6/2017 10:45:32 AM EST","","","11/6/2017 10:48:02 AM EST","","barbievaldes@bellsouth.net"
"Please DocuSign this document: BVH-0000887 Inspection Letter.phn#(786)344-3067acc#00674685  LR","Sent","Reginald Jones","Sent","11/6/2017 10:05:19 AM EST","","","","","regijones1@gmail.com"
"Please DocuSign your newI flood insurance application.-phn#310-920-9217acc#00694126 TM","Sent","Karen Snead","Sent","11/6/2017 9:59:53 AM EST","","","","","esnead@mac.com"
"Please DocuSign: BVH-0000820 Inspection Letter.phn#(954)421-7434acc#00673078  LR","Sent","Maryanne Langley","Sent","11/6/2017 9:50:50 AM EST","","","","","malang007@bellsouth.net"
"Please DocuSign: CertificateOfCondition.pdf(617)212-5258| 00700621 | SB","Sent","Ronald Compagnone","Sent","11/6/2017 9:47:29 AM EST","","","","","builtbycomp@aol.com"
"Please DocuSign universal statement of no loss | 00617467 |(727)277-2353 OH","Completed","Anthony Griffin","Completed","11/6/2017 9:30:21 AM EST","11/6/2017 10:53:40 AM EST","11/6/2017 10:45:55 AM EST","11/6/2017 10:58:06 AM EST","11/6/2017 10:53:40 AM EST","tgrrandpmpkn1@yahoo.com"
"Please DocuSign universal statement of no loss | 00617467 |(727)277-2353 OH","Completed","Marie Stanphill","Completed","11/6/2017 9:30:21 AM EST","11/6/2017 10:58:05 AM EST","11/6/2017 10:55:45 AM EST","11/6/2017 10:58:06 AM EST","11/6/2017 10:58:05 AM EST","tgrrandpmpkn1@yahoo.com"
"Please DocuSign your insurance documents.- (561)676-5464   | 00705618 |  LR MO","Sent","Charles Rein ","Sent","11/3/2017 9:23:02 PM EST","","","","","ropedadad@aol.com"
"Please DocuSign your insurance documents.- (561)676-5464   | 00705618 |  LR MO","Sent","Marsha Rein ","Sent","11/3/2017 9:23:02 PM EST","","","","","ropedadad@aol.com"
"Please DocuSign your insurance documents.- (561)676-5464   | 00705618 |  LR MO","Sent","Chris Cole","Completed","11/3/2017 9:23:02 PM EST","11/3/2017 9:23:27 PM EST","11/3/2017 9:23:17 PM EST","","11/3/2017 9:23:27 PM EST","kerry.clinton@brightway.com"
"Please DocuSign your SeaCoast Brokers insurance documents.-(954)815-1017|  00705565  |LR","Voided","Cliff Weisner","Sent","11/3/2017 5:03:58 PM EST","","","11/11/2017 11:35:46 PM EST","","cliffw2112@gmail.com"
"Please DocuSign Premium Finance form (321)527-4662  | 00610350 |   LR","Completed","Andrew Spivey","Completed","11/3/2017 4:45:10 PM EST","11/3/2017 5:11:22 PM EST","11/3/2017 5:10:49 PM EST","11/3/2017 5:11:22 PM EST","11/3/2017 5:11:22 PM EST","bspivey8307@gmail.com"
"Please DocuSign your Olympus insurance documents.-(305)510-5717 | 00705538 |LR","Completed","Laura Sidor","Completed","11/3/2017 4:39:13 PM EST","11/7/2017 9:55:51 PM EST","11/5/2017 10:57:55 AM EST","11/7/2017 9:55:52 PM EST","11/7/2017 9:55:51 PM EST","laurapusnar@aol.com"
"Please DocuSign your AllRisk insurance documents.-(786)738-2800| 00705551 |LR","Completed","Doris Rosa","Completed","11/3/2017 4:33:20 PM EST","11/3/2017 5:52:01 PM EST","11/3/2017 4:44:33 PM EST","11/4/2017 3:16:14 PM EST","11/3/2017 5:52:01 PM EST","anibal.flecha@gmail.com"
"Please DocuSign your AllRisk insurance documents.-(786)738-2800| 00705551 |LR","Completed","Anibal Flecha Viera","Completed","11/3/2017 4:24:08 PM EST","11/4/2017 3:16:14 PM EST","11/4/2017 3:12:38 PM EST","11/4/2017 3:16:14 PM EST","11/4/2017 3:16:14 PM EST","anibal.flecha@gmail.com"
"Please DocuSign your US Coastal insurance documents.-(619)857-7919| 00704966 |SB","Completed","Renee Joseph","Completed","11/3/2017 4:20:37 PM EST","11/4/2017 6:42:05 AM EST","11/4/2017 6:39:52 AM EST","11/4/2017 6:42:06 AM EST","11/4/2017 6:42:05 AM EST","rjoey660@yahoo.com"
"Please DocuSign your ASI insurance documents.-(239)223-9861| 00656072 |LR","Completed","Linda Shue","Completed","11/3/2017 4:12:51 PM EST","11/5/2017 7:04:12 AM EST","11/3/2017 4:31:42 PM EST","11/5/2017 7:17:20 AM EST","11/5/2017 7:04:12 AM EST","dlsunfun@msn.com"
"Please DocuSign your ASI insurance documents.-(239)223-9861| 00656072 |LR","Completed","Doug Shue","Completed","11/3/2017 4:12:51 PM EST","11/5/2017 7:17:20 AM EST","11/5/2017 7:09:01 AM EST","11/5/2017 7:17:20 AM EST","11/5/2017 7:17:20 AM EST","dlsunfun@msn.com"
"Please DocuSign your AllRisk insurance documents.-(305)978-4079| 00705395 |LR","Completed","Alicia Sneij","Completed","11/3/2017 4:07:56 PM EST","11/4/2017 8:59:05 AM EST","11/3/2017 4:10:23 PM EST","11/4/2017 8:59:06 AM EST","11/4/2017 8:59:05 AM EST","a.sneij@gmail.com"
"Please DocuSign your ASI flood insurance application.-(954)729-4211| 00552659 |LR","Completed","Karen Prigg","Completed","11/3/2017 4:02:55 PM EST","11/6/2017 10:17:32 AM EST","11/6/2017 10:13:46 AM EST","11/6/2017 10:17:33 AM EST","11/6/2017 10:17:32 AM EST","karenwernick@gmail.com"
"Please DocuSign your Aspen insurance documents.-(561)293-9928| 00705318 | SB","Completed","Desha Turner","Completed","11/3/2017 3:42:18 PM EST","11/6/2017 8:59:49 AM EST","11/6/2017 8:56:21 AM EST","11/6/2017 8:59:49 AM EST","11/6/2017 8:59:49 AM EST","deshaturner@gmail.com"
"Please DocuSign your Geovera insurance documents.-(727)461-4400| 00705501 |SB","Completed","Susan Wallace","Completed","11/3/2017 3:37:57 PM EST","11/6/2017 11:19:55 AM EST","11/6/2017 7:10:27 AM EST","11/6/2017 11:19:55 AM EST","11/6/2017 11:19:55 AM EST","susanw@cccheart.com"
"Please DocuSign your Aspen insurance documents.-.-(305)218-4904| 00496227 |","Completed","Dawn Jocelyn","Completed","11/3/2017 3:53:24 PM EST","11/6/2017 5:33:07 AM EST","11/6/2017 5:25:42 AM EST","11/6/2017 12:28:06 PM EST","11/6/2017 5:33:07 AM EST","jocelynd@baptisthealth.net"
"Please DocuSign Cancellation request form.-(561)909-9884| 00692537 | MO","Completed","Aaron Nagler","Completed","11/3/2017 3:23:13 PM EST","11/3/2017 7:42:20 PM EST","11/3/2017 7:41:58 PM EST","11/3/2017 7:42:21 PM EST","11/3/2017 7:42:20 PM EST","risingsunpoolswpb@gmail.com"
"Please DocuSign Cancellation request form.-(561)236-7249| 00305712 |MO","Completed","Marisol Delcid","Completed","11/3/2017 3:15:55 PM EST","11/3/2017 5:59:18 PM EST","11/3/2017 5:58:43 PM EST","11/3/2017 5:59:18 PM EST","11/3/2017 5:59:18 PM EST","cubgirl27@aol.com"
"Please DocuSign your Universal P&C insurance documents.-phn#813-389-1046| 00695026 | LR","Voided","Vincent Graham","Delivered","11/3/2017 3:10:06 PM EST","","11/11/2017 7:06:48 AM EST","11/11/2017 11:35:46 PM EST","","ahavin1@hotmail.com"
"Please DocuSign this policy change request.-(561)313-4338 | 00080965 |SZ","Completed","Sherry Goff","Completed","11/3/2017 2:35:55 PM EST","11/3/2017 4:47:15 PM EST","11/3/2017 4:44:14 PM EST","11/3/2017 4:47:16 PM EST","11/3/2017 4:47:15 PM EST","sherrygoff.rdh@gmail.com"
"Please DocuSign your Allrisk insurance documents.-(561)248-5107| 00702339 |SR","Completed","John Russo","Completed","11/3/2017 2:29:08 PM EST","11/3/2017 7:46:09 PM EST","11/3/2017 7:39:05 PM EST","11/3/2017 7:46:09 PM EST","11/3/2017 7:46:09 PM EST","russoracing52@gmail.com"
"Please DocuSign your AllRisk insurance documents.-qt#3157177 SR","Voided","Lillian Young","Sent","11/3/2017 1:36:41 PM EST","","","11/11/2017 11:34:48 PM EST","","lilwil@bellsouth.net"
"Please DocuSign your Certificate of Condition. BB LL","Completed","Laura Sidor","Completed","11/3/2017 1:15:04 PM EST","11/3/2017 1:17:23 PM EST","11/3/2017 1:15:54 PM EST","11/3/2017 1:17:24 PM EST","11/3/2017 1:17:23 PM EST","laurapusnar@aol.com"
"Please DocuSign your Federated National insurance documents.-phone#(786)369-6401acc#00684520  SB","Completed","Luis Salazar","Completed","11/3/2017 12:51:09 PM EST","11/3/2017 6:40:10 PM EST","11/3/2017 6:27:07 PM EST","11/3/2017 6:40:11 PM EST","11/3/2017 6:40:10 PM EST","lsalazar@uniglobetravel.com.ve"
"Please DocuSign your Universal P&C insurance documents.-phone# (954)592-1317acc# 00681079 TM","Voided","Roosevelt Delica","Sent","11/3/2017 12:33:31 PM EST","","","11/7/2017 9:33:48 AM EST","","fran582@aol.com"
"Please DocuSign your Universal P&C insurance documents.-phone# (954)592-1317acc# 00681079 TM","Voided","Franciane Delica","Sent","11/3/2017 12:33:31 PM EST","","","11/7/2017 9:33:48 AM EST","","fran582@aol.com"
"Please DocuSign your Universal P&C insurance documents.- (407)234-9835| 00702808 |LR","Voided","Jessica Sha","Sent","11/3/2017 12:29:34 PM EST","","","11/11/2017 11:35:39 PM EST","","dsha@flcancer.com"
"Please DocuSign your Universal P&C insurance documents.- (407)234-9835| 00702808 |LR","Voided","David Sha","Sent","11/3/2017 12:29:35 PM EST","","","11/11/2017 11:35:39 PM EST","","dsha@flcancer.com"
"Please DocuSign your AllRisk insurance documents.-(786)859-7388| 00703171 | SR","Voided","Abdul Kamara","Sent","11/3/2017 11:55:43 AM EST","","","11/11/2017 11:35:22 PM EST","","abdulkamara735@yahoo.com"
"Please DocuSign your No Loss Statement. | 00558225 |(704)621-3397 PR","Completed","Dercilio Oliveria","Completed","11/3/2017 11:38:20 AM EST","11/6/2017 7:18:32 AM EST","11/6/2017 7:18:13 AM EST","11/6/2017 7:20:14 AM EST","11/6/2017 7:18:32 AM EST","maria.schultz@thegraphmobile.com"
"Please DocuSign your No Loss Statement. | 00558225 |(704)621-3397 PR","Completed","Maria Oliveria","Completed","11/3/2017 11:38:19 AM EST","11/6/2017 7:20:14 AM EST","11/6/2017 7:17:29 AM EST","11/6/2017 7:20:14 AM EST","11/6/2017 7:20:14 AM EST","maria.schultz@thegraphmobile.com"
"Please DocuSign your new ASI insurance application.-(561)856-7568| 00680990 |","Completed","Frank Arnold","Completed","11/3/2017 11:19:38 AM EST","11/3/2017 1:27:26 PM EST","11/3/2017 1:20:37 PM EST","11/3/2017 1:27:27 PM EST","11/3/2017 1:27:26 PM EST","mrpalmbeach11@gmail.com"
"Please DocuSign your new flood insurance application.--phn#(305)968-3033acc#00552632  SB","Completed","ANTONY FRIEDMAN","Completed","11/3/2017 11:07:12 AM EST","11/3/2017 11:41:37 AM EST","11/3/2017 11:37:38 AM EST","11/3/2017 11:41:37 AM EST","11/3/2017 11:41:37 AM EST","zzlangerhans@gmail.com"
"Please DocuSign your No Loss Statement. | 00558225 |(704)621-3397 PR","Completed","Maria Oliveria","Completed","11/3/2017 10:53:26 AM EST","11/3/2017 10:59:44 AM EST","11/3/2017 10:58:58 AM EST","11/3/2017 10:59:44 AM EST","11/3/2017 10:59:44 AM EST","maria.schultz@thegraphmobile.com"
"Please DocuSign: FLH-0005533 Inspection Letter.phn#(786)704-7500| 00659170 | SZ","Completed","Patricia Smith","Completed","11/3/2017 10:46:48 AM EST","11/6/2017 5:56:15 PM EST","11/6/2017 5:53:26 PM EST","11/6/2017 5:56:16 PM EST","11/6/2017 5:56:15 PM EST","womenofpurpose49@gmail.com"
"Please DocuSign your St.Jhonson insurance documents.-(561)216-9106| 00672670 |MO LR","Completed","Catherine Lopez","Completed","11/3/2017 10:43:48 AM EST","11/3/2017 10:46:00 AM EST","11/3/2017 10:44:09 AM EST","11/3/2017 10:46:00 AM EST","11/3/2017 10:46:00 AM EST","lopez.catherine87@yahoo.com"
"Updated Please DocuSign your new ASI insurance application.-(561)498-9524| 00329831 | TM","Voided","Stanley Nowak","Sent","11/3/2017 9:34:39 AM EST","","","11/10/2017 10:31:59 AM EST","","cappop@aol.com"
"Please DocuSign Replacement cost estimator form | 00488082 |(305)491-3071 LR","Completed","Gabriel Garcia","Completed","11/3/2017 9:17:17 AM EST","11/5/2017 7:01:34 AM EST","11/5/2017 7:00:56 AM EST","11/5/2017 7:01:35 AM EST","11/5/2017 7:01:34 AM EST","gabo2982@gmail.com"
"Please DocuSign Cancellation request form.-phn#(305)968-3033acc#00552632 MO SB","Completed","ANTONY FRIEDMAN","Completed","11/2/2017 5:14:58 PM EST","11/3/2017 2:39:15 AM EST","11/3/2017 2:38:55 AM EST","11/3/2017 2:39:15 AM EST","11/3/2017 2:39:15 AM EST","zzlangerhans@gmail.com"
"Please DocuSign your St. Jhonson insurance documents.- (954)802-8862| 00705292 |SB","Completed","Elissa Pacheco","Completed","11/2/2017 4:23:28 PM EST","11/2/2017 4:49:02 PM EST","11/2/2017 4:39:02 PM EST","11/2/2017 5:01:15 PM EST","11/2/2017 4:49:02 PM EST","alanardh@gmail.com"
"Please DocuSign your St. Jhonson insurance documents.- (954)802-8862| 00705292 |SB","Completed","Alana Dean","Completed","11/2/2017 4:23:28 PM EST","11/2/2017 5:01:14 PM EST","11/2/2017 4:37:49 PM EST","11/2/2017 5:01:15 PM EST","11/2/2017 5:01:14 PM EST","alanardh@gmail.com"
"Please DocuSign your UPC  and Cancellation insurance documents.-(321)877-1389 | 00705118 | LR MO","Completed","Daniel Rzucidlo","Completed","11/2/2017 4:15:59 PM EST","11/7/2017 10:40:18 AM EST","11/7/2017 10:37:35 AM EST","11/7/2017 10:40:18 AM EST","11/7/2017 10:40:18 AM EST","wdrzbankrs@aol.com"
"Please DocuSign your AllRosk insurance documents.-(407)497-2441 | 00705121 | LR","Declined","Alexander Pagan","Declined","11/2/2017 4:09:50 PM EST","","11/2/2017 4:10:47 PM EST","11/5/2017 8:09:37 AM EST","","Bliever16@gmail.com"
"Please DocuSign your home insurance documents.-(305)395-0483| 00705046 |SB","Completed","William King","Completed","11/2/2017 4:03:59 PM EST","11/3/2017 7:11:13 AM EST","11/3/2017 7:09:29 AM EST","11/3/2017 7:11:13 AM EST","11/3/2017 7:11:13 AM EST","boatxpert@live.com"
"Please DocuSign your UPC insurance documents.-.-(561)246-1125| 00302701 |MO","Completed","NATHAN BERNSTEIN","Completed","11/2/2017 3:43:51 PM EST","11/3/2017 9:48:15 AM EST","11/3/2017 9:43:29 AM EST","11/3/2017 9:48:16 AM EST","11/3/2017 9:48:15 AM EST","NATB11577@AOL.COM"
"Please DocuSign your Universal P&C insurance documents.-phn#(561)318-5298acc#00698448 LR","Voided","Pauline Granville-wallace","Sent","11/2/2017 3:35:57 PM EST","","","11/10/2017 11:40:36 PM EST","","Pauline.granville4@gmail.com"
"Please DocuSign your Universal P&C insurance documents.-phn#(561)318-5298acc#00698448 LR","Voided","Keno Wallace","Completed","11/2/2017 3:35:57 PM EST","11/4/2017 2:49:57 PM EST","11/4/2017 2:49:00 PM EST","11/10/2017 11:40:36 PM EST","11/4/2017 2:49:57 PM EST","Pauline.granville4@gmail.com"
"Please DocuSign your All Risk insurance documents.-(786)439-8277| 00700612 |MO SR","Voided","Barbara Valdes","Sent","11/2/2017 3:31:00 PM EST","","","11/2/2017 3:33:53 PM EST","","barbievaldes@bellsouth.net"
"Please DocuSign your Geovera insurance documents.-(253)314-8612| 00705265 | SB","Voided","Shelly Kleeman","Delivered","11/2/2017 3:15:48 PM EST","","11/2/2017 8:32:22 PM EST","11/10/2017 11:39:25 PM EST","","shellykleeman@yahoo.com"
"Please DocuSign your Universal P&C insurance documents.-(561)541-7425| 00705248 |LR","Completed","Katherine E Curran","Completed","11/2/2017 3:09:57 PM EST","11/2/2017 3:24:20 PM EST","11/2/2017 3:22:12 PM EST","11/2/2017 3:25:49 PM EST","11/2/2017 3:24:20 PM EST","rick_morick@yahoo.com"
"Please DocuSign your Universal P&C insurance documents.-(561)541-7425| 00705248 |LR","Completed","Richard J Morick","Completed","11/2/2017 3:09:57 PM EST","11/2/2017 3:25:49 PM EST","11/2/2017 3:24:50 PM EST","11/2/2017 3:25:49 PM EST","11/2/2017 3:25:49 PM EST","rick_morick@yahoo.com"
"Please DocuSign your AllRisk insurance documents.-(561)676-9317| 00705202 |LR","Completed","Wendy Hobbie","Completed","11/2/2017 2:59:23 PM EST","11/2/2017 3:56:00 PM EST","11/2/2017 3:51:39 PM EST","11/2/2017 3:56:00 PM EST","11/2/2017 3:56:00 PM EST","wendyseapine@yahoo.com"
"Please DocuSign your Universal P&C insurance documents.-(813)846-5561 | 00703088 |LR","Completed","Marian Black","Completed","11/2/2017 2:54:23 PM EST","11/7/2017 12:31:36 AM EST","11/2/2017 2:59:20 PM EST","11/7/2017 12:31:36 AM EST","11/7/2017 12:31:36 AM EST","MBTAMPABAY@YAHOO.COM"
"Please DocuSign your Edison, Vertus & cancellation insurance documents.(561)767-6145|00705084|MOSBSR","Completed","Thomas Tolbert","Completed","11/2/2017 2:45:04 PM EST","11/3/2017 12:58:32 PM EST","11/3/2017 12:55:00 PM EST","11/3/2017 1:00:05 PM EST","11/3/2017 12:58:32 PM EST","tommyt762@aol.com"
"Please DocuSign your Edison, Vertus & cancellation insurance documents.(561)767-6145|00705084|MOSBSR","Completed","Jennifer Rodriguez","Completed","11/2/2017 2:45:05 PM EST","11/3/2017 1:00:05 PM EST","11/3/2017 12:59:43 PM EST","11/3/2017 1:00:05 PM EST","11/3/2017 1:00:05 PM EST","tommyt762@aol.com"
"Please DocuSign your AllRisk insurance documents.-| 00705067 | (321)768-8451 LR","Completed","William Craycraft","Completed","11/2/2017 2:19:17 PM EST","11/7/2017 8:21:21 AM EST","11/7/2017 8:02:42 AM EST","11/7/2017 8:21:22 AM EST","11/7/2017 8:21:21 AM EST","billctwa2@netscape.net"
"Please DocuSign your AllrRisk insurance documents.-(239)440-3104 | 00705028 |LR","Completed","Jeanne Saint Louis","Completed","11/2/2017 2:12:25 PM EST","11/3/2017 2:50:20 AM EST","11/3/2017 2:17:40 AM EST","11/3/2017 2:50:20 AM EST","11/3/2017 2:50:20 AM EST","jeannelouis001@yahoo.com"
"Please DocuSign your UPC insurance documents.-(562)537-4983| 00702031 |SB MO","Completed","Kerry Clinton","Completed","11/2/2017 12:57:36 PM EST","11/2/2017 12:58:26 PM EST","11/2/2017 12:58:07 PM EST","11/8/2017 2:39:21 AM EST","11/2/2017 12:58:26 PM EST","kerry.clinton@brightway.com"
"Please DocuSign your UPC insurance documents.-(562)537-4983| 00702031 |SB MO","Completed","George Searles","Completed","11/2/2017 12:57:36 PM EST","11/8/2017 2:39:21 AM EST","11/2/2017 12:59:14 PM EST","11/8/2017 2:39:21 AM EST","11/8/2017 2:39:21 AM EST","flyboyuc35@yahoo.com"
"Please DocuSign your Universal P&C & Cancellation insurance documents.-(561)609-3285 |00705015|MO LR","Completed","Barbara Duffy","Completed","11/2/2017 12:45:31 PM EST","11/4/2017 7:29:34 AM EST","11/4/2017 7:23:15 AM EST","11/4/2017 12:14:22 PM EST","11/4/2017 7:29:34 AM EST","barbiesuel@aol.com"
"Please DocuSign your Universal P&C & Cancellation insurance documents.-(561)609-3285 |00705015|MO LR","Completed","Michael Duffy","Completed","11/2/2017 12:45:31 PM EST","11/4/2017 12:14:22 PM EST","11/4/2017 12:11:18 PM EST","11/4/2017 12:14:22 PM EST","11/4/2017 12:14:22 PM EST","barbiesuel@aol.com"
"Please DocuSign your Tower Hill and ASI insurance documents.-(203)213-8288| 00134230 | LR SB","Completed","Dana Montada","Completed","11/2/2017 12:16:49 PM EST","11/2/2017 3:48:18 PM EST","11/2/2017 12:56:21 PM EST","11/2/2017 3:48:19 PM EST","11/2/2017 3:48:18 PM EST","corvette1117@yahoo.com"
"Please DocuSign your Geovera insurance documents.-(954)829-6358acc#00704988 |SB","Completed","Doris Wallace","Completed","11/2/2017 11:49:35 AM EST","11/3/2017 5:55:09 PM EST","11/3/2017 5:50:48 PM EST","11/3/2017 5:55:10 PM EST","11/3/2017 5:55:09 PM EST","robinsturn@gmail.com"
"Please DocuSign Peoples trust Cancellation request form.-(772)571-3853| 00700240 |MO","Completed","Gregory Hilliard","Completed","11/2/2017 11:22:48 AM EST","11/2/2017 11:43:27 AM EST","11/2/2017 11:43:15 AM EST","11/2/2017 11:44:00 AM EST","11/2/2017 11:43:27 AM EST","babyrnbetty63@aol.com"
"Please DocuSign Peoples trust Cancellation request form.-(772)571-3853| 00700240 |MO","Completed","Betty Hilliard","Completed","11/2/2017 11:22:48 AM EST","11/2/2017 11:43:59 AM EST","11/2/2017 11:43:53 AM EST","11/2/2017 11:44:00 AM EST","11/2/2017 11:43:59 AM EST","babyrnbetty63@aol.com"
"Please DocuSign your US Coastal insurance documents.-(847)482-2171 00563585 |LR MO","Completed","Lloyd Henry","Completed","11/2/2017 11:13:11 AM EST","11/6/2017 12:33:06 PM EST","11/6/2017 12:28:38 PM EST","11/6/2017 12:33:07 PM EST","11/6/2017 12:33:06 PM EST","bathway165@gmail.com"
"Please DocuSign your AllRisk insurance documents.-(305)915-7715 | 00704937 | LR","Completed","Maria Delgado","Completed","11/2/2017 10:22:52 AM EST","11/2/2017 10:55:59 AM EST","11/2/2017 10:54:36 AM EST","11/2/2017 10:56:00 AM EST","11/2/2017 10:55:59 AM EST","siorin@dadeschools.net"
"Please DocuSign your Universal P&C insurance documents.-(786)285-6238| 00704926 |LR","Completed","Guirlene Bastien","Completed","11/2/2017 9:14:36 AM EST","11/9/2017 9:29:15 PM EST","11/9/2017 9:23:24 PM EST","11/9/2017 9:29:16 PM EST","11/9/2017 9:29:15 PM EST","miamiguirlene@gmail.com"
"Please DocuSign this agent of record form.-Pc#PFL138089 phn# (786) 360-9056MariaC DB LL","Completed","Viviana del valle","Completed","11/1/2017 5:03:11 PM EST","11/8/2017 6:37:03 PM EST","11/3/2017 1:54:16 AM EST","11/8/2017 6:37:03 PM EST","11/8/2017 6:37:03 PM EST","vivianaez@yahoo.com"
"Please DocuSign your Change request & Statement Of Variance forms (321)402-7919| 00673941 | SR","Completed","Kenton Smeltzer","Completed","11/1/2017 4:54:14 PM EST","11/2/2017 8:27:42 PM EST","11/2/2017 8:25:17 PM EST","11/2/2017 8:27:42 PM EST","11/2/2017 8:27:42 PM EST","ksmeltzer@gmail.com"
"Please DocuSign Cancellation request form.-(561)246-1125| 00302701 |MO","Completed","Jacqueline Bernstein Nathan Bernstein","Completed","11/1/2017 4:45:56 PM EST","11/1/2017 6:48:45 PM EST","11/1/2017 6:46:39 PM EST","11/1/2017 6:51:13 PM EST","11/1/2017 6:48:45 PM EST","NATB11577@AOL.COM"
"Please DocuSign Cancellation request form.-(561)246-1125| 00302701 |MO","Completed","NATHAN BERNSTEIN","Completed","11/1/2017 4:45:56 PM EST","11/1/2017 6:51:13 PM EST","11/1/2017 6:49:27 PM EST","11/1/2017 6:51:13 PM EST","11/1/2017 6:51:13 PM EST","NATB11577@AOL.COM"
"Please DocuSign Cancellation request forms.-(561)207-1155| 00552668 | MO","Completed","Alex Ali","Completed","11/1/2017 4:37:25 PM EST","11/3/2017 10:50:39 AM EST","11/3/2017 10:49:59 AM EST","11/3/2017 10:50:40 AM EST","11/3/2017 10:50:39 AM EST","mr.alexali@gmail.com"
"Please DocuSign People'sTrust statement of noloss Cancellation request form.-(401)487-32|00546603|MO","Voided","Ellen Robinson","Sent","11/1/2017 4:28:33 PM EST","","","11/9/2017 11:35:00 PM EST","","ellenvrobinson@aol.com"
"Please DocuSign Missing an Initial-(561)309-5630 | 00700936 |SB","Completed","Nicole Rohee","Completed","11/1/2017 3:31:54 PM EST","11/1/2017 3:33:33 PM EST","11/1/2017 3:33:19 PM EST","11/1/2017 3:33:33 PM EST","11/1/2017 3:33:33 PM EST","nicole.rohee@gmail.com"
"Please DocuSign Cancellation request form.--(954)868-1580| 00141513 MO","Completed","LESLIE STEWART","Completed","11/1/2017 2:44:40 PM EST","11/2/2017 7:51:12 AM EST","11/2/2017 7:51:00 AM EST","11/2/2017 7:51:13 AM EST","11/2/2017 7:51:12 AM EST","d_stewart58@live.com"
"Please DocuSign Cancellation request form.-.-(561)432-4073| 00561288 | MO","Completed","William Campbell","Completed","11/1/2017 1:52:21 PM EST","11/1/2017 2:17:57 PM EST","11/1/2017 2:17:44 PM EST","11/1/2017 2:17:57 PM EST","11/1/2017 2:17:57 PM EST","billsoup@aol.com"
"Please DocuSign your AllRisk insurance documents.-qt# 3167757phn#561-966-1971 LR","Completed","Charles Fayles","Completed","11/1/2017 1:37:30 PM EST","11/1/2017 1:45:24 PM EST","11/1/2017 1:43:27 PM EST","11/1/2017 1:45:25 PM EST","11/1/2017 1:45:24 PM EST","cafayles@gmail.com"
"Please DocuSign your Universal P&C insurance documents.-(301)254-2274| 00704909 |LR","Completed","Lyndesy Persutti","Completed","11/1/2017 1:18:58 PM EST","11/1/2017 2:01:10 PM EST","11/1/2017 1:22:29 PM EST","11/1/2017 2:01:10 PM EST","11/1/2017 2:01:10 PM EST","mrmotacars@gmail.com"
"Please DocuSign your Geovera insurance documents.-(302)258-5523| 00704844 |SB","Completed","CARLYNE MESIDOR","Completed","11/1/2017 12:00:06 PM EST","11/1/2017 1:42:24 PM EST","11/1/2017 1:37:15 PM EST","11/1/2017 1:42:25 PM EST","11/1/2017 1:42:24 PM EST","carlynemesidor@icloud.com"
"Please DocuSign your home insurance documents.-(440)829-3420| 00704816 |SB","Completed","David Persing","Completed","11/1/2017 11:51:46 AM EST","11/2/2017 9:49:15 PM EST","11/1/2017 4:12:07 PM EST","11/2/2017 9:49:16 PM EST","11/2/2017 9:49:15 PM EST","djpersing@yahoo.com"
"Please DocuSign your capitol Preferred insurance documents.-(516)528-4060| 00704711 | SB","Completed","Merri Passet","Completed","11/1/2017 11:33:07 AM EST","11/1/2017 2:11:00 PM EST","11/1/2017 2:07:55 PM EST","11/1/2017 2:11:01 PM EST","11/1/2017 2:11:00 PM EST","mpasset529@yahoo.com"
"Please DocuSign your UPC and Cancellation insurance documents.-(321)268-9767| 00704688 |MO SB","Completed","William Specht","Completed","11/1/2017 11:17:54 AM EST","11/1/2017 1:05:28 PM EST","11/1/2017 1:03:52 PM EST","11/1/2017 1:05:29 PM EST","11/1/2017 1:05:28 PM EST","bspecht@tgocsa.com"
"Please DocuSign your AllRisk insurance documents.-(305)322-0621 | 00704889 | LR","Voided","Dolores Mathis","Delivered","11/1/2017 11:05:01 AM EST","","11/2/2017 11:24:35 AM EST","11/9/2017 11:36:23 PM EST","","chryljohnson@gmail.com"
"Please DocuSign your Bass, ASI and Vertus insurance documents.-(904)765-9472 | 00704763 | SR LR","Voided","Francis Hicks","Delivered","11/1/2017 10:48:21 AM EST","","11/1/2017 8:20:23 PM EST","11/9/2017 11:35:25 PM EST","","fyvonnehicks@aol.com"
"Please DocuSign your Monarch National insurance documents.-(352)445-2825| 00704803 |SB","Completed","Maria Otero","Completed","11/1/2017 10:03:05 AM EST","11/2/2017 12:03:36 PM EST","11/2/2017 11:42:17 AM EST","11/2/2017 12:03:36 PM EST","11/2/2017 12:03:36 PM EST","sapphire4142@yahoo.com"
"Please DocuSign your UPCIP and Cancellation insurance documents.-(407)868-6811| 00704791 | LR","Voided","Hiram Rivera","Sent","11/1/2017 9:50:02 AM EST","","","11/9/2017 11:35:36 PM EST","","river519@hotmail.com"
"Please DocuSign your UPCIP and Cancellation insurance documents.-(407)868-6811| 00704791 | LR","Voided","Jo-Ann Rivera","Sent","11/1/2017 9:50:03 AM EST","","","11/9/2017 11:35:36 PM EST","","river519@hotmail.com"