"Subject","Status","Recipient Name","Action","Sent On","Completed On","View Date","Status Changed Date","Sign Date","Recipient Email"
"Please DocuSign your home insurance documents.-| 00723909 | (954)243-7528 LR","Sent","Arline Rodriguez","Sent","2/9/2018 10:52:42 PM EST","","","","","joerodz@comcast.net"
"Please DocuSign your home insurance documents.-| 00723909 | (954)243-7528 LR","Sent","JOSEPH RODRIGUEZ","Completed","2/9/2018 10:52:42 PM EST","2/10/2018 1:37:53 PM EST","2/10/2018 1:27:33 PM EST","","2/10/2018 1:37:53 PM EST","joerodz@comcast.net"
"Please DocuSign your home insurance documents.- | 00723289 |(646)256-3293AG","Completed","David Alvarado","Completed","2/9/2018 10:32:45 PM EST","2/9/2018 11:30:32 PM EST","2/9/2018 11:19:53 PM EST","2/9/2018 11:30:32 PM EST","2/9/2018 11:30:32 PM EST","dalvara75@gmail.com"
"Please DocuSign your home insurance documents.-| 00723706 | (305)439-5808","Sent","WILLIAM VEIGA","Sent","2/9/2018 10:22:47 PM EST","","","","","William.veiga@aol.com"
"Please DocuSign your home insurance documents.-| 00723706 | (305)439-5808","Sent","Kerry Clinton","Completed","2/9/2018 10:22:47 PM EST","2/9/2018 10:23:02 PM EST","2/9/2018 10:22:53 PM EST","","2/9/2018 10:23:02 PM EST","kerry.clinton@brightway.com"
"Please DocuSign your home insurance documents.- | 00723706 | (305)439-5808 LR","Sent","Aguirre, nubia j","Sent","2/9/2018 10:12:47 PM EST","","","","","William.veiga@aol.com"
"Please DocuSign your home insurance documents.- | 00723706 | (305)439-5808 LR","Sent","William Veiga","Delivered","2/9/2018 10:12:47 PM EST","","2/10/2018 3:45:00 PM EST","","","William.veiga@aol.com"
"Please DocuSign your home insurance documents.- | 00723706 | (305)439-5808 LR","Sent","Kerry Clinton","Completed","2/9/2018 10:12:47 PM EST","2/9/2018 10:13:03 PM EST","2/9/2018 10:12:55 PM EST","","2/9/2018 10:13:03 PM EST","kerry.clinton@brightway.com"
"Please DocuSign your home insurance documents.-| 00723779 | (954)474-3952 SR","Completed","Robert Tsai","Completed","2/9/2018 9:47:35 PM EST","2/10/2018 8:01:47 PM EST","2/10/2018 7:42:08 PM EST","2/10/2018 8:01:47 PM EST","2/10/2018 8:01:47 PM EST","Wentsai1966@gmail.com"
"Please DocuSign your home insurance documents.-| 00723868 |  (561)267-5797 AG","Completed","Martha Sanaia","Completed","2/9/2018 9:28:56 PM EST","2/10/2018 8:50:03 AM EST","2/10/2018 8:48:05 AM EST","2/10/2018 8:53:10 AM EST","2/10/2018 8:50:03 AM EST","aminsanaia@gmail.com"
"Please DocuSign your home insurance documents.-| 00723868 |  (561)267-5797 AG","Completed","Amin Sanaia","Completed","2/9/2018 9:28:56 PM EST","2/10/2018 8:53:10 AM EST","2/10/2018 8:50:27 AM EST","2/10/2018 8:53:10 AM EST","2/10/2018 8:53:10 AM EST","aminsanaia@gmail.com"
"Please DocuSign your home insurance documents.-| 00723828 |(954)701-1928 AG","Sent","Ann Holderness","Sent","2/9/2018 9:13:47 PM EST","","","","","oldestauntie@gmail.com"
"Please DocuSign your home insurance documents.-| 00723828 |(954)701-1928 AG","Sent","Selwyn Fung","Completed","2/9/2018 9:13:47 PM EST","2/10/2018 7:23:02 PM EST","2/9/2018 9:17:12 PM EST","","2/10/2018 7:23:02 PM EST","oldestauntie@gmail.com"
"Please DocuSign your home insurance documents.-| 00723814 |(516)451-1319 AG","Completed","Shawn Gansham","Completed","2/9/2018 9:01:13 PM EST","2/10/2018 11:21:08 AM EST","2/10/2018 10:37:12 AM EST","2/10/2018 11:21:08 AM EST","2/10/2018 11:21:08 AM EST","shawngansham@hotmail.com"
"Please DocuSign your home insurance documents.-(561)433-1589 | 00547181 | AG","Completed","Barukh Hadar","Completed","2/9/2018 8:51:38 PM EST","2/9/2018 9:28:24 PM EST","2/9/2018 9:26:37 PM EST","2/9/2018 9:41:51 PM EST","2/9/2018 9:28:24 PM EST","hadarbarry@yahoo.com"
"Please DocuSign your home insurance documents.-(561)433-1589 | 00547181 | AG","Completed","Barukh Hadar","Completed","2/9/2018 8:51:37 PM EST","2/9/2018 9:41:51 PM EST","2/9/2018 9:23:32 PM EST","2/9/2018 9:41:51 PM EST","2/9/2018 9:41:51 PM EST","hadarbarry@yahoo.com"
"Please DocuSign your home insurance documents.-| 00576184 | (386)631-8167AG","Sent","Jose Hernandez","Sent","2/9/2018 8:43:18 PM EST","","","","","Joman1910@gmail.com"
"Please DocuSign your home insurance documents.-| 00562653 | (954)818-9975 DB","Sent","Paulo Ayrolla","Sent","2/9/2018 8:23:16 PM EST","","","","","vilaamelia@yahoo.com"
"Please DocuSign your home insurance documents.-| 00562653 | (954)818-9975 DB","Sent","Chris Cole","Completed","2/9/2018 8:23:17 PM EST","2/9/2018 8:23:43 PM EST","2/9/2018 8:23:31 PM EST","","2/9/2018 8:23:43 PM EST","kerry.clinton@brightway.com"
"Please DocuSign your home insurance documents.-| 00723908 | (404)556-7928 AG","Sent","Elizabeth Klumarianos","Sent","2/9/2018 8:10:24 PM EST","","","","","beth.koumarianos@grainger.com"
"Please DocuSign your home insurance documents.-| 00723769 |(561)478-1077 LR","Sent","Thomas Trish","Sent","2/9/2018 7:21:18 PM EST","","","","","tomtrish@bellsouth.net"
"Please DocuSign your home insurance documents.-| 00723769 |(561)478-1077 LR","Sent","Vicki S Trish","Sent","2/9/2018 7:29:49 PM EST","","","","","tomtrish@bellsouth.net"
"Please DocuSign your home insurance documents.-| 00723905 |(561)290-6517 LK","Sent","Zinaida Katz","Sent","2/9/2018 7:00:58 PM EST","","","","","zinak8@yahoo.com"
"Please DocuSign your home insurance documents.-| 00723899 |(561)699-5491","Delivered","LARRY Flanagin","Delivered","2/9/2018 6:41:37 PM EST","","2/10/2018 11:39:09 AM EST","","","carolyn@freedommedia.com"
"Please DocuSign your home insurance documents.-| 00723899 |(561)699-5491","Delivered","Chris Cole","Completed","2/9/2018 6:41:37 PM EST","2/9/2018 6:42:11 PM EST","2/9/2018 6:41:48 PM EST","","2/9/2018 6:42:11 PM EST","kerry.clinton@brightway.com"
".Please DocuSign your home insurance documents.-00723848 (352)207-6128","Completed","Chris Cole","Completed","2/9/2018 6:10:38 PM EST","2/9/2018 6:11:05 PM EST","2/9/2018 6:10:57 PM EST","2/9/2018 9:54:20 PM EST","2/9/2018 6:11:05 PM EST","kerry.clinton@brightway.com"
".Please DocuSign your home insurance documents.-00723848 (352)207-6128","Completed","ALEIDA GIELBEDA","Completed","2/9/2018 6:10:38 PM EST","2/9/2018 9:54:20 PM EST","2/9/2018 8:34:09 PM EST","2/9/2018 9:54:20 PM EST","2/9/2018 9:54:20 PM EST","giel1231@gmail.com"
"Please DocuSign: Rodriguez Compliance. JK","Sent","Joe Rodriguez","Sent","2/9/2018 5:13:47 PM EST","","","","","joerodz@comcast.net"
"Please DocuSign: Statement_of_No_Loss (813)956-0347| 00572449 |AJ","Completed","Fuastino Dominguez","Completed","2/9/2018 4:56:29 PM EST","2/9/2018 6:55:46 PM EST","2/9/2018 6:55:07 PM EST","2/9/2018 6:56:39 PM EST","2/9/2018 6:55:46 PM EST","dore.dominguez@gmail.com"
"Please DocuSign: Statement_of_No_Loss (813)956-0347| 00572449 |AJ","Completed","Dore Dominguez","Completed","2/9/2018 4:56:29 PM EST","2/9/2018 6:56:39 PM EST","2/9/2018 6:56:12 PM EST","2/9/2018 6:56:39 PM EST","2/9/2018 6:56:39 PM EST","dore.dominguez@gmail.com"
"Please DocuSign your Vertus insurance documents.-(727)492-3671| 00723496 |SB","Completed","Rudolph Williams","Completed","2/9/2018 3:30:12 PM EST","2/10/2018 10:50:54 AM EST","2/10/2018 10:48:16 AM EST","2/10/2018 10:50:54 AM EST","2/10/2018 10:50:54 AM EST","rudolphw64@gmail.com"
"Please DocuSign your UPCIC insurance documents.-(904)945-2941 | 00722072 |AG","Sent","Janet Wynn","Sent","2/9/2018 3:26:24 PM EST","","","","","jw68340@gmail.com"
"Please DocuSign your UPCIC insurance documents.-(904)945-2941 | 00722072 |AG","Sent","Rodney Wynn","Completed","2/9/2018 3:26:24 PM EST","2/9/2018 6:01:30 PM EST","2/9/2018 5:52:46 PM EST","","2/9/2018 6:01:30 PM EST","jw68340@gmail.com"
"Please DocuSign your Seacoast insurance documents.-(786)246-3876 | 00723450 |SB LR","Delivered","YUNIET GUERRERO","Delivered","2/9/2018 3:23:22 PM EST","","2/9/2018 5:43:01 PM EST","","","mshauling.fl@gmail.com"
"Please DocuSign your AllRisk insurance documents.-(207)230-4352| 00723434 |SR","Sent","JULIANN BOUCHER","Sent","2/9/2018 3:17:16 PM EST","","","","","indianwoman2003@yahoo.com"
"Please DocuSign your Olympus insurance documents.-(305)671-9057 | 00723332  SB","Completed","Jeffrey Spivack","Completed","2/9/2018 3:14:12 PM EST","2/9/2018 3:41:33 PM EST","2/9/2018 3:39:02 PM EST","2/9/2018 3:41:33 PM EST","2/9/2018 3:41:33 PM EST","jspivack@mac.com"
"Please DocuSign your UPC insurance documents.-(516)456-2061 | 00723250 |SB","Completed","Margo MEISSNER","Completed","2/9/2018 3:09:12 PM EST","2/9/2018 7:11:11 PM EST","2/9/2018 7:09:45 PM EST","2/9/2018 7:15:00 PM EST","2/9/2018 7:11:11 PM EST","bellskee@aol.com"
"Please DocuSign your UPC insurance documents.-(516)456-2061 | 00723250 |SB","Completed","Jakow Bielski","Completed","2/9/2018 3:09:12 PM EST","2/9/2018 7:15:00 PM EST","2/9/2018 7:12:53 PM EST","2/9/2018 7:15:00 PM EST","2/9/2018 7:15:00 PM EST","bellskee@aol.com"
"Please DocuSign No Loss request form.--((850)530-9200 | 00514572  | MO","Completed","Paul Astles","Completed","2/9/2018 2:46:53 PM EST","2/9/2018 7:50:14 PM EST","2/9/2018 7:49:49 PM EST","2/9/2018 7:51:57 PM EST","2/9/2018 7:50:14 PM EST","pastles@cox.net"
"Please DocuSign No Loss request form.--((850)530-9200 | 00514572  | MO","Completed","Mary Astles","Completed","2/9/2018 2:46:54 PM EST","2/9/2018 7:51:57 PM EST","2/9/2018 7:51:24 PM EST","2/9/2018 7:51:57 PM EST","2/9/2018 7:51:57 PM EST","pastles@cox.net"
"Please DocuSign your no loss documents.| 00708636 |ph#321-799-2953 LR MO","Completed","Boris Pelakh","Completed","2/9/2018 2:40:27 PM EST","2/10/2018 1:24:50 PM EST","2/10/2018 1:24:01 PM EST","2/10/2018 1:25:17 PM EST","2/10/2018 1:24:50 PM EST","pelakh@gmail.com"
"Please DocuSign your no loss documents.| 00708636 |ph#321-799-2953 LR MO","Completed","Susan Pelakh","Completed","2/9/2018 2:40:26 PM EST","2/10/2018 1:25:17 PM EST","2/10/2018 1:25:08 PM EST","2/10/2018 1:25:17 PM EST","2/10/2018 1:25:17 PM EST","pelakh@gmail.com"
"Please DocuSign Cancellation request form.-.-(954)850-3083| 00718744 |AG","Delivered","Neri Franzon","Delivered","2/9/2018 2:35:28 PM EST","","2/9/2018 11:11:03 PM EST","","","britfitzy@comcast.net"
"Please DocuSign your UPC insurance documents.-(407)325-3474| 00723272 | MO LR","Sent","Rafael Fernandez","Sent","2/9/2018 1:07:29 PM EST","","","","","tweetieyvi@yahoo.com"
"Please DocuSign your UPC insurance documents.-(407)325-3474| 00723272 | MO LR","Sent","Nidia Fernandez","Sent","2/9/2018 1:07:29 PM EST","","","","","tweetieyvi@yahoo.com"
"Please DocuSign Cancellation request form.--((850)530-9200 | 00514572  | MO","Completed","Mary Astles","Completed","2/9/2018 12:57:23 PM EST","2/9/2018 1:48:18 PM EST","2/9/2018 1:47:20 PM EST","2/9/2018 1:51:35 PM EST","2/9/2018 1:48:18 PM EST","pastles@cox.net"
"Please DocuSign Cancellation request form.--((850)530-9200 | 00514572  | MO","Completed","Paul Astles","Completed","2/9/2018 12:57:23 PM EST","2/9/2018 1:51:35 PM EST","2/9/2018 1:50:45 PM EST","2/9/2018 1:51:35 PM EST","2/9/2018 1:51:35 PM EST","pastles@cox.net"
"Please DocuSign your American Integrity insurance documents.-(772)532-8889| 00723305 | MO LR","Completed","Ralph Wetzel","Completed","2/9/2018 12:53:05 PM EST","2/10/2018 9:41:50 AM EST","2/10/2018 9:37:13 AM EST","2/10/2018 9:41:50 AM EST","2/10/2018 9:41:50 AM EST","rdw1772@gmail.com"
"Please DocuSign Cancellation request form.-(305)238-7289| 00341920 | MO","Sent","Doris Lucas","Sent","2/9/2018 12:37:41 PM EST","","","","","waynelucas@bellsouth.net"
"Please DocuSign your AllRisk insurance documents.-(786)562-5493| 00721782 |SR","Sent","Christopher Rossi","Sent","2/9/2018 12:10:51 PM EST","","","","","rossichristopher@gmail.com"
"Please DocuSign your UPCIC insurance documents.-(727)557-8959| 00720779 |AG","Sent","David Knapp","Sent","2/9/2018 11:48:28 AM EST","","","","","knappdavid60@yahoo.com"
"Please DocuSign Cancellation request form.--(646)642-7779 | 00722865 | MO","Completed","Sherron Parara","Completed","2/9/2018 11:43:35 AM EST","2/9/2018 2:45:34 PM EST","2/9/2018 2:42:22 PM EST","2/9/2018 2:45:34 PM EST","2/9/2018 2:45:34 PM EST","srparara@yahoo.com"
"Please DocuSign Cancellation request form.-.-(954)943-2533| 00722946 |MO","Completed","Henrietta McClellan","Completed","2/9/2018 11:40:13 AM EST","2/9/2018 4:34:23 PM EST","2/9/2018 4:34:08 PM EST","2/9/2018 4:34:23 PM EST","2/9/2018 4:34:23 PM EST","henriettamcclellan@att.net"
"Please DocuSign Cancellation request form.-(305)297-9257| 00482631 | MO","Sent","Cynthia Shelley","Sent","2/9/2018 11:36:26 AM EST","","","","","cynthiashelleyart@gmail.com"
"Please DocuSign Cancellation request form.-.-(239)265-4899 | 00718050 |MO","Sent","Patricia Snider","Sent","2/9/2018 11:33:51 AM EST","","","","","patti421957@yahoo.com"
"Please DocuSign this policy change request.-(561)366-7112 | 00091391 |SZ","Completed","Marco Roselli","Completed","2/9/2018 10:24:19 AM EST","2/9/2018 7:03:29 PM EST","2/9/2018 7:02:44 PM EST","2/9/2018 7:03:29 PM EST","2/9/2018 7:03:29 PM EST","smroselli@comcast.net"
"Please DocuSign your FSI insurance documents.-(571)271-3803 | 00717454 |LR","Completed","Mark Adderley","Completed","2/9/2018 9:46:47 AM EST","2/9/2018 10:47:18 AM EST","2/9/2018 10:43:43 AM EST","2/9/2018 10:49:50 AM EST","2/9/2018 10:47:18 AM EST","madderley123@hotmail.com"
"Please DocuSign your FSI insurance documents.-(571)271-3803 | 00717454 |LR","Completed","Marie  Adderley","Completed","2/9/2018 9:46:47 AM EST","2/9/2018 10:49:50 AM EST","2/9/2018 10:48:07 AM EST","2/9/2018 10:49:50 AM EST","2/9/2018 10:49:50 AM EST","madderley123@hotmail.com"
"Please DocuSign Cancellation request form.-(786)359-9994| 00642628 |MO","Sent","Brittney Ewing","Sent","2/8/2018 10:09:24 PM EST","","","","","brittneyewing101@gmail.com"
"Please DocuSign your Bass insurance documents.-(863)412-9968| 00719676 |SR","Sent","Deborah Thompson","Sent","2/8/2018 4:54:38 PM EST","","","","","metronews1992@gmail.com"
"Please DocuSign your AllRisk insurance documents.-(407)504-8004| 00723506 |SR","Sent","Wanda Anderson","Sent","2/8/2018 4:43:15 PM EST","","","","","Anderson.wanda@gmail.com"
"Please DocuSign your UPCIC insurance documents.-(561)793-4832 | 00723624 |SR","Completed","Milena Escobar","Completed","2/8/2018 4:32:24 PM EST","2/8/2018 9:25:14 PM EST","2/8/2018 9:21:46 PM EST","2/8/2018 9:25:14 PM EST","2/8/2018 9:25:14 PM EST","milena_escobar@yahoo.com"
"Please DocuSign your Geovera and AllRisk insurance documents.-(914)874-6012 | 00719839 | SR","Sent","Joseph Leone","Sent","2/8/2018 4:30:47 PM EST","","","","","pamelab132@gmail.com"
"Please DocuSign your AIG insurance documents.-(305)842-1608| 00718692 | SR MO","Sent","Ana Rodrigues","Sent","2/8/2018 4:17:21 PM EST","","","","","Baron.becker@gmail.com"
"Please DocuSign your Geovera & Allrisk insurance documents.-(561)793-4832| 00175395 |SR MO","Delivered","Dennis Halfacre","Delivered","2/8/2018 4:05:55 PM EST","","2/8/2018 9:04:33 PM EST","","","halfacre4832@bellsouth.net"
"Please DocuSign your Geovera & Allrisk insurance documents.-(561)793-4832| 00175395 |SR MO","Delivered","LINDA HALFACRE","Delivered","2/9/2018 2:30:28 PM EST","","2/10/2018 4:05:16 PM EST","","","halfacre4832@bellsouth.net"
"Please DocuSign your AllRik insurance documents.-(786)271-1661| 00720476 |SR","Sent","Felix Vera","Sent","2/8/2018 1:55:41 PM EST","","","","","Fvera830@yahoo.com"
"Please DocuSign Cancellation request form.-(954)562-2508| 00638947 | MO","Completed","Tyrone Howard","Completed","2/8/2018 12:59:13 PM EST","2/9/2018 8:13:50 AM EST","2/9/2018 8:11:19 AM EST","2/9/2018 8:13:50 AM EST","2/9/2018 8:13:50 AM EST","tyty2t@yahoo.com"
"Please DocuSign Cancellation request form.-(561)670-4683| 00342207 | MO","Sent","Linh Nguyen","Sent","2/8/2018 12:56:23 PM EST","","","","","thao8491@yahoo.com"
"Please DocuSign this policy change request.-(561)309-2686| 00320314 | SB","Completed","Martha Molter","Completed","2/8/2018 12:49:30 PM EST","2/8/2018 7:37:51 PM EST","2/8/2018 7:37:23 PM EST","2/8/2018 7:37:51 PM EST","2/8/2018 7:37:51 PM EST","MM9757@gmail.com"
"Please DocuSign your SFI insurance documents.-phn#215-520-0123pc#SHO 2045296 SB","Sent","Kelly Plantier","Sent","2/8/2018 12:47:43 PM EST","","","","","Pplantier4@gmail.com"
"Please DocuSign Cancellation request form.-nophone | 00462280 | MO","Sent","Dorothy Gerber","Sent","2/8/2018 12:37:22 PM EST","","","","","friendoftoto@gmail.com"
"Please DocuSign your SFI insurance documents.-((850)530-9200 | 00514572  | LR","Completed","Mary Astles","Completed","2/8/2018 12:03:51 PM EST","2/8/2018 2:36:19 PM EST","2/8/2018 12:31:27 PM EST","2/8/2018 2:36:19 PM EST","2/8/2018 2:36:19 PM EST","pastles@cox.net"
"Please DocuSign this policy change request.-(732)778-3634| 00721531 |SB","Completed","Gabriella Faldetta-Frick","Completed","2/8/2018 11:29:51 AM EST","2/8/2018 1:41:29 PM EST","2/8/2018 1:27:36 PM EST","2/8/2018 1:41:29 PM EST","2/8/2018 1:41:29 PM EST","GFRICKETTA@AOL.COM"
"Please DocuSign your AllRisk insurance documents.-(954)815-8236 | 00515973 | SR","Completed","Carol Minerva Manzella","Completed","2/8/2018 11:03:32 AM EST","2/8/2018 12:29:14 PM EST","2/8/2018 12:25:35 PM EST","2/8/2018 12:29:14 PM EST","2/8/2018 12:29:14 PM EST","cmanzella@cmlions.org"
"Please DocuSign: NVH-0003508 Inspection Letter.561)714-1739 | 00668589 | LR","Delivered","Bridgette  Norfus","Delivered","2/8/2018 10:54:11 AM EST","","2/8/2018 11:45:00 AM EST","","","norfus.bridgette@gmail.com"
"Please DocuSign Premium Finance form(561)880-7861| 00718633 | MC","Sent","Curtis Taylor","Sent","2/8/2018 10:51:25 AM EST","","","","","curt7500@gmail.com"
"Please DocuSign Replacement cost estimator form(954)801-0875 | 00481781 | KG","Completed","Harley Stock","Completed","2/8/2018 10:43:50 AM EST","2/8/2018 12:17:10 PM EST","2/8/2018 12:16:39 PM EST","2/8/2018 12:17:10 PM EST","2/8/2018 12:17:10 PM EST","GBMI@aol.com"
"Please DocuSign your Safeco insurance documents.-(561)789-5153| 00652571 | MC LL","Completed","Ammad Aovida","Completed","2/8/2018 10:39:44 AM EST","2/9/2018 3:27:39 PM EST","2/8/2018 10:58:29 AM EST","2/9/2018 3:27:39 PM EST","2/9/2018 3:27:39 PM EST","emadaovida@gmail.com"
"Please DocuSign IMA345613 Inspection Letter-(203)667-6681 | 00719042 |LR","Completed","Jill Tomasello","Completed","2/8/2018 9:32:15 AM EST","2/10/2018 7:39:23 AM EST","2/10/2018 7:39:07 AM EST","2/10/2018 7:39:23 AM EST","2/10/2018 7:39:23 AM EST","jill.tomasello@yahoo.com"
"Please DocuSign your CP insurance documents.-(760)815-6200 | 00715405 | SB","Sent","LYNNE ZIMET","Sent","2/8/2018 9:25:28 AM EST","","","","","tikvatlinda@aol.com"
"Please DocuSign your Progressive insurance documents.-(786)316-7732 | 00680559 |MM","Sent","ARCHIE MCDORMAN","Sent","2/8/2018 9:19:30 AM EST","","","","","dempknux@yahoo.com"
"Please DocuSign: Change request","Completed","Robin Stock","Completed","2/7/2018 5:36:48 PM EST","2/8/2018 10:31:30 AM EST","2/8/2018 7:42:55 AM EST","2/8/2018 10:33:17 AM EST","2/8/2018 10:31:30 AM EST","GBMI@aol.com"
"Please DocuSign: Change request","Completed","Harley Stock","Completed","2/7/2018 5:36:48 PM EST","2/8/2018 10:33:17 AM EST","2/8/2018 7:44:28 AM EST","2/8/2018 10:33:17 AM EST","2/8/2018 10:33:17 AM EST","GBMI@aol.com"
"Please DocuSign your AllRisk & Geovera insurance documents.-(954)429-1773 | 00723174 |SR","Delivered","Ermin Dammetis","Delivered","2/7/2018 5:04:51 PM EST","","2/8/2018 4:12:05 PM EST","","","barbie44@bellsouth.net"
"Please DocuSign this agent of record form.-BB DB","Completed","Jean-Enor Venius","Completed","2/7/2018 4:56:58 PM EST","2/7/2018 5:04:56 PM EST","2/7/2018 5:02:06 PM EST","2/7/2018 5:08:14 PM EST","2/7/2018 5:04:56 PM EST","jvenius@hotmail.com"
"Please DocuSign this agent of record form.-BB DB","Completed","ROSITA MICHEL VENIUS","Completed","2/7/2018 4:56:58 PM EST","2/7/2018 5:08:14 PM EST","2/7/2018 5:05:52 PM EST","2/7/2018 5:08:14 PM EST","2/7/2018 5:08:14 PM EST","jvenius@hotmail.com"
"Please DocuSign your Allrisk insurance documents.-(305)742-7369| 00723164 |SR","Completed","Lasse Moe","Completed","2/7/2018 4:03:58 PM EST","2/9/2018 9:25:31 AM EST","2/7/2018 6:27:06 PM EST","2/9/2018 9:25:31 AM EST","2/9/2018 9:25:31 AM EST","lassemoe@aol.com"
"Please DocuSign yourUPC insurance documents.-(609)464-3288 | 00723148 | AG","Completed","Christopher Masarone","Completed","2/7/2018 3:57:52 PM EST","2/7/2018 4:08:17 PM EST","2/7/2018 3:59:01 PM EST","2/7/2018 4:13:07 PM EST","2/7/2018 4:08:17 PM EST","RMASA1014@GMAIL.COM"
"Please DocuSign yourUPC insurance documents.-(609)464-3288 | 00723148 | AG","Completed","Rosemary Masarone","Completed","2/7/2018 3:57:51 PM EST","2/7/2018 4:13:07 PM EST","2/7/2018 4:10:06 PM EST","2/7/2018 4:13:07 PM EST","2/7/2018 4:13:07 PM EST","RMASA1014@GMAIL.COM"
"Please DocuSign your AllRisk insurance documents.(321)208-7799| 00149754 | SR","Sent","Lowell Murrell","Sent","2/7/2018 3:49:39 PM EST","","","","","lmurrellwva@cfl.rr.com"
"Please DocuSign your AllRisk insurance documents.- 315-440-6635|qt#3310141 SR","Completed","Chad Munroe","Completed","2/7/2018 3:34:20 PM EST","2/7/2018 8:02:51 PM EST","2/7/2018 8:01:26 PM EST","2/7/2018 8:02:51 PM EST","2/7/2018 8:02:51 PM EST","cmunroe@twcny.rr.com"
"Please DocuSign this agent of record form.-(786)229-7718 | 00609500 | BB DB","Sent","Mahadeo Tulsie","Sent","2/7/2018 3:27:48 PM EST","","","","","calvintulsie@yahoo.com"
"Please DocuSign your UPC insurance documents.-(850)514-4333| 00722999 |LR","Sent","Anne Radke","Sent","2/7/2018 3:03:45 PM EST","","","","","anne@alphadisplays.com"
"Please DocuSign your Aspen insurance documents.-(516)456-3279 | 00722986 |SR","Sent","Ronnie Popper","Sent","2/7/2018 2:51:21 PM EST","","","","","pop2769@gmail.com"
"Please DocuSign your AllRisk insurance documents.-(856)296-7859 | 00722977 |SR","Completed","Jason Quigley","Completed","2/7/2018 2:36:29 PM EST","2/7/2018 4:15:24 PM EST","2/7/2018 4:14:06 PM EST","2/7/2018 4:15:24 PM EST","2/7/2018 4:15:24 PM EST","Squid051@yahoo.com"
"Please DocuSign your Allrisk insurance documents.-(786)448-6705| 00722934 | SR","Completed","Kristina Schreck","Completed","2/7/2018 2:11:40 PM EST","2/8/2018 9:17:58 AM EST","2/8/2018 8:22:12 AM EST","2/8/2018 9:17:58 AM EST","2/8/2018 9:17:58 AM EST","kristinaschreck@gmail.com"
"Please DocuSign No Loss Statement.(561)732-5951| 00645163 | AG","Sent","Virginia  Edwards","Sent","2/7/2018 1:14:23 PM EST","","","","","eclinton46@yahoo.com"
"Please DocuSign No Loss Statement.(561)732-5951| 00645163 | AG","Sent","Clinton Edwards","Delivered","2/7/2018 1:14:24 PM EST","","2/7/2018 1:25:47 PM EST","","","eclinton46@yahoo.com"
"Please DocuSign your AllRisk insurance documents.-(519)688-7903 | 00723140 |SR","Completed","Stephen Culig","Completed","2/7/2018 1:05:26 PM EST","2/7/2018 1:12:32 PM EST","2/7/2018 1:10:07 PM EST","2/7/2018 1:12:32 PM EST","2/7/2018 1:12:32 PM EST","Sculig2@gmail.com"
"Please DocuSign your Geovera & Allrisk insurance documents.-(954)608-2280| 00723119 |SR","Completed","Juliane Da Silva","Completed","2/7/2018 12:57:24 PM EST","2/7/2018 1:11:05 PM EST","2/7/2018 1:05:40 PM EST","2/7/2018 1:11:05 PM EST","2/7/2018 1:11:05 PM EST","max@baolasolas.com"
"Please DocuSign your UPCIC insurance documents.-(925)876-6531| 00723020 |AG","Sent","Engelman Guzman","Sent","2/7/2018 12:44:25 PM EST","","","","","engelbertguzman@hotmail.com"
"Please DocuSign your UPCIC insurance documents.-(925)876-6531| 00723020 |AG","Sent","Gladys Guzman","Sent","2/7/2018 12:44:26 PM EST","","","","","engelbertguzman@hotmail.com"
"Please DocuSign your Geovera insurance documents.-(727)218-7252 | 00586640 | SR","Completed","Lydonna Severin","Completed","2/7/2018 12:18:36 PM EST","2/7/2018 1:43:18 PM EST","2/7/2018 1:36:31 PM EST","2/7/2018 1:43:18 PM EST","2/7/2018 1:43:18 PM EST","Luv2cre8boyz@gmail.com"
"Please DocuSign your Geovera, AllRisk & ASI insurance documents.-(646)642-7779 | 00722865 | SR LR","Completed","Sherron Parara","Completed","2/7/2018 12:04:59 PM EST","2/7/2018 6:09:31 PM EST","2/7/2018 5:50:01 PM EST","2/7/2018 6:09:31 PM EST","2/7/2018 6:09:31 PM EST","srparara@yahoo.com"
"Please DocuSign your Aspen insurance documents.-(305)393-7605| 00722899 |SR","Sent","Ronald Christison","Sent","2/7/2018 11:26:13 AM EST","","","","","rndchristison@comcast.net"
"Please DocuSign your ASI insurance documents.-(407)222-2740 | 00720944 |LR","Completed","Rodriguez Gonzalez","Completed","2/7/2018 11:21:52 AM EST","2/7/2018 11:36:12 AM EST","2/7/2018 11:30:30 AM EST","2/7/2018 11:36:12 AM EST","2/7/2018 11:36:12 AM EST","orr34@icloud.com"
"Please DocuSign your ICAT insurance documents.-(954)943-2533| 00722946 |SR","Completed","Henrietta McClellan","Completed","2/7/2018 10:00:55 AM EST","2/7/2018 3:08:13 PM EST","2/7/2018 3:01:12 PM EST","2/7/2018 3:08:13 PM EST","2/7/2018 3:08:13 PM EST","henriettamcclellan@att.net"
"corrected: Please DocuSign your AllRisk insurance documents.-(954)274-6086| 00722856 |SR","Delivered","Jose Gonzaga","Delivered","2/7/2018 9:39:09 AM EST","","2/7/2018 12:39:42 PM EST","","","jag3635@gmail.com"
"Please DocuSign this agent of record form.-(321)733-7578| 00723077 | JK DB","Completed","Mark Samuels","Completed","2/7/2018 9:21:11 AM EST","2/7/2018 7:00:05 PM EST","2/7/2018 6:58:59 PM EST","2/7/2018 7:00:05 PM EST","2/7/2018 7:00:05 PM EST","mark_e_samuels@yahoo.com"
"Corrected: Please DocuSign your new ASI flood insurance application.-(941)915-3721| 00714110 | LR","Completed","Michelle Brady","Completed","2/6/2018 4:49:32 PM EST","2/7/2018 7:34:13 AM EST","2/7/2018 7:32:49 AM EST","2/7/2018 7:34:13 AM EST","2/7/2018 7:34:13 AM EST","Bradys4christ@yahoo.com"
"Please DocuSign your notice of terrorism coverage-(203)912-7205| 00720754 |MD","Completed","Joel Wecksell","Completed","2/6/2018 12:53:01 PM EST","2/9/2018 7:48:32 PM EST","2/9/2018 2:08:19 PM EST","2/9/2018 7:48:32 PM EST","2/9/2018 7:48:32 PM EST","joel@wecksell.org"
"Please DocuSign your Southern Oak insurance documents.-(954)254-0944 | 00418899 |LR MO","Sent","Elvira Rodriguez","Sent","2/6/2018 12:33:21 PM EST","","","","","Elviyeja61@yahoo.com"
"Please DocuSign your ASI insurance documents.-(732)778-3634| 00721531 |SB","Completed","Gabriella Faldetta-Frick","Completed","2/6/2018 12:12:24 PM EST","2/6/2018 3:11:45 PM EST","2/6/2018 3:10:36 PM EST","2/6/2018 3:11:45 PM EST","2/6/2018 3:11:45 PM EST","GFRICKETTA@AOL.COM"
"Please DocuSign your UPC insurance documents.-(850)826-1736 | 00603085 |LR","Completed","Matthew Phelan","Completed","2/6/2018 11:59:29 AM EST","2/6/2018 5:17:50 PM EST","2/6/2018 5:17:20 PM EST","2/6/2018 5:17:50 PM EST","2/6/2018 5:17:50 PM EST","Mattphelan850@gmail.com"
"Please DocuSign: FLH-0007463 Inspection Letter.(786)390-0555 | 00712424 |LR","Completed","Frank Ortega Perez","Completed","2/6/2018 11:49:00 AM EST","2/6/2018 1:05:11 PM EST","2/6/2018 1:04:37 PM EST","2/6/2018 1:05:11 PM EST","2/6/2018 1:05:11 PM EST","frankortega45@hotmail.com"
"Please DocuSign your Geovera & Allrisk insurance documents.-(786)306-2942 | 00722608 | SR","Completed","Barbara Oliver","Completed","2/6/2018 10:54:45 AM EST","2/9/2018 11:58:30 AM EST","2/9/2018 11:42:09 AM EST","2/9/2018 11:58:30 AM EST","2/9/2018 11:58:30 AM EST","barbaraj1538@yahoo.com"
"Please DocuSign your AllRik, Geovera & ASI insurance documents.-(305)380-7767 | 00650999 | SR LR","Sent","Norberto Barrios","Sent","2/6/2018 10:45:18 AM EST","","","","","Susanab123@yahoo.com"
"NEw: Please DocuSign UPCIC Statement of No Loss form-(646)683-0008| 00696542 |LR","Completed","Esperanza Dejesus","Completed","2/6/2018 10:29:10 AM EST","2/6/2018 11:53:48 AM EST","2/6/2018 11:53:38 AM EST","2/6/2018 11:54:30 AM EST","2/6/2018 11:53:48 AM EST","rubianut@aol.com"
"NEw: Please DocuSign UPCIC Statement of No Loss form-(646)683-0008| 00696542 |LR","Completed","Dana Hole","Completed","2/6/2018 10:29:10 AM EST","2/6/2018 11:54:30 AM EST","2/6/2018 11:54:20 AM EST","2/6/2018 11:54:30 AM EST","2/6/2018 11:54:30 AM EST","rubianut@aol.com"
"Please DocuSign your Capitol Preferred insurance documents.-(954)439-4672| 00722735 | SB","Completed","Eve Philippeaux","Completed","2/6/2018 10:00:21 AM EST","2/6/2018 10:14:46 AM EST","2/6/2018 10:10:47 AM EST","2/6/2018 10:14:46 AM EST","2/6/2018 10:14:46 AM EST","evep2020@gmail.com"
"Please DocuSign your Safeco insurance documents.- | 00615593 | (352)727-8756 MM","Completed","George D Mayberry","Completed","2/6/2018 9:53:49 AM EST","2/6/2018 1:26:19 PM EST","2/6/2018 1:25:45 PM EST","2/6/2018 1:26:19 PM EST","2/6/2018 1:26:19 PM EST","Annies11@yahoo.com"
"Please DocuSign your Olympus insurance documents.-(954)290-5330| 00366074| LR","Delivered","George Cheddar","Delivered","2/6/2018 9:50:25 AM EST","","2/6/2018 10:57:47 AM EST","","","georgecheddar72@yahoo.com"
"Please DocuSign your Tapco insurance documents.-(612)353-7049| 00722698 | SR","Completed","James Laurence","Completed","2/6/2018 9:47:04 AM EST","2/6/2018 9:59:34 AM EST","2/6/2018 9:57:55 AM EST","2/6/2018 9:59:34 AM EST","2/6/2018 9:59:34 AM EST","jameslaur@comcast.net"
"Please DocuSign your Bass insurance documents.-(954)829-4858 | 00722688 | SR","Completed","Christpoher Simmons","Completed","2/6/2018 9:41:29 AM EST","2/6/2018 4:10:22 PM EST","2/6/2018 4:04:59 PM EST","2/6/2018 4:10:22 PM EST","2/6/2018 4:10:22 PM EST","penfowl@aol.com"
"Please DocuSign Cancellation request form.-(561)302-5128| 00711591 |MO","Completed","Debra Stone","Completed","2/5/2018 5:02:21 PM EST","2/5/2018 5:52:46 PM EST","2/5/2018 5:52:15 PM EST","2/5/2018 5:52:46 PM EST","2/5/2018 5:52:46 PM EST","debabcstone@yahoo.com"
"Please DocuSign your UPC insurance documents.-phn#727-319-9545pc#UHF1705016 SB MO","Delivered","Ray Straley","Delivered","2/5/2018 5:01:23 PM EST","","2/9/2018 1:24:35 PM EST","","","straleyray@gmail.com"
"Please DocuSign your New  UPC APP & Cancellation request form.-(813)500-7459| 00722175 |MO","Sent","Juan C Perez","Sent","2/5/2018 4:58:09 PM EST","","","","","Jcjuanca14@yahoo.com"
"Please DocuSign Cancellation request form.-(561)951-0073 | 00721849 |MO","Completed","CARA DESTEFANO GREIF","Completed","2/5/2018 4:53:35 PM EST","2/6/2018 4:33:49 PM EST","2/6/2018 4:33:38 PM EST","2/7/2018 8:56:50 AM EST","2/6/2018 4:33:49 PM EST","david@delraymortgages.com"
"Please DocuSign Cancellation request form.-(561)951-0073 | 00721849 |MO","Completed","David Greif","Completed","2/5/2018 4:53:35 PM EST","2/7/2018 8:56:50 AM EST","2/7/2018 8:56:24 AM EST","2/7/2018 8:56:50 AM EST","2/7/2018 8:56:50 AM EST","david@delraymortgages.com"
"Please DocuSign Cancellation request form.-(954)464-0919| 00433758 |MO","Delivered","Koshy Mathew","Delivered","2/5/2018 4:48:03 PM EST","","2/7/2018 11:20:07 AM EST","","","KMATHEW4@HOTMAIL.COM"
"Please DocuSign this agent of record form.-(407)286-2092| 00722633 |BB DB","Completed","Evangelina Rios","Completed","2/5/2018 4:37:06 PM EST","2/5/2018 4:50:41 PM EST","2/5/2018 4:44:25 PM EST","2/7/2018 9:06:44 AM EST","2/5/2018 4:50:41 PM EST","evarios07@yahoo.com"
"Please DocuSign this agent of record form.-(407)286-2092| 00722633 |BB DB","Completed","JESUS RIOS","Completed","2/5/2018 4:37:06 PM EST","2/7/2018 9:06:44 AM EST","2/5/2018 4:51:52 PM EST","2/7/2018 9:06:44 AM EST","2/7/2018 9:06:44 AM EST","evarios07@yahoo.com"
"corrected: Please DocuSign your AllRisk insurance documents.-(321)626-6978 | 00722565 | SR","Completed","Irma Pinder","Completed","2/5/2018 3:07:40 PM EST","2/7/2018 2:55:29 PM EST","2/5/2018 3:12:59 PM EST","2/7/2018 2:55:29 PM EST","2/7/2018 2:55:29 PM EST","grlplnfxr@gmail.com"
"Please DocuSign your Progressive insurance documents.-(518)528-3117| 00722343 | MM","Completed","SUSAN MILLS","Completed","2/5/2018 3:01:03 PM EST","2/6/2018 10:38:22 AM EST","2/5/2018 4:48:07 PM EST","2/6/2018 10:38:22 AM EST","2/6/2018 10:38:22 AM EST","susanmills@biblesocieties.org"
"Please DocuSign your Edison insurance documents.-(518)528-3117| 00722343 |LR","Completed","Leigh Rene Martuscello","Completed","2/5/2018 2:46:01 PM EST","2/5/2018 4:35:42 PM EST","2/5/2018 4:33:43 PM EST","2/5/2018 4:35:42 PM EST","2/5/2018 4:35:42 PM EST","leighmartuscello@aol.com"
"Please DocuSign your Prepared & Tower Hill insurance documents.-(754)368-2700| 00722327 |LR","Completed","Leticia Fazio","Completed","2/5/2018 2:33:54 PM EST","2/7/2018 7:53:06 AM EST","2/5/2018 2:41:41 PM EST","2/7/2018 7:55:25 AM EST","2/7/2018 7:53:06 AM EST","dan@danfazio.net"
"Please DocuSign your Prepared & Tower Hill insurance documents.-(754)368-2700| 00722327 |LR","Completed","Daniel Fazio","Completed","2/5/2018 2:33:53 PM EST","2/7/2018 7:55:25 AM EST","2/7/2018 7:53:26 AM EST","2/7/2018 7:55:25 AM EST","2/7/2018 7:55:25 AM EST","dan@danfazio.net"
"Please DocuSign your UPCIC insurance documents.-(850)510-3368 | 00722599 |AG","Completed","Todd Woodall","Completed","2/5/2018 2:15:13 PM EST","2/5/2018 3:23:20 PM EST","2/5/2018 3:21:21 PM EST","2/9/2018 1:24:14 PM EST","2/5/2018 3:23:20 PM EST","toddwoodall@yahoo.com"
"Please DocuSign your UPCIC insurance documents.-(850)510-3368 | 00722599 |AG","Completed","Bonnie Woodall","Completed","2/5/2018 2:15:14 PM EST","2/9/2018 1:24:14 PM EST","2/9/2018 1:22:29 PM EST","2/9/2018 1:24:14 PM EST","2/9/2018 1:24:14 PM EST","toddwoodall@yahoo.com"
"Please DocuSign your Bass insurance documents.-(941)526-5283| 00722588 | SR","Completed","Lova Patterson","Completed","2/5/2018 2:09:50 PM EST","2/5/2018 3:12:16 PM EST","2/5/2018 3:08:07 PM EST","2/5/2018 3:12:16 PM EST","2/5/2018 3:12:16 PM EST","patterlm@eckerd.edu"
"Please DocuSign your Bass insurance documents.-(917)373-0855| 00706751 | SR","Completed","Brenda Duncan","Completed","2/5/2018 2:05:34 PM EST","2/5/2018 3:10:19 PM EST","2/5/2018 3:09:25 PM EST","2/5/2018 3:10:19 PM EST","2/5/2018 3:10:19 PM EST","brendad000@hotmail.com"
"Please DocuSign your ST Johns insurance documents.-(727)420-7351| 00674813 |LR","Completed","Derek Cooper","Completed","2/5/2018 2:01:34 PM EST","2/5/2018 2:25:14 PM EST","2/5/2018 2:21:28 PM EST","2/5/2018 2:28:27 PM EST","2/5/2018 2:25:14 PM EST","kamaramcooper@yahoo.com"
"Please DocuSign your ST Johns insurance documents.-(727)420-7351| 00674813 |LR","Completed","Kamara Cooper","Completed","2/5/2018 2:01:33 PM EST","2/5/2018 2:28:27 PM EST","2/5/2018 2:26:29 PM EST","2/5/2018 2:28:27 PM EST","2/5/2018 2:28:27 PM EST","kamaramcooper@yahoo.com"
"Please DocuSign your UPCIC insurance documents.-(561)507-5407| 00456401 |AG LR","Sent","David Charles White","Sent","2/5/2018 1:22:57 PM EST","","","","","csnevins@gmail.com"
"Please DocuSign your UPCIC insurance documents.-(561)507-5407| 00456401 |AG LR","Sent","Valerie Mary White","Sent","2/5/2018 1:22:58 PM EST","","","","","csnevins@gmail.com"
"Please DocuSign your UPCIC insurance documents.-(561)507-5407| 00456401 |AG LR","Sent","Christina Nevins","Sent","2/5/2018 1:22:58 PM EST","","","","","csnevins@gmail.com"
"Please DocuSign Cancellation request form.-(561)373-1809| 00391792 |MO","Completed","Ilona Tapolyai","Completed","2/5/2018 12:24:58 PM EST","2/5/2018 6:05:40 PM EST","2/5/2018 6:04:35 PM EST","2/5/2018 6:05:40 PM EST","2/5/2018 6:05:40 PM EST","ica0726@gmail.com"
"Please DocuSign Cancellation request form.-(954)636-9065 | 00692483 |MO","Completed","Jason Jeffrey","Completed","2/5/2018 12:22:07 PM EST","2/5/2018 5:55:59 PM EST","2/5/2018 5:55:26 PM EST","2/5/2018 5:55:59 PM EST","2/5/2018 5:55:59 PM EST","sanjosegc@outlook.com"
"Please DocuSign this agent of record form.-(954)720-6976 | 00722595 | BB DB","Delivered","JACQUELINE CASSIO","Delivered","2/5/2018 12:12:49 PM EST","","2/5/2018 1:28:04 PM EST","","","jacknskip@att.net"
"Please DocuSign this agent of record form.-(954)720-6976 | 00722595 | BB DB","Delivered","JOSEPH CASSIO","Delivered","2/5/2018 12:12:49 PM EST","","2/5/2018 1:30:52 PM EST","","","jacknskip@att.net"
"Please DocuSign your UPCIC insurance documents.-(786)553-1100 | 00719261 AG","Completed","Onida Rivera","Completed","2/5/2018 12:02:41 PM EST","2/6/2018 12:36:32 PM EST","2/6/2018 12:35:49 PM EST","2/9/2018 9:40:29 AM EST","2/6/2018 12:36:32 PM EST","riveraj55561@gmail.com"
"Please DocuSign your UPCIC insurance documents.-(786)553-1100 | 00719261 AG","Completed","Juan Rivera","Completed","2/5/2018 12:02:41 PM EST","2/9/2018 9:40:29 AM EST","2/9/2018 9:38:27 AM EST","2/9/2018 9:40:29 AM EST","2/9/2018 9:40:29 AM EST","riveraj55561@gmail.com"
"Corrected: Please DocuSign your UPCIC insurance documents.-(954)330-8125 | 00721837 | AG","Completed","Shaunna Baker","Completed","2/5/2018 12:01:06 PM EST","2/8/2018 10:00:09 AM EST","2/5/2018 4:10:17 PM EST","2/8/2018 10:00:09 AM EST","2/8/2018 10:00:09 AM EST","shaunna.baker5@gmail.com"
"Please DocuSign your Bass insurance documents.-(813)408-0294| 00722352 |SR","Completed","Bertude Angervil","Completed","2/5/2018 11:29:36 AM EST","2/5/2018 3:00:18 PM EST","2/5/2018 2:40:55 PM EST","2/5/2018 3:00:18 PM EST","2/5/2018 3:00:18 PM EST","bangervil@gmail.com"
"Please DocuSign Cancellation request form.-(352)229-6777 | 00681130 | SB","Completed","WOODROW GRIFFIN","Completed","2/5/2018 10:47:51 AM EST","2/7/2018 11:31:34 AM EST","2/6/2018 9:48:10 PM EST","2/7/2018 11:32:12 AM EST","2/7/2018 11:31:34 AM EST","g_woodrow@yahoo.com"
"Please DocuSign Cancellation request form.-(352)229-6777 | 00681130 | SB","Completed","ROBIN GRIFFIN","Completed","2/5/2018 10:47:51 AM EST","2/7/2018 11:32:12 AM EST","2/6/2018 9:44:06 PM EST","2/7/2018 11:32:12 AM EST","2/7/2018 11:32:12 AM EST","g_woodrow@yahoo.com"
"Please DocuSign your UPC insurance documents.| 00708636 |ph#321-799-2953 LR MO","Completed","Susan Pelakh","Completed","2/5/2018 9:44:57 AM EST","2/5/2018 8:33:13 PM EST","2/5/2018 8:29:31 PM EST","2/5/2018 8:35:12 PM EST","2/5/2018 8:33:13 PM EST","pelakh@gmail.com"
"Please DocuSign your UPC insurance documents.| 00708636 |ph#321-799-2953 LR MO","Completed","Boris Pelakh","Completed","2/5/2018 9:44:57 AM EST","2/5/2018 8:35:12 PM EST","2/5/2018 8:33:57 PM EST","2/5/2018 8:35:12 PM EST","2/5/2018 8:35:12 PM EST","pelakh@gmail.com"
"Please DocuSign your Geovera insurance documents.-(954)655-6035| 00390984 | SR","Voided","Viola Ollivierre","Sent","2/2/2018 3:33:03 PM EST","","","2/10/2018 12:39:00 AM EST","","dayda8@hotmail.com"
"Please DocuSign your Lexington insurance documents.-(772)410-9783 | 00707554 |MD","Completed","Paul Malinos","Completed","2/2/2018 3:18:21 PM EST","2/2/2018 3:54:34 PM EST","2/2/2018 3:53:49 PM EST","2/2/2018 3:56:10 PM EST","2/2/2018 3:54:34 PM EST","paulmalinos@hotmail.com"
"Please DocuSign your Lexington insurance documents.-(772)410-9783 | 00707554 |MD","Completed","Nancy Malinos","Completed","2/2/2018 3:18:21 PM EST","2/2/2018 3:56:10 PM EST","2/2/2018 3:55:41 PM EST","2/2/2018 3:56:10 PM EST","2/2/2018 3:56:10 PM EST","paulmalinos@hotmail.com"
"Please DocuSign: FLH-0007316  Inspection Letter.(786)468-0532| 00712223 |LR","Voided","Morton Augustin","Sent","2/2/2018 2:32:12 PM EST","","","2/10/2018 12:40:04 AM EST","","brosegracia@yahoo.com"
"Please DocuSign: NVH-0003492 Inspection Letter.-(786)916-5691 | 00713025","Voided","Rosa Camino","Sent","2/2/2018 2:31:50 PM EST","","","2/10/2018 12:40:03 AM EST","","rosa.a.camino@hotmail.com"
"NEW: Please DocuSign Named Driver Exclusion Election-(561)398-9536 | 00088117 |MMcCoy","Voided","Nidia Martinez","Sent","2/2/2018 2:29:37 PM EST","","","2/10/2018 12:39:30 AM EST","","nimartinez56@gmail.com"
"Please DocuSign your UPCIC insurance documents.-(838)295-0182| 00722123 |AG","Voided","Essie Ridgeway","Sent","2/2/2018 2:25:32 PM EST","","","2/10/2018 12:39:09 AM EST","","houstonsheila4@hotmail.com"
"Please DocuSign your UPC insurance documents.-..(561)862-7042 | 00722284 |LR","Voided","ELIZABETH VISE","Sent","2/2/2018 2:07:37 PM EST","","","2/10/2018 12:40:07 AM EST","","toy4liz@aol.com"
"Please DocuSign your UPC insurance documents.-..(561)862-7042 | 00722284 |LR","Voided","Joseph Toscano","Completed","2/2/2018 2:07:36 PM EST","2/2/2018 2:26:36 PM EST","2/2/2018 2:25:12 PM EST","2/10/2018 12:40:07 AM EST","2/2/2018 2:26:36 PM EST","toy4liz@aol.com"
"Corrected: Please DocuSign your Florida Specialty insurance documents.-(320)405-9509 | 00722236 |SB","Voided","Maria Casil","Delivered","2/2/2018 1:57:36 PM EST","","2/2/2018 3:39:39 PM EST","2/8/2018 4:57:42 PM EST","","honey.bunch@btopenworld.com"
"Please DocuSign your UPCIC insurance documents.-(954)401-7798| 00722225 |AG","Completed","Paula R. Williams","Completed","2/2/2018 1:34:49 PM EST","2/2/2018 1:41:14 PM EST","2/2/2018 1:35:34 PM EST","2/2/2018 1:41:14 PM EST","2/2/2018 1:41:14 PM EST","Phardy2009@yahoo.com"
"Please DocuSign your UPCIC insurance documents.-(954)636-9065| 00692483 |AG","Completed","Jason Jeffrey","Completed","2/2/2018 1:16:05 PM EST","2/4/2018 9:18:30 AM EST","2/4/2018 9:17:22 AM EST","2/4/2018 9:18:30 AM EST","2/4/2018 9:18:30 AM EST","sanjosegc@outlook.com"
"Please DocuSign your Capitol insurance documents.-(561)293-9928 | 00705318 | LR","Completed","Desha Turner","Completed","2/2/2018 1:11:35 PM EST","2/2/2018 1:14:52 PM EST","2/2/2018 1:12:20 PM EST","2/2/2018 1:14:52 PM EST","2/2/2018 1:14:52 PM EST","deshaturner@gmail.com"
"Please DocuSign your UPC insurance documents.-(813)500-7459 | 00722175 | SB","Completed","Juan C Perez","Completed","2/2/2018 1:07:33 PM EST","2/3/2018 8:26:56 AM EST","2/3/2018 8:24:12 AM EST","2/3/2018 8:26:56 AM EST","2/3/2018 8:26:56 AM EST","Jcjuanca14@yahoo.com"
"Please DocuSign your UPCIC insurance documents.-(904)234-7618| 00722173 |AG","Completed","Harold L Jones","Completed","2/2/2018 1:02:41 PM EST","2/3/2018 7:06:04 AM EST","2/3/2018 7:03:00 AM EST","2/3/2018 7:06:04 AM EST","2/3/2018 7:06:04 AM EST","jones957@yahoo.com"
"Please DocuSign your Florida Penn insurance documents.-(713)702-1240| 00692758 | SB","Completed","Cheryl L Kirsten","Completed","2/2/2018 12:58:21 PM EST","2/2/2018 6:45:21 PM EST","2/2/2018 6:42:37 PM EST","2/2/2018 6:45:21 PM EST","2/2/2018 6:45:21 PM EST","cherlk88888@gmail.com"
"Please DocuSign your AllRisk insurance documents.-(305)890-3730| 00722097 | SR","Completed","Anthony Lewis","Completed","2/2/2018 12:52:49 PM EST","2/2/2018 2:34:39 PM EST","2/2/2018 2:32:20 PM EST","2/2/2018 2:34:40 PM EST","2/2/2018 2:34:39 PM EST","anthonyhlewis@aol.com"
"Please DocuSign your AllRisk insurance documents.-(254)462-1992 | 00381235 |SR SB","Voided","Marietta Dorcelus","Sent","2/2/2018 12:48:34 PM EST","","","2/6/2018 12:01:56 PM EST","","drenolds2@hotmail.com"
"Please DocuSign your Olympus insurance documents.-(786)547-7865| 00722065 |","Completed","Moleon Delton","Completed","2/2/2018 12:37:40 PM EST","2/2/2018 2:22:53 PM EST","2/2/2018 1:48:16 PM EST","2/2/2018 2:22:53 PM EST","2/2/2018 2:22:53 PM EST","moleon32@hotmail.com"
"Please DocuSign your Travelers insurance documents.-(561)323-1590 | 00712515 | MM","Completed","William Kikta","Completed","2/2/2018 12:22:52 PM EST","2/3/2018 7:41:47 AM EST","2/3/2018 7:41:02 AM EST","2/3/2018 7:41:47 AM EST","2/3/2018 7:41:47 AM EST","William_kikta@yahoo.com"
"lease DocuSign your FedNat insurance documents.-(917)854-5012 | 00722048 |LR","Completed","Matthew Wizeman","Completed","2/2/2018 12:18:07 PM EST","2/5/2018 10:34:29 AM EST","2/2/2018 1:13:07 PM EST","2/5/2018 10:34:29 AM EST","2/5/2018 10:34:29 AM EST","matthewwizeman@yahoo.com"
"Please DocuSign your Florida Specialty insurance documents.-(407)421-5465| 00721976 |SB","Voided","Georgia Lane","Sent","2/2/2018 11:52:19 AM EST","","","2/10/2018 12:40:01 AM EST","","Ladylane55@yahoo.com"
"Please DocuSign your new flood insurance application.-(561)422-9852| 00292083 |LR","Completed","PETER J PAPULA","Completed","2/2/2018 11:44:56 AM EST","2/3/2018 6:15:20 PM EST","2/3/2018 6:13:08 PM EST","2/3/2018 6:15:20 PM EST","2/3/2018 6:15:20 PM EST","Titan6371@gmail.com"
"Please DocuSign your SEacoast insurance documents.-(561)373-1809| 00391792 | SR","Completed","ILONA TAPOLYAI","Completed","2/2/2018 11:38:34 AM EST","2/3/2018 10:26:43 PM EST","2/3/2018 9:42:45 AM EST","2/3/2018 10:26:43 PM EST","2/3/2018 10:26:43 PM EST","ICA0726@GMAIL.COM"
"Please DocuSign your Bass insurance documents.-phn#516-317-5151pc#AGP1231421 SR","Voided","Ramon Carrua","Sent","2/2/2018 11:30:15 AM EST","","","2/10/2018 12:40:18 AM EST","","rcvendingcorp@gmail.com"
"Please DocuSign your Prepared insurance documents.-(561)951-0073| 00721849 | SB","Completed","David Greif","Completed","2/2/2018 11:29:30 AM EST","2/5/2018 10:31:13 AM EST","2/5/2018 10:30:03 AM EST","2/5/2018 10:32:25 AM EST","2/5/2018 10:31:13 AM EST","david@delraymortgages.com"
"Please DocuSign your Prepared insurance documents.-(561)951-0073| 00721849 | SB","Completed","CARA DESTEFANO GREIF","Completed","2/2/2018 11:29:31 AM EST","2/5/2018 10:32:25 AM EST","2/5/2018 10:32:08 AM EST","2/5/2018 10:32:25 AM EST","2/5/2018 10:32:25 AM EST","david@delraymortgages.com"
"Please DocuSign your UPCIC insurance documents.-(954)330-8125 | 00721837 | AG","Declined","Shaunna Baker","Declined","2/2/2018 11:21:03 AM EST","","2/5/2018 8:21:57 AM EST","2/5/2018 10:18:24 AM EST","","shaunnabaker@gmail.com"
"Nes Please DocuSign this policy change request.-(786)975-7207| 00570680 | SZ","Completed","Yisel Chong","Completed","2/2/2018 10:54:28 AM EST","2/2/2018 10:58:44 AM EST","2/2/2018 10:57:37 AM EST","2/2/2018 10:58:44 AM EST","2/2/2018 10:58:44 AM EST","shymisu7199@gmail.com"
"Please DocuSign your AllRisk & Geovera insurance documents.-(954)790-9577| 00722109 |SR","Voided","Karen Elliott","Sent","2/2/2018 10:44:44 AM EST","","","2/5/2018 9:02:28 AM EST","","assamk@bellsouth.net"
"Please DocuSign your AllRisk insurance documents.-(904)945-2941 | 00722072 |SR","Completed","Janet Wynn","Completed","2/2/2018 10:05:10 AM EST","2/2/2018 10:21:05 AM EST","2/2/2018 10:13:36 AM EST","2/2/2018 10:21:06 AM EST","2/2/2018 10:21:05 AM EST","jw68340@gmail.com"
"Please DocuSign this policy change request.-(561)254-4468 | 00608216 | BB","Completed","Karen Clawson","Completed","2/2/2018 9:59:27 AM EST","2/2/2018 3:40:31 PM EST","2/2/2018 3:40:17 PM EST","2/2/2018 3:40:31 PM EST","2/2/2018 3:40:31 PM EST","karenclawson19@gmail.com"
"Please DocuSign your Florida Specialty insurance documents.-(407)985-5416| 00722083 | SB","Completed","Jencymol Mathew","Completed","2/2/2018 9:50:21 AM EST","2/6/2018 11:31:35 AM EST","2/2/2018 11:20:56 AM EST","2/6/2018 11:31:35 AM EST","2/6/2018 11:31:35 AM EST","shinut1983@gmail.com"
"Please DocuSign your Prepared insurance documents.-(371)498-4500 | 00722021 |LR","Completed","John Bator","Completed","2/2/2018 9:27:50 AM EST","2/2/2018 9:30:42 AM EST","2/2/2018 9:29:58 AM EST","2/2/2018 10:45:07 AM EST","2/2/2018 9:30:42 AM EST","jbator@batorlaw.com"
"Please DocuSign your Prepared insurance documents.-(371)498-4500 | 00722021 |LR","Completed","Sally Bator","Completed","2/2/2018 9:27:50 AM EST","2/2/2018 10:45:07 AM EST","2/2/2018 10:42:12 AM EST","2/2/2018 10:45:07 AM EST","2/2/2018 10:45:07 AM EST","sjbator@hrtc.net"
"Please DocuSign No Loss Cancellation Request.(754)214-5612 | 00424051 | MO","Completed","Latasha Davis","Completed","2/2/2018 8:59:54 AM EST","2/2/2018 10:16:24 AM EST","2/2/2018 10:14:50 AM EST","2/2/2018 10:16:24 AM EST","2/2/2018 10:16:24 AM EST","latashandavis@yahoo.com"
"Please DocuSign your Geovera insurance documents.-(239)878-9248| 00721835 |SR","Completed","Alphonso James","Completed","2/1/2018 3:43:21 PM EST","2/5/2018 9:02:45 PM EST","2/5/2018 9:00:04 PM EST","2/5/2018 9:02:45 PM EST","2/5/2018 9:02:45 PM EST","Ktjames2017@gmail.com"
"Please DocuSign your UPCIC insurance documents.-(561)603-2717| 00563074 |AG","Completed","Jason Turner","Completed","2/1/2018 3:32:51 PM EST","2/5/2018 12:33:54 PM EST","2/5/2018 12:21:15 PM EST","2/5/2018 12:33:54 PM EST","2/5/2018 12:33:54 PM EST","jtc054@hotmail.com"
"Corrcted: Please DocuSign your Edison insurance documents.-(786)366-0324 | 00721827 |SB","Completed","Joe Villoch","Completed","2/1/2018 3:30:48 PM EST","2/8/2018 10:23:49 AM EST","2/2/2018 9:35:05 AM EST","2/8/2018 10:23:49 AM EST","2/8/2018 10:23:49 AM EST","Kellyvilloch1304@att.net"
"lease DocuSign your UPC insurance documents.-(239)348-5652 | 00704052 |LR","Completed","Brian Schaal","Completed","2/1/2018 3:18:43 PM EST","2/2/2018 10:39:13 AM EST","2/2/2018 10:36:00 AM EST","2/2/2018 10:41:37 AM EST","2/2/2018 10:39:13 AM EST","emtschaal@yahoo.com"
"lease DocuSign your UPC insurance documents.-(239)348-5652 | 00704052 |LR","Completed","Christine Schaal","Completed","2/1/2018 3:18:43 PM EST","2/2/2018 10:41:36 AM EST","2/2/2018 10:41:27 AM EST","2/2/2018 10:41:37 AM EST","2/2/2018 10:41:36 AM EST","emtschaal@yahoo.com"
"Please DocuSign Cancellation request form.-(508)770-0680 | 00721193 |MO","Completed","Mary Jeanne Anderson","Completed","2/1/2018 2:15:09 PM EST","2/3/2018 6:41:04 PM EST","2/3/2018 6:39:47 PM EST","2/3/2018 6:41:04 PM EST","2/3/2018 6:41:04 PM EST","mjandka@charter.net"
"Please DocuSign Cancellation request form.-(347)377-9084| 00714299 |MO","Completed","Konstantinos Markou","Completed","2/1/2018 2:11:18 PM EST","2/2/2018 10:44:54 AM EST","2/1/2018 7:03:47 PM EST","2/2/2018 10:44:55 AM EST","2/2/2018 10:44:54 AM EST","patrinos41@gmail.com"
"Please DocuSign Cancellation request form.-(917)224-2110| 00655187 |MO","Voided","Farzana Chowdhury","Sent","2/1/2018 2:08:43 PM EST","","","2/9/2018 12:43:26 AM EST","","mohammed.gani@gmail.com"
"Please DocuSign your Bass insurance documents.-(502)715-1043| 00721568 | SR","Completed","Charles Satram","Completed","2/1/2018 2:08:06 PM EST","2/2/2018 9:20:46 AM EST","2/2/2018 9:18:57 AM EST","2/2/2018 9:20:47 AM EST","2/2/2018 9:20:46 AM EST","charlessatram@icloud.com"
"Please DocuSign your Bass insurance documents.-(954)336-8738| 00721520 |SR MO","Completed","Gillian Tulloch","Completed","2/1/2018 2:03:48 PM EST","2/2/2018 9:35:18 AM EST","2/2/2018 9:32:37 AM EST","2/2/2018 9:35:18 AM EST","2/2/2018 9:35:18 AM EST","gmtg43@gmail.com"
"Please DocuSign Cancellation request form.--(863)617-5505 | 00639022 |MO","Voided","Keith S Blake","Delivered","2/1/2018 1:56:58 PM EST","","2/5/2018 9:10:39 AM EST","2/9/2018 12:44:18 AM EST","","loriblake7575@aol.com"
"Please DocuSign Cancellation request form.-(352)556-9923 | 00719866 | MO","Completed","Zachary Brandon Mowrey","Completed","2/1/2018 1:51:31 PM EST","2/1/2018 2:34:58 PM EST","2/1/2018 2:34:34 PM EST","2/2/2018 7:10:03 AM EST","2/1/2018 2:34:58 PM EST","zbmowrey@gmail.com"
"Please DocuSign Cancellation request form.-(352)556-9923 | 00719866 | MO","Completed","Giselle Mowrey","Completed","2/1/2018 1:51:31 PM EST","2/2/2018 7:10:03 AM EST","2/2/2018 7:09:43 AM EST","2/2/2018 7:10:03 AM EST","2/2/2018 7:10:03 AM EST","zbmowrey@gmail.com"
"Please DocuSign your Federetade insurance documents.-(407)256-7584 | 00721836 | SB","Completed","Heather Tuggle","Completed","2/1/2018 1:44:47 PM EST","2/1/2018 3:13:14 PM EST","2/1/2018 3:04:41 PM EST","2/1/2018 3:13:15 PM EST","2/1/2018 3:13:14 PM EST","tugglelee@yahoo.com"
"Please DocuSign your Bass insurance documents.-(772)713-9531| 00721802 | MClinton SR","Voided","Leroy Kruid","Delivered","2/1/2018 1:40:50 PM EST","","2/1/2018 4:36:32 PM EST","2/9/2018 12:46:49 AM EST","","leekruid@att.net"
"Please DocuSign your new ASI flood insurance application.-(719)660-1563 | 00721139 | LR","Completed","David Anderson","Completed","2/1/2018 1:33:54 PM EST","2/1/2018 1:40:35 PM EST","2/1/2018 1:39:20 PM EST","2/1/2018 1:40:36 PM EST","2/1/2018 1:40:35 PM EST","eelanderson@gmail.com"
"Please DocuSign your AllRisk insurance documents.-(786)562-5493| 00721782 |SR","Voided","Christopher Rossi","Sent","2/1/2018 1:13:27 PM EST","","","2/9/2018 12:43:56 AM EST","","rossichristopher@gmail.com"
"Please DocuSign: FLH-0007587 Inspection Letter.(305)684-2226| 00714127 | LR","Completed","Joel Ayala Cruz","Completed","2/1/2018 1:10:38 PM EST","2/2/2018 8:17:31 AM EST","2/1/2018 1:13:03 PM EST","2/2/2018 8:17:31 AM EST","2/2/2018 8:17:31 AM EST","avakjak@gmail.com"
"Please DocuSign No Loss Statement(321)543-8797 | 00573899 |AJ","Voided","Ralph Bronkema","Sent","2/1/2018 1:05:27 PM EST","","","2/9/2018 12:45:16 AM EST","","Ameknorb@gmail.com"
"Please DocuSign this agent of record form.-(646)642-9707 | 00646043 |AG","Voided","Martha Roman","Delivered","2/1/2018 1:00:14 PM EST","","2/1/2018 2:29:49 PM EST","2/1/2018 4:42:55 PM EST","","yanira223@aol.com"
"Please DocuSign your new Wright flood insurance application.-(954)258-4840| 00453489 | LR","Completed","JEFFREY LUCAS","Completed","2/1/2018 12:46:38 PM EST","2/1/2018 1:35:47 PM EST","2/1/2018 1:34:45 PM EST","2/1/2018 1:35:47 PM EST","2/1/2018 1:35:47 PM EST","JLucas@fortlauderdale.gov"
"Please DocuSign your UPCIC insurance documents.-(646)784-3145 | 00721844 |AG","Completed","Ursula Smith","Completed","2/1/2018 11:33:04 AM EST","2/6/2018 4:48:08 PM EST","2/6/2018 4:36:01 PM EST","2/6/2018 4:48:08 PM EST","2/6/2018 4:48:08 PM EST","ursbear66@gmail.com"
"Please DocuSign your new ASI flood insurance application.-(973)761-6178 | 00656896 |LR","Completed","Peyton Hunter","Completed","2/1/2018 10:58:50 AM EST","2/1/2018 11:22:27 AM EST","2/1/2018 11:21:27 AM EST","2/1/2018 11:22:27 AM EST","2/1/2018 11:22:27 AM EST","Epi1190@aol.com"
"Please DocuSign this policy change request.-(786)975-7207| 00570680 | AG","Completed","Yisel Chong","Completed","2/1/2018 10:01:56 AM EST","2/1/2018 10:37:27 AM EST","2/1/2018 10:35:01 AM EST","2/1/2018 10:37:28 AM EST","2/1/2018 10:37:27 AM EST","shymisu7199@gmail.com"
"Please DocuSign Cancellation request form.--(561)496-3879 | 00718853 MO","Completed","Mary Burgo","Completed","2/1/2018 9:58:01 AM EST","2/1/2018 10:01:30 AM EST","2/1/2018 10:01:16 AM EST","2/1/2018 10:02:20 AM EST","2/1/2018 10:01:30 AM EST","fburgo@rochester.rr.com"
"Please DocuSign Cancellation request form.--(561)496-3879 | 00718853 MO","Completed","Frank Burgo","Completed","2/1/2018 9:58:01 AM EST","2/1/2018 10:02:20 AM EST","2/1/2018 10:02:07 AM EST","2/1/2018 10:02:20 AM EST","2/1/2018 10:02:20 AM EST","fburgo@rochester.rr.com"
"Please DocuSign your Southern Fidelity insurance documents.-(754)224-1624| 00242753 | MO SB","Completed","Jonathan Matos","Completed","2/1/2018 9:45:26 AM EST","2/1/2018 3:57:24 PM EST","2/1/2018 3:40:41 PM EST","2/1/2018 3:59:12 PM EST","2/1/2018 3:57:24 PM EST","Jon26rm@gmail.com"
"Please DocuSign your Southern Fidelity insurance documents.-(754)224-1624| 00242753 | MO SB","Completed","Ryan Denero","Completed","2/1/2018 9:45:26 AM EST","2/1/2018 3:59:11 PM EST","2/1/2018 3:58:38 PM EST","2/1/2018 3:59:12 PM EST","2/1/2018 3:59:11 PM EST","Jon26rm@gmail.com"
"Please DocuSign Skipjack Premium Finance form-(786)537-6495| 00720632 MClinton","Completed","Hubert Joseph","Completed","2/1/2018 8:51:26 AM EST","2/5/2018 1:50:05 PM EST","2/5/2018 1:47:09 PM EST","2/5/2018 1:50:05 PM EST","2/5/2018 1:50:05 PM EST","lyndajoseph47@gmail.com"
"Please DocuSign: FLH-0006904 Inspection Letter.(786)393-5135| 00596652 |SR","Completed","Rene Bueno","Completed","2/1/2018 8:38:52 AM EST","2/1/2018 7:56:15 PM EST","2/1/2018 7:55:41 PM EST","2/1/2018 7:56:15 PM EST","2/1/2018 7:56:15 PM EST","reelbueno@hotmail.com"
"Please DocuSign: ACH Debit Authorization Form Chase.-(215)264-7621| 00373260 |AJ","Completed","Sleeponit Partners","Completed","2/1/2018 8:33:03 AM EST","2/1/2018 9:57:59 AM EST","2/1/2018 8:39:46 AM EST","2/1/2018 9:57:59 AM EST","2/1/2018 9:57:59 AM EST","jerryfrankel@yahoo.com"