"Subject","Status","Recipient Name","Action","Sent On","Completed On","View Date","Status Changed Date","Sign Date","Recipient Email"
"Please DocuSign your Geovera insurance documents.-(239)878-9248| 00721835 |SR","Sent","Alphonso James","Sent","","","","","","Ktjames2017@gmail.com"
"Please DocuSign your UPCIC insurance documents.-(561)603-2717| 00563074 |AG","Sent","Jason Turner","Sent","","","","","","jtc054@hotmail.com"
"Please DocuSign your Edison insurance documents.-(786)366-0324 | 00721827 |SB","Sent","Joe Villoch","Sent","","","","","","Kellyvilloch1304@att.net"
"lease DocuSign your UPC insurance documents.-(239)348-5652 | 00704052 |LR","Sent","Brian Schaal","Sent","","","","","","emtschaal@yahoo.com"
"lease DocuSign your UPC insurance documents.-(239)348-5652 | 00704052 |LR","Sent","Christine Schaal","Sent","","","","","","emtschaal@yahoo.com"
"Please DocuSign Cancellation request form.-(508)770-0680 | 00721193 |MO","Sent","Mary Jeanne Anderson","Sent","2/1/2018 2:15:09 PM EST","","","","","mjandka@charter.net"
"Please DocuSign Cancellation request form.-(347)377-9084| 00714299 |MO","Delivered","Konstantinos Markou","Delivered","2/1/2018 2:11:18 PM EST","","2/1/2018 7:03:47 PM EST","","","patrinos41@gmail.com"
"Please DocuSign Cancellation request form.-(917)224-2110| 00655187 |MO","Sent","Farzana Chowdhury","Sent","2/1/2018 2:08:43 PM EST","","","","","mohammed.gani@gmail.com"
"Please DocuSign your Bass insurance documents.-(502)715-1043| 00721568 | SR","Sent","Charles Satram","Sent","2/1/2018 2:08:06 PM EST","","","","","charlessatram@icloud.com"
"Please DocuSign your Bass insurance documents.-(954)336-8738| 00721520 |SR MO","Sent","Gillian Tulloch","Sent","2/1/2018 2:03:48 PM EST","","","","","gmtg43@gmail.com"
"Please DocuSign Cancellation request form.--(863)617-5505 | 00639022 |MO","Sent","Keith S Blake","Sent","2/1/2018 1:56:58 PM EST","","","","","loriblake7575@aol.com"
"Please DocuSign Cancellation request form.-(352)556-9923 | 00719866 | MO","Sent","Giselle Mowrey","Sent","2/1/2018 1:51:31 PM EST","","","","","zbmowrey@gmail.com"
"Please DocuSign Cancellation request form.-(352)556-9923 | 00719866 | MO","Sent","Zachary Brandon Mowrey","Completed","2/1/2018 1:51:31 PM EST","2/1/2018 2:34:58 PM EST","2/1/2018 2:34:34 PM EST","","2/1/2018 2:34:58 PM EST","zbmowrey@gmail.com"
"Please DocuSign your Federetade insurance documents.-(407)256-7584 | 00721836 | SB","Completed","Heather Tuggle","Completed","2/1/2018 1:44:47 PM EST","2/1/2018 3:13:14 PM EST","2/1/2018 3:04:41 PM EST","2/1/2018 3:13:15 PM EST","2/1/2018 3:13:14 PM EST","tugglelee@yahoo.com"
"Please DocuSign your Bass insurance documents.-(772)713-9531| 00721802 | MClinton SR","Delivered","Leroy Kruid","Delivered","2/1/2018 1:40:50 PM EST","","2/1/2018 4:36:32 PM EST","","","leekruid@att.net"
"Please DocuSign your new ASI flood insurance application.-(719)660-1563 | 00721139 | LR","Completed","David Anderson","Completed","2/1/2018 1:33:54 PM EST","2/1/2018 1:40:35 PM EST","2/1/2018 1:39:20 PM EST","2/1/2018 1:40:36 PM EST","2/1/2018 1:40:35 PM EST","eelanderson@gmail.com"
"Please DocuSign your AllRisk insurance documents.-(786)562-5493| 00721782 |SR","Sent","Christopher Rossi","Sent","2/1/2018 1:13:27 PM EST","","","","","rossichristopher@gmail.com"
"Please DocuSign: FLH-0007587 Inspection Letter.(305)684-2226| 00714127 | LR","Delivered","Joel Ayala Cruz","Delivered","2/1/2018 1:10:38 PM EST","","2/1/2018 1:13:03 PM EST","","","avakjak@gmail.com"
"Please DocuSign No Loss Statement(321)543-8797 | 00573899 |AJ","Sent","Ralph Bronkema","Sent","2/1/2018 1:05:27 PM EST","","","","","Ameknorb@gmail.com"
"Please DocuSign this agent of record form.-(646)642-9707 | 00646043 |AG","Voided","Martha Roman","Delivered","2/1/2018 1:00:14 PM EST","","2/1/2018 2:29:49 PM EST","2/1/2018 4:42:55 PM EST","","yanira223@aol.com"
"Please DocuSign your new Wright flood insurance application.-(954)258-4840| 00453489 | LR","Completed","JEFFREY LUCAS","Completed","2/1/2018 12:46:38 PM EST","2/1/2018 1:35:47 PM EST","2/1/2018 1:34:45 PM EST","2/1/2018 1:35:47 PM EST","2/1/2018 1:35:47 PM EST","JLucas@fortlauderdale.gov"
"Please DocuSign your UPCIC insurance documents.-(646)784-3145 | 00721844 |AG","Sent","Ursula Smith","Sent","2/1/2018 11:33:04 AM EST","","","","","ursbear@gmail.com"
"Please DocuSign your new ASI flood insurance application.-(973)761-6178 | 00656896 |LR","Completed","Peyton Hunter","Completed","2/1/2018 10:58:50 AM EST","2/1/2018 11:22:27 AM EST","2/1/2018 11:21:27 AM EST","2/1/2018 11:22:27 AM EST","2/1/2018 11:22:27 AM EST","Epi1190@aol.com"
"Please DocuSign this policy change request.-(786)975-7207| 00570680 | AG","Completed","Yisel Chong","Completed","2/1/2018 10:01:56 AM EST","2/1/2018 10:37:27 AM EST","2/1/2018 10:35:01 AM EST","2/1/2018 10:37:28 AM EST","2/1/2018 10:37:27 AM EST","shymisu7199@gmail.com"
"Please DocuSign Cancellation request form.--(561)496-3879 | 00718853 MO","Completed","Mary Burgo","Completed","2/1/2018 9:58:01 AM EST","2/1/2018 10:01:30 AM EST","2/1/2018 10:01:16 AM EST","2/1/2018 10:02:20 AM EST","2/1/2018 10:01:30 AM EST","fburgo@rochester.rr.com"
"Please DocuSign Cancellation request form.--(561)496-3879 | 00718853 MO","Completed","Frank Burgo","Completed","2/1/2018 9:58:01 AM EST","2/1/2018 10:02:20 AM EST","2/1/2018 10:02:07 AM EST","2/1/2018 10:02:20 AM EST","2/1/2018 10:02:20 AM EST","fburgo@rochester.rr.com"
"Please DocuSign your Southern Fidelity insurance documents.-(754)224-1624| 00242753 | MO SB","Completed","Jonathan Matos","Completed","2/1/2018 9:45:26 AM EST","2/1/2018 3:57:24 PM EST","2/1/2018 3:40:41 PM EST","2/1/2018 3:59:12 PM EST","2/1/2018 3:57:24 PM EST","Jon26rm@gmail.com"
"Please DocuSign your Southern Fidelity insurance documents.-(754)224-1624| 00242753 | MO SB","Completed","Ryan Denero","Completed","2/1/2018 9:45:26 AM EST","2/1/2018 3:59:11 PM EST","2/1/2018 3:58:38 PM EST","2/1/2018 3:59:12 PM EST","2/1/2018 3:59:11 PM EST","Jon26rm@gmail.com"
"Please DocuSign Skipjack Premium Finance form-(786)537-6495| 00720632 MClinton","Sent","Hubert Joseph","Sent","2/1/2018 8:51:26 AM EST","","","","","lyndajoseph47@gmail.com"
"Please DocuSign: FLH-0006904 Inspection Letter.(786)393-5135| 00596652 |SR","Completed","Rene Bueno","Completed","2/1/2018 8:38:52 AM EST","2/1/2018 7:56:15 PM EST","2/1/2018 7:55:41 PM EST","2/1/2018 7:56:15 PM EST","2/1/2018 7:56:15 PM EST","reelbueno@hotmail.com"
"Please DocuSign: ACH Debit Authorization Form Chase.-(215)264-7621| 00373260 |AJ","Completed","Sleeponit Partners","Completed","2/1/2018 8:33:03 AM EST","2/1/2018 9:57:59 AM EST","2/1/2018 8:39:46 AM EST","2/1/2018 9:57:59 AM EST","2/1/2018 9:57:59 AM EST","jerryfrankel@yahoo.com"