"Subject","Status","Recipient Name","Action","Sent On","Completed On","View Date","Status Changed Date","Sign Date","Recipient Email"
"Please DocuSign your Peoples Trust insurance documents.-(305)542-9612| 00676057 |  LR","Sent","ANDRES A ROSA FRANCISCO","Sent","9/7/2018 3:41:27 PM EDT","","","","","elederossi@hotmail.com"
"Please DocuSign your Peoples Trust insurance documents.-(305)542-9612| 00676057 |  LR","Sent","ELENA DE ROSSI","Sent","9/7/2018 3:41:27 PM EDT","","","","","elederossi@hotmail.com"
"Please DocuSign Skipjack Premium Finance form.-(201)658-9333 | 00615911 | KC","Completed","GIR Property, LLC","Completed","9/6/2018 2:21:39 PM EDT","9/6/2018 4:13:20 PM EDT","9/6/2018 4:12:23 PM EDT","9/6/2018 4:13:20 PM EDT","9/6/2018 4:13:20 PM EDT","jcg9998@gmail.com"
"Please DocuSign Cancellation request form.-(561)360-7492| 00693764 | VO","Sent","Chrejeneve T Laurent","Sent","9/5/2018 1:50:44 PM EDT","","","","","ctlaurentt@gmail.com"
"Please DocuSign Statement of No Loss form.-(727)856-2718 | 00613480 | AT KC","Completed","Gentilini, Patty","Completed","9/4/2018 2:03:10 PM EDT","9/5/2018 11:48:56 AM EDT","9/5/2018 11:47:54 AM EDT","9/5/2018 11:48:56 AM EDT","9/5/2018 11:48:56 AM EDT","cwp@deanpapaslaw.com"
"Please DocuSign this policy change request.-(405)990-4170| 00275795 | KC","Completed","Dethman, Susan","Completed","9/4/2018 12:09:43 PM EDT","9/4/2018 12:24:13 PM EDT","9/4/2018 12:23:06 PM EDT","9/4/2018 12:24:13 PM EDT","9/4/2018 12:24:13 PM EDT","cdrmom1@aol.com"