"Subject","Status","Recipient Name","Action","Sent On","Completed On","View Date","Status Changed Date","Sign Date","Recipient Email"
"Please DocuSign your Tower Hill insurance documents.-(561)644-8640| 00547214 |LR","Sent","Elizabeth Bennett","Sent","","","","","","dreamdesign@comcast.net"
"Please DocuSign Cancellation request form.-phn#(305)691-1645acc#00616456  MO","Sent","Goddess S John","Sent","","","","","","cherryg35@yahoo.com"
"Please DocuSign Statement of No Loss form(772)260-1490 | 00718390 | SZ","Delivered","CAROL THROWER","Delivered","","","1/16/2018 4:35:23 PM EST","","","cthrower@numail.org"
"Please DocuSign your AllRisk insurance documents.-(407)748-2601| 00718601 | SR","Sent","Barbara Knights","Sent","","","","","","KnightsBarbara@gmail.com"
"Please DocuSign your Geovera insurance documents.-(305)259-8054 | 00718586 | SR","Sent","Robert Cooke","Sent","","","","","","robertcooke@rfc-law.com"
"Please DocuSign your Bass insurance documents.-phn#516-317-5151pc#AGP1231421 SR","Sent","Ramon Carrua","Sent","","","","","","rcvendingcorp@gmail.com"
"Please DocuSign your home insurance documents.-phn#954-274-0274Pc#AGP1231310 SR","Sent","Etorio Murray","Sent","","","","","","etoriomurray@gmail.com"
"Please DocuSign your AllRisk insurance documents.-(954)254-5106| 00230947 |SR","Sent","James Conti","Sent","","","","","","jimconti@bellsouth.net"
"Please DocuSign your Geovera & AllRisk insurance documents.-(561)951-1405 | 00718496 |SR","Sent","Donald Stith","Sent","","","","","","fastback6566@yahoo.com"
"Please DocuSign your Auto insurance documents.-(561)405-1717| 00717043 |MM","Delivered","Jean-Pierre Paviot","Delivered","","","1/16/2018 5:47:22 PM EST","","","jpmfp@comcast.net"
"Please DocuSign your AllRisk insurance documents.-(954)559-9034 | 00627803 |","Sent","Margaret Castro","Sent","","","","","","margaret_wheat@hotmail.com"
"Please DocuSign your Universal insurance documents.-(754)214-5612 | 00424051 |AG","Delivered","Latasha Davis","Delivered","1/16/2018 2:59:39 PM EST","","1/16/2018 3:20:51 PM EST","","","latashandavis@yahoo.com"
"Please DocuSign this policy change request.-(954)684-0014| 00121455 | PR","Sent","Salvador Esposito","Sent","1/16/2018 2:30:48 PM EST","","","","","espo262@bellsouth.net"
"Please DocuSign your UPCIC insurance documents.-(787)469-4590| 00432769 | AG","Sent","Pedro Dominguez","Sent","1/16/2018 2:13:06 PM EST","","","","","drpedro716@gmail.com"
"Please DocuSign your AllRisk insurance documents.-(941)219-8609| 00718486 | SR","Delivered","George Mira","Delivered","1/16/2018 12:32:18 PM EST","","1/16/2018 6:41:38 PM EST","","","Gmira2@hotmail.com"
"Please DocuSign: FLH-0007145 Inspection Letter.(754)816-7302 | 00707564 | LR","Sent","Jaime Araque","Sent","1/16/2018 12:23:56 PM EST","","","","","JARABU@GMAIL.COM"
"Please DocuSign: NVH-0003462 Inspection Letter.305)625-6160 | 00715118 LR","Sent","Nadine Rhymes","Sent","1/16/2018 12:21:03 PM EST","","","","","nadine8699@gmail.com"
"Please DocuSign: CLH-0007271 Inspection Letter.(786)405-6458 | 00691801 | LR","Sent","Emil Padilla","Sent","1/16/2018 12:18:25 PM EST","","","","","emilpadilla305@yahoo.com"
"Please DocuSign Cancellation request form.-(305)345-5987| 00700878 MO","Sent","Donald Wardy","Sent","1/16/2018 12:04:42 PM EST","","","","","donaldwardy@gmail.com"
"Please DocuSign Cancellation request form.-(561)313-3745| 00717591 |MO","Completed","Machica Mcclain","Completed","1/16/2018 11:56:18 AM EST","1/16/2018 12:09:35 PM EST","1/16/2018 12:09:01 PM EST","1/16/2018 12:09:35 PM EST","1/16/2018 12:09:35 PM EST","machica.mcclain@gmail.com"
"Please DocuSign Cancellation request form.-(305)788-6512| 00717508 |MO","Completed","Renay Miller","Completed","1/16/2018 11:27:11 AM EST","1/16/2018 1:00:18 PM EST","1/16/2018 12:59:28 PM EST","1/16/2018 1:00:19 PM EST","1/16/2018 1:00:18 PM EST","nay11miller@yahoo.com"
"Please DocuSign Cancellation request form.-(561)779-9242 | 00540708 | MO","Completed","STEVEN SARKELA","Completed","1/16/2018 11:18:21 AM EST","1/16/2018 11:24:53 AM EST","1/16/2018 11:24:24 AM EST","1/16/2018 11:24:54 AM EST","1/16/2018 11:24:53 AM EST","steve@sarkelacorp.com"
"Please DocuSign your home insurance documents.-(954)245-6405| 00718425 |AG","Sent","Aliza Daga","Sent","1/16/2018 11:15:05 AM EST","","","","","LIFLOWERS05@GMAIL.COM"
"Please DocuSign your Capitol Preferred insurance documents.-(772)260-1490| 00718390 | SB","Completed","Susan Pearson","Completed","1/16/2018 11:01:05 AM EST","1/16/2018 4:21:48 PM EST","1/16/2018 3:34:19 PM EST","1/16/2018 4:21:49 PM EST","1/16/2018 4:21:48 PM EST","espesusan@yahoo.com"
"Please DocuSign your AllRisk insurance documents.-(407)274-8890| 00718371 |SR MO","Completed","Tony Hossairati","Completed","1/16/2018 10:52:16 AM EST","1/16/2018 11:09:15 AM EST","1/16/2018 11:07:29 AM EST","1/16/2018 11:09:15 AM EST","1/16/2018 11:09:15 AM EST","Tonyhoss48@gmail.com"
"Please DocuSign your UPCIC insurance documents.-(352)301-2159| 00718363 |MO AG","Completed","William Harrigan","Completed","1/16/2018 10:26:08 AM EST","1/16/2018 11:51:04 AM EST","1/16/2018 11:48:50 AM EST","1/16/2018 11:55:48 AM EST","1/16/2018 11:51:04 AM EST","N4SRB@yahoo.com"
"Please DocuSign your UPCIC insurance documents.-(352)301-2159| 00718363 |MO AG","Completed","Debbie Harrigan","Completed","1/16/2018 10:26:07 AM EST","1/16/2018 11:55:48 AM EST","1/16/2018 11:54:39 AM EST","1/16/2018 11:55:48 AM EST","1/16/2018 11:55:48 AM EST","N4SRB@yahoo.com"
"Please DocuSign your People's Trust insurance documents.-(727)348-6470 | 00718351 | SB","Completed","EMINA CIRKOVIC","Completed","1/16/2018 10:09:40 AM EST","1/16/2018 12:30:49 PM EST","1/16/2018 12:30:03 PM EST","1/16/2018 12:31:33 PM EST","1/16/2018 12:30:49 PM EST","e_cirkovic@yahoo.com"
"Please DocuSign your People's Trust insurance documents.-(727)348-6470 | 00718351 | SB","Completed","RATKO CIRKOVIC","Completed","1/16/2018 10:09:40 AM EST","1/16/2018 12:31:32 PM EST","1/16/2018 12:31:13 PM EST","1/16/2018 12:31:33 PM EST","1/16/2018 12:31:32 PM EST","e_cirkovic@yahoo.com"
"Please DocuSign your Aspen insurance documents.-(347)737-9630 | 00717603 |SB","Completed","Eddie Diaz","Completed","1/16/2018 9:39:47 AM EST","1/16/2018 5:10:55 PM EST","1/16/2018 4:11:33 PM EST","1/16/2018 5:10:56 PM EST","1/16/2018 5:10:55 PM EST","mreddiediaz@aol.com"
"Please DocuSign your home insurance documents.- | 00718135 |  (407)864-0095 LR","Completed","PAMELA BRYAN","Completed","1/16/2018 1:59:13 AM EST","1/16/2018 11:53:04 AM EST","1/16/2018 7:31:44 AM EST","1/16/2018 11:53:04 AM EST","1/16/2018 11:53:04 AM EST","Pamela.bryan@ocfl.net"
"Please DocuSign your home insurance documents.- | 00718137 |  (727)849-2404 SR","Delivered","Charlie Brown","Delivered","1/16/2018 1:52:24 AM EST","","1/16/2018 7:23:16 AM EST","","","inkybird5413@hotmail.com"
"Please DocuSign your home insurance documents.- | 00718138 | (772)999-1002 SR","Sent","RAY MORGAN","Sent","1/16/2018 1:42:54 AM EST","","","","","mirta.morgan@oneblood.org"
"Please DocuSign your home insurance documents.-| 00718139 |  (602)803-2730 SB","Sent","LENDEN WILLIAMSON","Sent","1/16/2018 1:37:54 AM EST","","","","","williamson82@yahoo.com"
"Please DocuSign your Capitol Preferred insurance documents.-(561)325-9466| 00718347 |SB","Completed","RICHARD B KOERNER","Completed","1/15/2018 5:07:05 PM EST","1/16/2018 8:33:34 AM EST","1/16/2018 8:31:22 AM EST","1/16/2018 8:33:34 AM EST","1/16/2018 8:33:34 AM EST","interactivemaxbrandon@gmail.com"
"Please DocuSign your Allrisk insurance documents.-(786)286-3765| 00712806 |SR","Sent","Santa Freixa","Sent","1/15/2018 5:00:22 PM EST","","","","","santaparla@yahoo.com"
"Please DocuSign your Heritage insurance documents.-(239)272-3748 | 00718335 | SB","Completed","Lynda Jankowski","Completed","1/15/2018 4:56:35 PM EST","1/15/2018 7:18:59 PM EST","1/15/2018 7:07:27 PM EST","1/15/2018 7:26:13 PM EST","1/15/2018 7:18:59 PM EST","vljankowski@gmail.com"
"Please DocuSign your Heritage insurance documents.-(239)272-3748 | 00718335 | SB","Completed","Victor Jankowski","Completed","1/15/2018 4:56:34 PM EST","1/15/2018 7:26:12 PM EST","1/15/2018 7:20:37 PM EST","1/15/2018 7:26:13 PM EST","1/15/2018 7:26:12 PM EST","vljankowski@gmail.com"
"Please DocuSign your Heritage insurance documents.-(540)273-9741| 00718323 |SB","Sent","Marcial Bombase","Sent","1/15/2018 4:46:30 PM EST","","","","","heathergreenwalt@hotmail.com"
"Please DocuSign your Heritage insurance documents.-(540)273-9741| 00718323 |SB","Sent","Heather Bombase","Sent","1/15/2018 4:46:30 PM EST","","","","","heathergreenwalt@hotmail.com"
"Please DocuSign your UPCIC insurance documents.-(850)207-9146| 00713329 |MO LR","Sent","Charles Bonifay","Sent","1/15/2018 4:28:59 PM EST","","","","","fergiexoxo11@gmail.com"
"Please DocuSign your UPCIC insurance documents.-(850)207-9146| 00713329 |MO LR","Sent","Mary Bonifay","Sent","1/15/2018 4:28:59 PM EST","","","","","fergiexoxo11@gmail.com"
"Please DocuSign your Bass insurance documents.-(941)504-2087| 00718357 |SR","Completed","Robert Turner","Completed","1/15/2018 4:28:26 PM EST","1/15/2018 4:42:26 PM EST","1/15/2018 4:40:56 PM EST","1/15/2018 4:42:26 PM EST","1/15/2018 4:42:26 PM EST","r.g.turner083@gmail.com"
"Please DocuSign your Wind Mitigation inspection(407)236-6335| 00707571","Sent","Prebistilio R Feliz","Sent","1/15/2018 4:16:38 PM EST","","","","","FREDDYREYEF@HOTMAIL.COM"
"Please DocuSign your Umbrella insurance documents.-(818)433-1919 | 00150411 | MCabrera","Completed","Samuel Weitman","Completed","1/15/2018 3:56:38 PM EST","1/16/2018 11:20:58 AM EST","1/16/2018 8:58:23 AM EST","1/16/2018 11:20:58 AM EST","1/16/2018 11:20:58 AM EST","slweitman@yahoo.com"
"Please DocuSign your UPCIC insurance documents.-(561)313-3745 | 00717591 | AG","Completed","Machica Mcclain","Completed","1/15/2018 3:15:57 PM EST","1/15/2018 4:32:24 PM EST","1/15/2018 3:34:08 PM EST","1/15/2018 4:32:25 PM EST","1/15/2018 4:32:24 PM EST","machica.mcclain@gmail.com"
"Please DocuSign your AllRisk insurance documents.-(305)623-7677| 00716655 |SR","Sent","Richard Pine","Sent","1/15/2018 2:56:26 PM EST","","","","","pinelynn24@gmail.com"
"Please DocuSign your AllRisk insurance documents.-(917)582-5323| 00718299 | SR","Completed","Ariel E. Patiram","Completed","1/15/2018 2:10:45 PM EST","1/16/2018 5:13:25 PM EST","1/16/2018 3:14:48 PM EST","1/16/2018 5:13:25 PM EST","1/16/2018 5:13:25 PM EST","hmuhammad@prmg.net"
"Please DocuSign your Bass insurance documents.-(352)636-6050 | 00718290 | SR","Completed","William G Bell IV","Completed","1/15/2018 1:58:40 PM EST","1/15/2018 5:46:04 PM EST","1/15/2018 1:59:41 PM EST","1/15/2018 5:46:05 PM EST","1/15/2018 5:46:04 PM EST","jenandbillybell@gmail.com"
"Please DocuSign your new ASI flood insurance application.-(305)510-5717| 00705538 | LR","Completed","LAURA SIDOR","Completed","1/15/2018 1:53:57 PM EST","1/16/2018 9:46:02 AM EST","1/15/2018 4:03:54 PM EST","1/16/2018 9:46:03 AM EST","1/16/2018 9:46:02 AM EST","LAURAPUSNAR@AOL.COM"
"Please DocuSign your Allrisk insurance documents.-(631)598-4620| 00718269 |SR","Delivered","John Hickey","Delivered","1/15/2018 12:00:21 PM EST","","1/15/2018 2:03:55 PM EST","","","rkbeier4@gmail.com"
"Please DocuSign your UPCIC  and ASI insurance documents.-(954)445-1441| 00609029 |LR AG","Delivered","JACQUELINE CARVAJAL","Delivered","1/16/2018 2:53:05 PM EST","","1/16/2018 3:37:39 PM EST","","","rctopseller@gmail.com"
"Please DocuSign your UPCIC  and ASI insurance documents.-(954)445-1441| 00609029 |LR AG","Delivered","Raul Carvajal","Delivered","1/15/2018 11:56:25 AM EST","","1/15/2018 3:32:10 PM EST","","","rctopseller@gmail.com"
"Please DocuSign your AllRisk insurance documents.-(562)445-1802| 00678108 |SR","Delivered","Mario Perez","Delivered","1/15/2018 11:51:14 AM EST","","1/16/2018 4:18:19 PM EST","","","edubijes1@gmail.com"
"Please DocuSign your Allrisk and Geovera insurance documents.-(954)516-3698| 00718081 | SR","Sent","Solange Leroy","Sent","1/15/2018 11:48:42 AM EST","","","","","solangeleroy20@yahoo.com"
"Please DocuSign your UPCIC & ASI insurance documents.-(561)543-5281| 00718066 | LR AG","Completed","Suanne Villarreal","Completed","1/15/2018 11:40:55 AM EST","1/15/2018 1:00:03 PM EST","1/15/2018 12:57:29 PM EST","1/15/2018 1:01:04 PM EST","1/15/2018 1:00:03 PM EST","sampaiosuanne@gmail.com"
"Please DocuSign your UPCIC & ASI insurance documents.-(561)543-5281| 00718066 | LR AG","Completed","Geovanny Villarreal","Completed","1/15/2018 11:40:56 AM EST","1/15/2018 1:01:03 PM EST","1/15/2018 1:00:43 PM EST","1/15/2018 1:01:04 PM EST","1/15/2018 1:01:03 PM EST","sampaiosuanne@gmail.com"
"Please DocuSign your Geovera insurance documents.-(239)265-4899 | 00718050 | SR","Sent","Patricia Snider","Sent","1/15/2018 11:31:47 AM EST","","","","","patti421957@yahoo.com"
"Please DocuSign your UPCIC insurance documents.-(813)516-9870 | 00691955 | LR","Completed","Theodore Parnell","Completed","1/15/2018 11:28:09 AM EST","1/16/2018 8:19:54 AM EST","1/16/2018 8:16:51 AM EST","1/16/2018 8:19:54 AM EST","1/16/2018 8:19:54 AM EST","charethap@aol.com"
"Please DocuSign your Prepared insurance documents.-(904)451-9096| 00718029 |LR","Completed","Corey Lewis","Completed","1/15/2018 11:23:50 AM EST","1/15/2018 1:33:25 PM EST","1/15/2018 1:28:21 PM EST","1/15/2018 1:33:25 PM EST","1/15/2018 1:33:25 PM EST","Coreylew7@gmail.com"
"Please DocuSign your UPCIC insurance documents.-pc#1501-1800-0619phn#954-663-4107 AG","Sent","Paula Chin","Sent","1/15/2018 11:11:22 AM EST","","","","","ptchin82@yahoo.com"
"Please DocuSign your new flood ASI insurance application.-(561)373-3321 | 00510088 | KC","Completed","Mary Louise Stoney","Completed","1/15/2018 10:56:50 AM EST","1/15/2018 12:46:00 PM EST","1/15/2018 12:08:00 PM EST","1/15/2018 12:46:00 PM EST","1/15/2018 12:46:00 PM EST","louise.stoney@gmail.com"
"Please DocuSign your Capitol preferred insurance documents.-(305)613-4988| 00715771 |AG","Completed","Radesh Jagasar","Completed","1/15/2018 10:23:45 AM EST","1/16/2018 8:30:43 AM EST","1/16/2018 8:28:22 AM EST","1/16/2018 8:30:43 AM EST","1/16/2018 8:30:43 AM EST","giselejagasar@yahoo.com"
"Please DocuSign your new flood wright insurance application.-(305)793-9867 | 00714249 |LR","Delivered","WALLY PROENZA","Delivered","1/15/2018 9:45:45 AM EST","","1/15/2018 10:10:08 AM EST","","","wproenzaa@gmail.com"
"Please DocuSign your Trravelers insurance documents.-(239)319-5388 | 00573036 | MCabrera LL","Completed","Teresa Belfore","Completed","1/15/2018 9:44:43 AM EST","1/16/2018 10:45:03 AM EST","1/15/2018 11:33:29 AM EST","1/16/2018 10:56:45 AM EST","1/16/2018 10:45:03 AM EST","leeabelfore@gmail.com"
"Please DocuSign your Trravelers insurance documents.-(239)319-5388 | 00573036 | MCabrera LL","Completed","Lee Belfore","Completed","1/15/2018 9:44:42 AM EST","1/16/2018 10:56:45 AM EST","1/15/2018 10:27:37 AM EST","1/16/2018 10:56:45 AM EST","1/16/2018 10:56:45 AM EST","leeabelfore@gmail.com"
"Please DocuSign: Rose App.pdf","Completed","Kerry Clinton","Completed","1/13/2018 10:56:41 AM EST","1/13/2018 10:57:26 AM EST","1/13/2018 10:57:21 AM EST","1/13/2018 12:04:53 PM EST","1/13/2018 10:57:26 AM EST","kerry.clinton@brightway.com"
"Please DocuSign: Rose App.pdf","Completed","Maryrose Malecki","Completed","1/13/2018 10:56:41 AM EST","1/13/2018 12:04:53 PM EST","1/13/2018 12:03:23 PM EST","1/13/2018 12:04:53 PM EST","1/13/2018 12:04:53 PM EST","mmalecki@recointensive.com"
"Corrected: Please DocuSign your UPC insurance documents.-phn#561-307-4300| 00715767 | AG","Completed","Clarence D Williams","Completed","1/12/2018 5:36:18 PM EST","1/16/2018 1:17:19 PM EST","1/16/2018 1:13:40 PM EST","1/16/2018 1:17:19 PM EST","1/16/2018 1:17:19 PM EST","dwilliamsc@hotmail.com"
"Please DocuSign this policy change request.-(561)373-3321 | 00510088 | KC","Voided","Mary Louise Stoney","Delivered","1/12/2018 5:25:19 PM EST","","1/12/2018 6:04:39 PM EST","1/15/2018 11:17:22 AM EST","","louise.stoney@gmail.com"
"Please DocuSign: FLH-0007146  Inspection Letter.(239)440-3104 | 00705028 LR","Delivered","Jeanne Saint Louis","Delivered","1/12/2018 5:03:54 PM EST","","1/13/2018 12:08:22 AM EST","","","jeannelouis001@yahoo.com"
"Please DocuSign your AllRisk insurance documents.-(305)562-1867 | 00717900 |SR","Completed","JOSEFINA HERRAN","Completed","1/12/2018 4:59:49 PM EST","1/13/2018 12:11:32 AM EST","1/12/2018 11:22:02 PM EST","1/13/2018 12:11:32 AM EST","1/13/2018 12:11:32 AM EST","hugo_herran@yahoo.com"
"Please DocuSign your ASI insurance documents.-(931)627-1348| 00717755 | LR","Completed","Jason Lasher","Completed","1/12/2018 4:38:58 PM EST","1/14/2018 7:39:32 AM EST","1/14/2018 7:32:34 AM EST","1/14/2018 7:39:32 AM EST","1/14/2018 7:39:32 AM EST","lasher_jason@hotmail.com"
"Please DocuSign your home insurance documents.-(305)979-1742 | 00718015 | MO SR","Completed","Robert T Griffith","Completed","1/12/2018 3:00:33 PM EST","1/12/2018 3:04:46 PM EST","1/12/2018 3:00:59 PM EST","1/12/2018 3:04:47 PM EST","1/12/2018 3:04:46 PM EST","griffithrt@gmail.com"
"Please DocuSign your Bass insurance documents.-(321)271-0790 | 00718005  | SR","Completed","Richard Weigle","Completed","1/12/2018 2:48:44 PM EST","1/12/2018 3:01:09 PM EST","1/12/2018 2:54:49 PM EST","1/12/2018 3:01:09 PM EST","1/12/2018 3:01:09 PM EST","Adam.weigle83@gmail.com"
"Please DocuSign your AllRisk insurance documents.-(407)844-5019 | 00717995 | SR","Completed","Kelsey Jackson","Completed","1/12/2018 2:31:58 PM EST","1/13/2018 6:31:52 PM EST","1/13/2018 6:30:57 PM EST","1/13/2018 6:31:52 PM EST","1/13/2018 6:31:52 PM EST","kjackson1992@yahoo.com"
"Please DocuSign your AllRisk insurance documents.-(561)985-1115 | 00435705 | SR","Completed","Martha Gray","Completed","1/12/2018 2:27:18 PM EST","1/12/2018 5:15:44 PM EST","1/12/2018 5:10:38 PM EST","1/12/2018 5:15:45 PM EST","1/12/2018 5:15:44 PM EST","anng33411@aol.com"
"Please DocuSign your Progressive insurance documents.-(561)271-2677| 00715775 |  MClinton","Completed","LAURA WHITE","Completed","1/12/2018 2:14:09 PM EST","1/12/2018 2:36:45 PM EST","1/12/2018 2:35:04 PM EST","1/12/2018 2:36:46 PM EST","1/12/2018 2:36:45 PM EST","laurawonluv2@aol.com"
"Please DocuSign Cancellation request form.-(561)302-5128| 00711591 |MO","Sent","DEBRA STONE","Sent","1/12/2018 2:09:31 PM EST","","","","","debabcstone@yahoo.com"
"Please DocuSign Cancellation request form.-(410)980-2343| 00582520 | MO","Sent","Nicholas V Sacchetti","Sent","1/12/2018 2:03:44 PM EST","","","","","magicnvs@gmail.com"
"Please DocuSign Cancellation request form.-(410)980-2343| 00582520 | MO","Sent","Teresa Sacchetti","Sent","1/12/2018 2:03:44 PM EST","","","","","magicnvs@gmail.com"
"Please DocuSign Cancellation request form.-(603)455-3576 | 00715749 MO","Completed","JANET B HANSON","Completed","1/12/2018 1:49:21 PM EST","1/12/2018 3:55:58 PM EST","1/12/2018 3:55:20 PM EST","1/12/2018 3:56:42 PM EST","1/12/2018 3:55:58 PM EST","benfranklin3812@hotmail.com"
"Please DocuSign Cancellation request form.-(603)455-3576 | 00715749 MO","Completed","JAMES D HANSON","Completed","1/12/2018 1:49:21 PM EST","1/12/2018 3:56:42 PM EST","1/12/2018 3:56:26 PM EST","1/12/2018 3:56:42 PM EST","1/12/2018 3:56:42 PM EST","benfranklin3812@hotmail.com"
"Please DocuSign your home insurance documents.-phn#954-871-9505qt#3262487 SR","Delivered","Miguel Perez","Delivered","1/12/2018 1:40:30 PM EST","","1/14/2018 11:38:56 PM EST","","","Mperezcardona7@gmail.com"
"Please DocuSign your home insurance documents.-phn#954-871-9505qt#3262487 SR","Delivered","Maria Perez","Delivered","1/12/2018 1:40:30 PM EST","","1/14/2018 11:31:34 PM EST","","","Mperezcardona7@gmail.com"
"Corrected: Please DocuSign your Capitol Preferred insurance documents.-(848)333-0513| 00717894 | LR","Completed","Charles Minialga","Completed","1/12/2018 1:25:30 PM EST","1/15/2018 11:04:07 AM EST","1/13/2018 7:49:30 AM EST","1/15/2018 11:04:07 AM EST","1/15/2018 11:04:07 AM EST","lorimini2@gmail.com"
"Please DocuSign your AllRisk insurance documents.-(786)486-6101 | 00717876 | SR","Completed","Jean Lafleche","Completed","1/12/2018 1:12:22 PM EST","1/12/2018 1:59:25 PM EST","1/12/2018 1:47:45 PM EST","1/12/2018 1:59:25 PM EST","1/12/2018 1:59:25 PM EST","Jean.lafleche@yahoo.com"
"Please DocuSign your Olympus insurance documents.-(407)508-9609| 00717852 | LR","Sent","Patricia Williams","Sent","1/12/2018 1:06:58 PM EST","","","","","patty_caroll27@yahoo.com"
"Please DocuSign your Bass insurance documents.-phn#727-481-9828pc#AGP1229490 SR","Completed","Linda Tancos","Completed","1/12/2018 12:23:48 PM EST","1/12/2018 4:07:13 PM EST","1/12/2018 12:40:55 PM EST","1/12/2018 4:07:14 PM EST","1/12/2018 4:07:13 PM EST","Ltancos42@gmail.com"
"Please DocuSign your UPCIC insurance documents.-(305)896-5546| 00717797 | AG","Completed","Alexandria Bailey","Completed","1/12/2018 12:08:36 PM EST","1/12/2018 12:11:53 PM EST","1/12/2018 12:10:52 PM EST","1/12/2018 12:11:53 PM EST","1/12/2018 12:11:53 PM EST","amberlee272012@gmail.com"
"Please DocuSign your new AS flood insurance application.-(941)915-3721| 00714110 | LR","Delivered","Michelle Brady","Delivered","1/12/2018 12:04:18 PM EST","","1/15/2018 10:05:32 PM EST","","","Bradys4christ@yahoo.com"
"Please DocuSign your UPCIC insurance documents.-(407)236-6335| 00707571 | AG","Completed","Prebistilio R Feliz","Completed","1/12/2018 11:58:10 AM EST","1/14/2018 10:24:21 PM EST","1/14/2018 10:12:32 PM EST","1/14/2018 10:24:22 PM EST","1/14/2018 10:24:21 PM EST","FREDDYREYEF@HOTMAIL.COM"
"Please DocuSign your UPCIC insurance documents.-(561)413-3352| 00448886 |AG","Completed","Diana Dodge ","Completed","1/12/2018 11:30:42 AM EST","1/12/2018 4:39:38 PM EST","1/12/2018 4:35:59 PM EST","1/12/2018 4:39:39 PM EST","1/12/2018 4:39:38 PM EST","diana4136@comcast.net"
"Please DocuSign your UPCIC insurance documents.-(212)762-0722| 00423046 |AG","Sent","Jihan Lipinski","Sent","1/12/2018 11:21:52 AM EST","","","","","jihan.Lipinski@occ.treas.gov"
"Please DocuSign your Geovera insurance documents.-(305)302-1605| 00711651 | SR","Completed","Luis Hernandez","Completed","1/12/2018 11:03:34 AM EST","1/16/2018 10:35:01 AM EST","1/14/2018 6:35:46 AM EST","1/16/2018 10:35:01 AM EST","1/16/2018 10:35:01 AM EST","Luish8000@gmail.com"
"Please DocuSign FLH-0007287 Inspection Letter. (954)625-0263| 00444569 LR","Delivered","Sabrina Hodges ","Delivered","1/11/2018 5:38:51 PM EST","","1/16/2018 8:00:02 AM EST","","","firstlady714@gmail.com"
"Please DocuSign your Cancellation request documents.-(561)688-4355| 00717321 |MCabrera","Completed","Lynnette Sanchez","Completed","1/11/2018 5:36:12 PM EST","1/12/2018 10:51:38 AM EST","1/12/2018 8:20:37 AM EST","1/12/2018 10:51:38 AM EST","1/12/2018 10:51:38 AM EST","SanchezL@pbso.org"
"Please DocuSign Cancellation request form.-(702)281-2941 | 00706248 |","Sent","Virginie Dalby","Sent","1/11/2018 5:19:23 PM EST","","","","","vhguillemette@gmail.com"
"Please DocuSign Cancellation request form.-(702)281-2941 | 00706248 |","Sent","Evelyne Butler","Sent","1/11/2018 5:19:23 PM EST","","","","","vhguillemette@gmail.com"
"Please DocuSign Cancellation request form.-(561)634-5688| 00717364 | MO","Completed","Mark Rosales","Completed","1/11/2018 5:14:25 PM EST","1/11/2018 6:08:50 PM EST","1/11/2018 6:08:07 PM EST","1/13/2018 8:40:58 AM EST","1/11/2018 6:08:50 PM EST","Nyathrt66@gmail.com"
"Please DocuSign Cancellation request form.-(561)634-5688| 00717364 | MO","Completed","MEAGAN C WHITAKER","Completed","1/11/2018 5:14:26 PM EST","1/13/2018 8:40:57 AM EST","1/13/2018 8:40:30 AM EST","1/13/2018 8:40:58 AM EST","1/13/2018 8:40:57 AM EST","Nyathrt66@gmail.com"
"Please DocuSign your UPC insurance documents.| 00708636 |ph#321-799-2953 LR MO","Sent","Boris Pelakh","Sent","1/11/2018 5:07:58 PM EST","","","","","pelakh@yahoo.com"
"Please DocuSign your UPC insurance documents.| 00708636 |ph#321-799-2953 LR MO","Sent","Susan Pelakh","Sent","1/11/2018 5:07:57 PM EST","","","","","pelakh@yahoo.com"
"Please DocuSign Cancellation request form.-(772)460-6919| 00279199 |MO","Completed","RONALD GARRISON","Completed","1/11/2018 5:07:28 PM EST","1/11/2018 5:10:58 PM EST","1/11/2018 5:10:16 PM EST","1/11/2018 5:14:02 PM EST","1/11/2018 5:10:58 PM EST","debrongarrison@att.net"
"Please DocuSign Cancellation request form.-(772)460-6919| 00279199 |MO","Completed","DEBBIE GARRISON","Completed","1/11/2018 5:07:28 PM EST","1/11/2018 5:14:01 PM EST","1/11/2018 5:12:12 PM EST","1/11/2018 5:14:02 PM EST","1/11/2018 5:14:01 PM EST","debrongarrison@att.net"
"Please DocuSign your UPC insurance documents.-(931)627-1348| 00717755 | LR","Completed","Amanda Lasher","Completed","1/11/2018 3:36:30 PM EST","1/11/2018 4:42:45 PM EST","1/11/2018 4:38:21 PM EST","1/11/2018 4:45:36 PM EST","1/11/2018 4:42:45 PM EST","lasher_jason@yahoo.com"
"Please DocuSign your UPC insurance documents.-(931)627-1348| 00717755 | LR","Completed","Jason Lasher","Completed","1/11/2018 3:36:30 PM EST","1/11/2018 4:45:36 PM EST","1/11/2018 4:43:45 PM EST","1/11/2018 4:45:36 PM EST","1/11/2018 4:45:36 PM EST","lasher_jason@yahoo.com"
"Please DocuSign your Southern Fidelity insurance documents.-","Completed","Mayra Velez","Completed","1/11/2018 3:19:53 PM EST","1/11/2018 3:25:29 PM EST","1/11/2018 3:24:00 PM EST","1/11/2018 3:30:54 PM EST","1/11/2018 3:25:29 PM EST","miguel.munoz80@gmail.com"
"Please DocuSign your Southern Fidelity insurance documents.-","Completed","Miguel Munoz","Completed","1/11/2018 3:19:53 PM EST","1/11/2018 3:30:54 PM EST","1/11/2018 3:25:50 PM EST","1/11/2018 3:30:54 PM EST","1/11/2018 3:30:54 PM EST","miguel.munoz80@gmail.com"
"Please DocuSign your home insurance documents.-(321)439-7373 | 00717001 | AG","Completed","Migdalia Benitez","Completed","1/11/2018 2:42:04 PM EST","1/11/2018 2:44:45 PM EST","1/11/2018 2:42:35 PM EST","1/11/2018 2:44:46 PM EST","1/11/2018 2:44:45 PM EST","midgebntz@gmail.com"
"Please DocuSign your UPCIC insurance documents.-(352)445-2825| 00704803 |AG","Completed","Sandra Otero","Completed","1/11/2018 2:15:25 PM EST","1/11/2018 8:14:38 PM EST","1/11/2018 8:12:19 PM EST","1/11/2018 8:35:19 PM EST","1/11/2018 8:14:38 PM EST","sapphire4142@yahoo.com"
"Please DocuSign your UPCIC insurance documents.-(352)445-2825| 00704803 |AG","Completed","Maria Otero","Completed","1/11/2018 2:15:24 PM EST","1/11/2018 8:35:18 PM EST","1/11/2018 8:19:44 PM EST","1/11/2018 8:35:19 PM EST","1/11/2018 8:35:18 PM EST","sapphire4142@yahoo.com"
"Please DocuSign your AllRisk insurance documents.-(941)323-3243| 00626312 | SR","Completed","Daniel Nicholson","Completed","1/11/2018 1:26:58 PM EST","1/11/2018 2:13:32 PM EST","1/11/2018 2:12:57 PM EST","1/11/2018 2:13:32 PM EST","1/11/2018 2:13:32 PM EST","floridaspud72@gmail.com"
"Please DocuSign this policy change request.-(786)338-3145| 00424596 | LR","Completed","Christina Painter","Completed","1/11/2018 1:14:35 PM EST","1/11/2018 1:19:32 PM EST","1/11/2018 1:19:07 PM EST","1/11/2018 1:20:08 PM EST","1/11/2018 1:19:32 PM EST","paintbleu@mac.com"
"Please DocuSign this policy change request.-(786)338-3145| 00424596 | LR","Completed","Dan Peterson","Completed","1/11/2018 1:14:36 PM EST","1/11/2018 1:20:08 PM EST","1/11/2018 1:19:58 PM EST","1/11/2018 1:20:08 PM EST","1/11/2018 1:20:08 PM EST","paintbleu@mac.com"
"Correct:Please DocuSign your capitol preferred insurance documents.-(561)688-4355|00717321| MCabrera","Sent","Lynne Zimet","Sent","1/11/2018 1:04:13 PM EST","","","","","lynnebzimet@gmail.com"
"Please DocuSign your AllRisk insurance documents.-(941)412-4142| 00714056 |SR","Sent","Bettie J Gorenglo","Sent","1/11/2018 12:44:53 PM EST","","","","","terriegwaltney@outlook.com"
"Please DocuSign: New Wind Application.pdf, Surplus Lines Disclosure.pdf","Completed","Chris Cole","Completed","1/11/2018 12:01:50 PM EST","1/11/2018 12:11:11 PM EST","1/11/2018 12:11:04 PM EST","1/11/2018 12:12:11 PM EST","1/11/2018 12:11:11 PM EST","chris.cole@brightway.com"
"Please DocuSign: New Wind Application.pdf, Surplus Lines Disclosure.pdf","Completed","Luis Hernandez","Completed","1/11/2018 12:01:49 PM EST","1/11/2018 12:12:10 PM EST","1/11/2018 12:11:34 PM EST","1/11/2018 12:12:11 PM EST","1/11/2018 12:12:10 PM EST","Luish8000@gmail.com"
"Please DocuSign: Ferguson TH Application.pdf","Completed","Oscar Ferguson","Completed","1/10/2018 5:39:01 PM EST","1/10/2018 7:12:19 PM EST","1/10/2018 7:09:22 PM EST","1/10/2018 7:16:08 PM EST","1/10/2018 7:12:19 PM EST","cheyenne901@gmail.com"
"Please DocuSign: Ferguson TH Application.pdf","Completed","Donnett Ferguson","Completed","1/10/2018 5:39:01 PM EST","1/10/2018 7:16:07 PM EST","1/10/2018 7:12:44 PM EST","1/10/2018 7:16:08 PM EST","1/10/2018 7:16:07 PM EST","cheyenne901@gmail.com"
"Please DocuSign your AllRisk insurance documents.-(401)301-4033 | 00714323 | SR","Completed","Steve Carter","Completed","1/10/2018 5:01:35 PM EST","1/10/2018 5:10:12 PM EST","1/10/2018 5:06:34 PM EST","1/10/2018 5:10:13 PM EST","1/10/2018 5:10:12 PM EST","carter@checon.com"
"Please DocuSign: Miller Lloyds App.pdf, Miller RCE.PDF, Miller ASI App.pdf","Completed","Chris Cole","Completed","1/10/2018 4:50:19 PM EST","1/10/2018 5:03:11 PM EST","1/10/2018 5:03:06 PM EST","1/11/2018 7:45:07 PM EST","1/10/2018 5:03:11 PM EST","chris.cole@brightway.com"
"Please DocuSign: Miller Lloyds App.pdf, Miller RCE.PDF, Miller ASI App.pdf","Completed","Renay Miller","Completed","1/10/2018 4:47:35 PM EST","1/11/2018 7:45:07 PM EST","1/11/2018 3:08:33 PM EST","1/11/2018 7:45:07 PM EST","1/11/2018 7:45:07 PM EST","nay11miller@yahoo.com"
"Please sign your new home application","Completed","Kerry Clinton","Completed","1/10/2018 4:35:54 PM EST","1/10/2018 4:36:07 PM EST","1/10/2018 4:36:03 PM EST","1/11/2018 11:24:44 AM EST","1/10/2018 4:36:07 PM EST","kerry.clinton@brightway.com"
"Please sign your new home application","Completed","Steven Sarkela","Completed","1/10/2018 4:35:53 PM EST","1/10/2018 5:35:45 PM EST","1/10/2018 5:31:29 PM EST","1/11/2018 11:24:44 AM EST","1/10/2018 5:35:45 PM EST","steve@sarkelacorp.com"
"Please sign your new home application","Completed","Lillemor Sarkela","Completed","1/10/2018 4:35:53 PM EST","1/11/2018 11:24:44 AM EST","1/11/2018 11:23:35 AM EST","1/11/2018 11:24:44 AM EST","1/11/2018 11:24:44 AM EST","steve@sarkelacorp.com"
"Please DocuSign: adderley app.pdf, ADDERLEY RCE.PDF, Wind Mitigation Sunset Lakes Circle.pdf","Delivered","Marie  Adderley","Delivered","1/10/2018 4:18:42 PM EST","","1/10/2018 4:21:29 PM EST","","","madderley123@hotmail.com"
"Please DocuSign: adderley app.pdf, ADDERLEY RCE.PDF, Wind Mitigation Sunset Lakes Circle.pdf","Delivered","Mark Adderley","Delivered","1/10/2018 4:18:42 PM EST","","1/10/2018 4:19:39 PM EST","","","madderley123@hotmail.com"
"Please DocuSign: adderley app.pdf, ADDERLEY RCE.PDF, Wind Mitigation Sunset Lakes Circle.pdf","Delivered","Kerry Clinton","Completed","1/10/2018 4:18:42 PM EST","1/10/2018 4:19:30 PM EST","1/10/2018 4:19:20 PM EST","","1/10/2018 4:19:30 PM EST","kerry.clinton@brightway.com"
"Please sign new application","Completed","Carmine Rossi","Completed","1/10/2018 4:07:17 PM EST","1/10/2018 5:31:33 PM EST","1/10/2018 5:19:26 PM EST","1/10/2018 5:31:34 PM EST","1/10/2018 5:31:33 PM EST","Dianarossi815@gmail.com"
"Please DocuSign your Bass insurance documents.-(646)662-9653 | 00333975 |SR","Voided","Carmine Rossi","Delivered","1/10/2018 3:27:07 PM EST","","1/10/2018 5:10:12 PM EST","1/15/2018 8:59:32 AM EST","","Dianarossi815@gmail.com"
"Please DocuSign your Bass insurance documents.-(646)662-9653 | 00333975 |SR","Voided","Chris Cole","Completed","1/10/2018 5:28:33 PM EST","1/10/2018 5:29:15 PM EST","1/10/2018 5:29:10 PM EST","1/15/2018 8:59:32 AM EST","1/10/2018 5:29:15 PM EST","chris.cole@brightway.com"
"Please DocuSign your new ASI flood insurance application.-(954)328-9749| 00714346 | LR","Completed","Jeri Ginsberg","Completed","1/10/2018 2:35:21 PM EST","1/10/2018 6:17:35 PM EST","1/10/2018 6:15:57 PM EST","1/10/2018 6:17:35 PM EST","1/10/2018 6:17:35 PM EST","pandjginsberg@comcast.net"
"New: Please DocuSign your Universal P&C insurance documents.-(904)412-9839| 00708116 |LR","Voided","Genethel Reeves","Sent","1/10/2018 2:30:05 PM EST","","","1/10/2018 2:55:26 PM EST","","missgenethel@gmail.com"
"Please DocuSign your Olympus and ASI insurance documents.-561-891-0373pc#OIC30015640-00","Completed","Shenoda Gadalla","Completed","1/10/2018 1:14:18 PM EST","1/10/2018 6:53:35 PM EST","1/10/2018 6:50:46 PM EST","1/10/2018 6:53:35 PM EST","1/10/2018 6:53:35 PM EST","shegadalla@gmail.com"
"Please DocuSign your ASI insurance documents.-(561)634-5688| 00717364 |LR","Completed","Mark Rosales","Completed","1/10/2018 12:54:06 PM EST","1/10/2018 12:58:51 PM EST","1/10/2018 12:56:12 PM EST","1/10/2018 12:58:51 PM EST","1/10/2018 12:58:51 PM EST","Nyathrt66@gmail.com"
"New Please DocuSign your AllRisk insurance documents.-RL","Delivered","Ben Gal","Delivered","1/10/2018 12:46:16 PM EST","","1/10/2018 8:49:43 PM EST","","","maytals122@yahoo.com"
"Please DocuSign your Tapco insurance documents.-(352)514-0195| 00678863 | SR","Completed","Judith Lim","Completed","1/10/2018 12:32:41 PM EST","1/10/2018 3:28:13 PM EST","1/10/2018 3:25:43 PM EST","1/10/2018 3:28:13 PM EST","1/10/2018 3:28:13 PM EST","Judylim1@yahoo.com"
"Please DocuSign your Auto insurance documents.-(561)688-4355 | 00717321 |MCabrera","Completed","Lynnette Sanchez","Completed","1/10/2018 12:05:37 PM EST","1/10/2018 12:23:41 PM EST","1/10/2018 12:10:35 PM EST","1/10/2018 12:23:41 PM EST","1/10/2018 12:23:41 PM EST","sanchezl@pbso.org"
"Please DocuSign your home insurance documents.-","Voided","Lynnette Sanchez","Sent","1/10/2018 11:56:25 AM EST","","","1/10/2018 11:56:42 AM EST","","sanchezl@pbso.org"
"Please DocuSign your Progressive insurance documents.-(603)455-3576 | 00715749 | MM","Completed","Janet Hanson","Completed","1/10/2018 11:33:35 AM EST","1/10/2018 3:14:45 PM EST","1/10/2018 3:03:34 PM EST","1/10/2018 3:14:46 PM EST","1/10/2018 3:14:45 PM EST","Benfranklin3812@hotmail.com"
"Please DocuSign your AllRisk insurance documents.-(954)249-7759 | 00717292 | SR","Completed","Kerem Sirvan","Completed","1/10/2018 11:28:09 AM EST","1/10/2018 11:54:24 AM EST","1/10/2018 11:48:29 AM EST","1/10/2018 11:54:24 AM EST","1/10/2018 11:54:24 AM EST","burgaz73@gmail.com"
"Please DocuSign Named Driver Exclusion Election-(561)398-9536 | 00088117 |MMcCoy","Completed","Nidia Martinez","Completed","1/10/2018 11:24:15 AM EST","1/14/2018 10:33:55 PM EST","1/14/2018 10:32:29 PM EST","1/14/2018 10:33:55 PM EST","1/14/2018 10:33:55 PM EST","nimartinez56@gmail.com"
"Please DocuSign your new UPCIC insurance application.-(561)739-2379 | 00711458 |SB","Completed","Jason Bryan","Completed","1/10/2018 11:19:05 AM EST","1/11/2018 3:43:23 AM EST","1/11/2018 3:39:03 AM EST","1/11/2018 3:43:24 AM EST","1/11/2018 3:43:23 AM EST","jasonbryanjb@gmail.com"
"Please DocuSign your Aspen insurance documents.-(718)496-7209| 00717177 | SR","Completed","Peter Castellotti","Completed","1/10/2018 10:46:46 AM EST","1/10/2018 2:46:57 PM EST","1/10/2018 2:29:38 PM EST","1/10/2018 2:46:57 PM EST","1/10/2018 2:46:57 PM EST","noslices2@gmail.com"
"Please DocuSign your UPCIC insurance documents.-(954)971-7662| 00717108 |AG","Delivered","Ivon Vasquez","Delivered","1/10/2018 10:41:58 AM EST","","1/11/2018 12:42:30 PM EST","","","lucas062960@gmail.com"
"Please DocuSign your UPCIC insurance documents.-(954)971-7662| 00717108 |AG","Delivered","Luis Castano","Completed","1/10/2018 10:41:58 AM EST","1/10/2018 7:08:39 PM EST","1/10/2018 2:47:01 PM EST","","1/10/2018 7:08:39 PM EST","lucas062960@gmail.com"
"Please DocuSign your AllRisk insurance documents.-(972)658-6944| 00717223 |SR","Completed","Anthony D Besharse","Completed","1/10/2018 10:24:00 AM EST","1/10/2018 11:20:09 AM EST","1/10/2018 11:19:04 AM EST","1/10/2018 11:20:10 AM EST","1/10/2018 11:20:09 AM EST","tonybesh@yahoo.com"
"Please DocuSign your UPCIC insurance documents.-(954)825-9991 | 00717212 |  AG","Completed","Loy Locke","Completed","1/10/2018 10:16:36 AM EST","1/10/2018 12:24:38 PM EST","1/10/2018 12:21:12 PM EST","1/10/2018 12:24:38 PM EST","1/10/2018 12:24:38 PM EST","millibeth2008@yahoo.com"
"Please DocuSign your AllRisk insurance documents.-(941)883-8897 | 00717202 |  KC","Completed","Susan Ruswick","Completed","1/10/2018 10:07:13 AM EST","1/12/2018 8:40:41 AM EST","1/10/2018 10:21:47 AM EST","1/12/2018 8:40:41 AM EST","1/12/2018 8:40:41 AM EST","susanruswick@gmail.com"
"Please DocuSign your Seacoast insurance documents.-(954)977-6238 | 00550440 | SB","Completed","Josue Toyosato","Completed","1/10/2018 9:57:07 AM EST","1/10/2018 11:27:38 AM EST","1/10/2018 10:03:48 AM EST","1/10/2018 11:27:39 AM EST","1/10/2018 11:27:38 AM EST","jnath1225@gmail.com"
"Please DocuSign your Capitol Preferred insurance documents.-(561)386-1501| 00134891 | MO LR","Completed","BARBARA RASKIN","Completed","1/10/2018 9:50:46 AM EST","1/10/2018 5:01:15 PM EST","1/10/2018 5:00:13 PM EST","1/10/2018 5:11:07 PM EST","1/10/2018 5:01:15 PM EST","DONRASKIN@BELLSOUTH.NET"
"Please DocuSign your Capitol Preferred insurance documents.-(561)386-1501| 00134891 | MO LR","Completed","DON RASKIN","Completed","1/10/2018 9:50:46 AM EST","1/10/2018 5:11:07 PM EST","1/10/2018 5:03:17 PM EST","1/10/2018 5:11:07 PM EST","1/10/2018 5:11:07 PM EST","DONRASKIN@BELLSOUTH.NET"
"Please DocuSign your AllRisk insurance documents.-(305)491-2916 | 00717052 |KC","Sent","Pedro Falcon","Sent","1/10/2018 9:26:48 AM EST","","","","","luly0013@yahoo.com"
"Please DocuSign: no loss.pdf correction please sign sent to client at 5.34","Voided","Alexander Lopez","Sent","1/9/2018 5:35:03 PM EST","","","1/10/2018 8:19:04 AM EST","","alexanderl61@comcast.net"
"Please DocuSign: Change Request(561)315-7529 | 00237826 |","Sent","Martha Mendoza","Sent","1/9/2018 5:25:35 PM EST","","","","","marthamendoza560@yahoo.com"
"Please DocuSign you NO loss form(305)778-7174| 00639148 | LL","Completed","Alexander Lopez","Completed","1/9/2018 5:06:15 PM EST","1/9/2018 7:28:03 PM EST","1/9/2018 7:27:47 PM EST","1/9/2018 7:28:03 PM EST","1/9/2018 7:28:03 PM EST","alexanderl61@comcast.net"
"Please DocuSign Cancellation request form.-(561)312-8888| 00502762 | MO","Completed","Paul Roach","Completed","1/9/2018 4:46:45 PM EST","1/9/2018 7:48:47 PM EST","1/9/2018 7:48:20 PM EST","1/9/2018 7:48:47 PM EST","1/9/2018 7:48:47 PM EST","gmcinc@yahoo.com"
"Please DocuSign Cancellation request form.-(561)312-8888| 00502762 | MO","Voided","Peter Kwiatkowski","Sent","1/9/2018 4:44:30 PM EST","","","1/11/2018 2:03:10 PM EST","","pkwiat@sfwmd.gov"
"Please DocuSign Cancellation request form.-(786)262-0681| 00716217 | MO","Completed","Pierre Louis Pierre Toussaint","Completed","1/9/2018 4:37:10 PM EST","1/12/2018 11:01:28 AM EST","1/12/2018 10:58:41 AM EST","1/12/2018 11:37:00 AM EST","1/12/2018 11:01:28 AM EST","pierlpt@gmail.com"
"Please DocuSign Cancellation request form.-(786)262-0681| 00716217 | MO","Completed","Sherley Pierre Toussaint","Completed","1/9/2018 4:37:10 PM EST","1/12/2018 11:37:00 AM EST","1/12/2018 11:24:10 AM EST","1/12/2018 11:37:00 AM EST","1/12/2018 11:37:00 AM EST","pierlpt@gmail.com"
"New: Please DocuSign your coastal advantage insurance documents.-(305)527-5016| 00710112 | SR","Completed","Angela McMillon","Completed","1/9/2018 4:34:31 PM EST","1/9/2018 5:11:04 PM EST","1/9/2018 5:10:18 PM EST","1/9/2018 5:11:05 PM EST","1/9/2018 5:11:04 PM EST","angela_mcmillon@yahoo.com"
"Please DocuSign you NO loss form(305)778-7174| 00639148 | LL","Completed","Alexander Lopez","Completed","1/9/2018 4:12:34 PM EST","1/9/2018 4:18:43 PM EST","1/9/2018 4:17:50 PM EST","1/9/2018 4:18:43 PM EST","1/9/2018 4:18:43 PM EST","alexanderl61@comcast.net"
"Please DocuSign your Coastal insurance documents.-(732)890-2180| 00692374 |SR","Completed","Cynthia A Dugan","Completed","1/9/2018 3:54:52 PM EST","1/9/2018 5:06:19 PM EST","1/9/2018 5:05:11 PM EST","1/9/2018 5:06:19 PM EST","1/9/2018 5:06:19 PM EST","Cdugna3151@aol.com"
"Please DocuSign your Geovera and AllRisk insurance documents.-(913)515-4544| 00717164 | KC","Completed","George Danner","Completed","1/9/2018 3:42:34 PM EST","1/9/2018 4:01:50 PM EST","1/9/2018 3:53:36 PM EST","1/9/2018 4:01:51 PM EST","1/9/2018 4:01:50 PM EST","CONQUERORS5@SBCGLOBAL.NET"
"Please DocuSign your Geovera insurance documents.-(954)655-6035| 00390984 | SR","Sent","Viola Ollivierre","Sent","1/9/2018 3:15:27 PM EST","","","","","dayda8@hotmail.com"
"Please DocuSign your AllRisk insurance documents.-(954)328-9749| 00714346 |SR MO","Completed","Jeri Ginsberg","Completed","1/9/2018 3:15:08 PM EST","1/9/2018 3:20:46 PM EST","1/9/2018 3:16:07 PM EST","1/9/2018 3:59:32 PM EST","1/9/2018 3:20:46 PM EST","pandjginsberg@comcast.net"
"Please DocuSign your UPCIC documents-(786)357-3825 | 00714145 |LR","Sent","Edilson Espinosa","Sent","1/9/2018 3:05:53 PM EST","","","","","yaslin123@gmail.com"
"Please DocuSign your UPCIC documents-(786)357-3825 | 00714145 |LR","Sent","Yaslin Carmona","Sent","1/9/2018 3:05:53 PM EST","","","","","yaslin123@gmail.com"
"Please DocuSign: FLH-0007316  Inspection Letter.(786)468-0532| 00712223 |LR","Sent","Morton Augustin","Sent","1/9/2018 2:28:28 PM EST","","","","","brosegracia@yahoo.com"
"Please DocuSign this policy change request.-(847)606-5490| 00388449 | KG","Completed","Ila Lemonis","Completed","1/9/2018 2:11:59 PM EST","1/10/2018 5:20:22 PM EST","1/9/2018 4:46:00 PM EST","1/10/2018 5:20:22 PM EST","1/10/2018 5:20:22 PM EST","lpenfold@gmail.com"
"Please DocuSign your Capitol Preferred insurance documents.-(561)405-1717 | 00717043 |","Completed","Jean-Pierre Paviot","Completed","1/9/2018 2:07:24 PM EST","1/11/2018 7:02:06 PM EST","1/9/2018 4:50:38 PM EST","1/11/2018 7:02:06 PM EST","1/11/2018 7:02:06 PM EST","jpmfp@comcast.net"
"Please DocuSign your Southern Fidelity & Tower HIll insurance documents|00569295|(215)520-0123LRMO","Completed","Gary Plantier","Completed","1/9/2018 1:42:46 PM EST","1/11/2018 6:05:20 PM EST","1/11/2018 5:44:19 PM EST","1/11/2018 6:05:20 PM EST","1/11/2018 6:05:20 PM EST","pplantier4@gmail.com"
"Please DocuSign your Capitol Preferred  insurance documents.-(561)699-3003| 00716196 LR MO","Completed","Tova Reznik","Completed","1/9/2018 1:10:02 PM EST","1/10/2018 1:17:44 PM EST","1/10/2018 1:15:00 PM EST","1/10/2018 1:17:45 PM EST","1/10/2018 1:17:44 PM EST","Tova.reznik@terracescc.com"
"Please DocuSign: Statement of No Loss.(305)469-0216| 00429467 | SZ","Delivered","Samantha Ebanks","Delivered","1/9/2018 11:29:30 AM EST","","1/15/2018 9:08:40 AM EST","","","Luchey_pooh305@yahoo.com"
"Please DocuSign: CLH-0006730 Inspection Letter.(305)345-5987| 00700878 |LR","Sent","Donald  Wardy","Sent","1/9/2018 8:59:45 AM EST","","","","","donaldwardy@gmail.com"
"Please DocuSign: Hassan App.pdf new home insurancew app","Sent","Muneer Hassan","Sent","1/9/2018 8:24:11 AM EST","","","","","Hassan_muneer@hotmail.com"
"Please DocuSign: Hassan App.pdf new home insurancew app","Sent","Chris Cole","Completed","1/9/2018 8:24:11 AM EST","1/9/2018 8:25:49 AM EST","1/9/2018 8:25:45 AM EST","","1/9/2018 8:25:49 AM EST","chris.cole@brightway.com"
"Change:Please DocuSign your UPCIC insurance documents.-(321)439-7373 | 00717001 | AG","Completed","Jorge Benitez","Completed","1/9/2018 8:16:44 AM EST","1/11/2018 11:33:28 AM EST","1/11/2018 11:25:49 AM EST","1/11/2018 2:38:05 PM EST","1/11/2018 11:33:28 AM EST","midgebntz@gmail.com"
"Please DocuSign your Geovera  and Allrisk insurance documents.-((305)238-0021|00714136  |SR","Completed","Chris Cole","Completed","1/8/2018 5:50:23 PM EST","1/8/2018 10:03:51 PM EST","1/8/2018 10:03:39 PM EST","1/9/2018 7:01:47 PM EST","1/8/2018 10:03:51 PM EST","chris.cole@brightway.com"
"Please DocuSign your Geovera  and Allrisk insurance documents.-((305)238-0021|00714136  |SR","Completed","Nabil Boundani","Completed","1/8/2018 5:50:23 PM EST","1/9/2018 7:01:47 PM EST","1/9/2018 6:40:15 PM EST","1/9/2018 7:01:47 PM EST","1/9/2018 7:01:47 PM EST","nboudani@hotmail.com"
"Please DocuSign: cotton App.pdf","Completed","Chris Cole","Completed","1/8/2018 5:45:04 PM EST","1/8/2018 10:05:39 PM EST","1/8/2018 10:04:25 PM EST","1/9/2018 12:13:16 PM EST","1/8/2018 10:05:39 PM EST","chris.cole@brightway.com"
"Please DocuSign: cotton App.pdf","Completed","Barbara & Richard Cotton","Completed","1/8/2018 5:45:04 PM EST","1/9/2018 12:13:16 PM EST","1/9/2018 12:10:00 PM EST","1/9/2018 12:13:16 PM EST","1/9/2018 12:13:16 PM EST","rc@firstsourcemed.com"
"Please DocuSign: Phelan, Matthew Unsigned United App.pdf, Phelan, Matthew RCE.PDF","Sent","Matthew Phelan","Sent","1/8/2018 5:41:56 PM EST","","","","","Mattphelan850@gmail.com"
"Please DocuSign: Travelers - Blank UM form.pdf","Voided","Chandradat Ramkhelawan","Sent","1/8/2018 5:28:31 PM EST","","","1/9/2018 2:37:59 PM EST","","Navin9979@gmail.com"
"Please DocuSign: Mitigation Inspection Report Signed.pdf","Completed","jerome strano","Completed","1/8/2018 5:07:41 PM EST","1/8/2018 5:35:29 PM EST","1/8/2018 5:34:50 PM EST","1/8/2018 5:35:30 PM EST","1/8/2018 5:35:29 PM EST","jsjcompanyinc@gmail.com"
"Please DocuSign: Dennis.360Value Replacement Cost Valuation.pdf","Completed","Cheryl Dennis","Completed","1/8/2018 5:01:06 PM EST","1/11/2018 10:48:50 AM EST","1/9/2018 12:11:04 AM EST","1/11/2018 10:48:51 AM EST","1/11/2018 10:48:50 AM EST","onedoxy@yahoo.com"
"Please DocuSign: orlotti doc.pdf, eli.pdf","Sent","Elizabeth Orlotti","Sent","1/8/2018 4:32:04 PM EST","","","","","hawaiitime32@gmail.com"
"Please DocuSign your Universal insurance documents.-(754)214-5612 | 00424051 |","Voided","Latasha Davis","Delivered","1/8/2018 4:01:08 PM EST","","1/12/2018 9:51:26 AM EST","1/16/2018 12:33:50 AM EST","","latashandavis@yahoo.com"
"mncvm","Completed","Kerry Clinton","Completed","1/8/2018 3:41:12 PM EST","1/8/2018 3:41:13 PM EST","","1/8/2018 3:41:12 PM EST","","kerry.clinton@brightway.com"
"Please DocuSign: Hassan WM(2).pdf, Hassan App.pdf","Voided","Muneer Hassan Zarefa Ali","Sent","1/8/2018 3:36:32 PM EST","","","1/8/2018 6:02:20 PM EST","","Hassan_muneer@hotmail.com"
"Please DocuSign: PT change request.pdf","Completed","CAROL THROWER","Completed","1/8/2018 3:12:24 PM EST","1/8/2018 4:07:48 PM EST","1/8/2018 3:15:01 PM EST","1/8/2018 4:07:48 PM EST","1/8/2018 4:07:48 PM EST","cthrower@numail.org"
"Please DocuSign: cxl d.pdf","Completed","MAZELIE DUPRENA","Completed","1/8/2018 2:59:40 PM EST","1/9/2018 1:09:14 PM EST","1/9/2018 1:08:46 PM EST","1/9/2018 1:28:18 PM EST","1/9/2018 1:09:14 PM EST","Issy0221@gmail.com"
"Please DocuSign: cxl d.pdf","Completed","Ismuta Duprena","Completed","1/8/2018 2:59:40 PM EST","1/9/2018 1:28:17 PM EST","1/9/2018 1:28:03 PM EST","1/9/2018 1:28:18 PM EST","1/9/2018 1:28:17 PM EST","Issy0221@gmail.com"
"Please DocuSign: Duprena AllRisks App.pdf, Duprena Geo App.pdf, Duprena RCE.pdf","Completed","Ismuta Duprena","Completed","1/8/2018 2:57:42 PM EST","1/9/2018 1:07:00 PM EST","1/9/2018 10:56:26 AM EST","1/9/2018 1:07:01 PM EST","1/9/2018 1:07:00 PM EST","Issy0221@gmail.com"
"Please DocuSign your home insurance documents.-(561)271-2677| 00715775 | KC","Sent","Vernice White","Sent","1/8/2018 1:45:45 PM EST","","","","","laurawonluv2@aol.com"
"Please DocuSign your home insurance documents.-(561)271-2677| 00715775 | KC","Sent","Kerry Clinton","Completed","1/8/2018 1:45:45 PM EST","1/8/2018 2:33:51 PM EST","1/8/2018 2:33:44 PM EST","","1/8/2018 2:33:51 PM EST","kerry.clinton@brightway.com"
"Please DocuSign: Perry App.pdf","Completed","Chris Cole","Completed","1/8/2018 12:58:10 PM EST","1/8/2018 1:59:08 PM EST","1/8/2018 1:59:02 PM EST","1/8/2018 4:41:46 PM EST","1/8/2018 1:59:08 PM EST","chris.cole@brightway.com"
"Please DocuSign: Perry App.pdf","Completed","Georgette Sturtz Perry","Completed","1/8/2018 12:58:10 PM EST","1/8/2018 4:41:45 PM EST","1/8/2018 4:37:40 PM EST","1/8/2018 4:41:46 PM EST","1/8/2018 4:41:45 PM EST","Gsperry9@hotmail.com"
"Please DocuSign: Ganchong RCE.PDF","Completed","Jia Ganchong","Completed","1/8/2018 12:47:11 PM EST","1/10/2018 11:20:56 PM EST","1/10/2018 11:18:35 PM EST","1/10/2018 11:20:56 PM EST","1/10/2018 11:20:56 PM EST","chucklevine@bellsouth.net"
"Please DocuSign your AllRisk insurance documents.-954-501-3057Qt#3240721 SR","Voided","Kevin Arena","Delivered","1/8/2018 12:42:09 PM EST","","1/8/2018 5:05:04 PM EST","1/16/2018 12:36:47 AM EST","","tarenagroup@aol.com"
"Please DocuSign: Cheryl unsigned application.pdf ag","Completed","Cheryl Dennis","Completed","1/8/2018 12:34:05 PM EST","1/8/2018 12:48:50 PM EST","1/8/2018 12:43:20 PM EST","1/8/2018 12:48:50 PM EST","1/8/2018 12:48:50 PM EST","onedoxy@yahoo.com"
"please sign your wind mit inspection  00716447 ag","Completed","Kyle Deery","Completed","1/8/2018 12:27:25 PM EST","1/8/2018 2:00:31 PM EST","1/8/2018 1:59:45 PM EST","1/8/2018 2:00:31 PM EST","1/8/2018 2:00:31 PM EST","kylebdeery@gmail.com"
"Please DocuSign: Williams.pdf","Sent","DEANNA C MOSLEY","Sent","1/8/2018 12:20:25 PM EST","","","","","ddman53@aol.com"
"Please DocuSign: Williams.pdf","Sent","Dwight E Williams","Completed","1/8/2018 12:20:24 PM EST","1/8/2018 12:25:22 PM EST","1/8/2018 12:22:42 PM EST","","1/8/2018 12:25:22 PM EST","ddman53@aol.com"
"Please DocuSign: Statement of No Loss.(305)469-0216| 00429467 | SZ","Completed","Samantha Ebanks","Completed","1/8/2018 12:01:34 PM EST","1/8/2018 7:33:24 PM EST","1/8/2018 7:30:50 PM EST","1/8/2018 7:33:24 PM EST","1/8/2018 7:33:24 PM EST","Luchey_pooh305@yahoo.com"
"Please DocuSign: SS app.pdf, sss.pdf, Surplus Lines Disclosure.pdf","Completed","Chris Cole","Completed","1/8/2018 11:44:27 AM EST","1/8/2018 11:46:23 AM EST","1/8/2018 11:46:17 AM EST","1/8/2018 6:07:31 PM EST","1/8/2018 11:46:23 AM EST","chris.cole@brightway.com"
"Please DocuSign: SS app.pdf, sss.pdf, Surplus Lines Disclosure.pdf","Completed","Shelley Stroleny","Completed","1/8/2018 11:44:27 AM EST","1/8/2018 6:07:31 PM EST","1/8/2018 6:02:55 PM EST","1/8/2018 6:07:31 PM EST","1/8/2018 6:07:31 PM EST","stroleny_gwc@yahoo.com"
"Please DocuSign: Thig FLD Application.pdf sb","Completed","Chris Cole","Completed","1/8/2018 10:47:31 AM EST","1/8/2018 10:51:07 AM EST","1/8/2018 10:50:40 AM EST","1/8/2018 11:01:20 AM EST","1/8/2018 10:51:07 AM EST","chris.cole@brightway.com"
"Please DocuSign: Thig FLD Application.pdf sb","Completed","Esteban Gomez","Completed","1/8/2018 10:47:31 AM EST","1/8/2018 11:01:19 AM EST","1/8/2018 10:58:30 AM EST","1/8/2018 11:01:20 AM EST","1/8/2018 11:01:19 AM EST","esteban.gomez@transcore.com"
"Please DocuSign: Geovera Application.pdf, Geovera Proposal - WIND ONLY.pdf, Replacement Cost Es...","Delivered","Richard Pine","Delivered","1/8/2018 10:26:51 AM EST","","1/8/2018 12:46:13 PM EST","","","pinelynn24@gmail.com"
"Please DocuSign: Geovera Application.pdf, Geovera Proposal - WIND ONLY.pdf, Replacement Cost Es...","Delivered","Chris Cole","Completed","1/8/2018 10:26:51 AM EST","1/8/2018 10:34:21 AM EST","1/8/2018 10:34:08 AM EST","","1/8/2018 10:34:21 AM EST","chris.cole@brightway.com"
"Please DocuSign: No Loss (3)- Ali, Shaz 00700331.doc","Completed","Shaaz Ali","Completed","1/8/2018 10:03:31 AM EST","1/8/2018 10:10:32 AM EST","1/8/2018 10:09:24 AM EST","1/8/2018 10:10:33 AM EST","1/8/2018 10:10:32 AM EST","izshaaz@gmail.com"
"Please DocuSign: Passalacqua, Rosollino No Loss Statement.pdf","Completed","Rosollino Passalacqua","Completed","1/8/2018 9:31:53 AM EST","1/8/2018 4:49:13 PM EST","1/8/2018 4:47:45 PM EST","1/8/2018 4:50:14 PM EST","1/8/2018 4:49:13 PM EST","johnpass@comcast.net"
"Please DocuSign: Passalacqua, Rosollino No Loss Statement.pdf","Completed","John Passalacqua","Completed","1/8/2018 9:31:53 AM EST","1/8/2018 4:50:13 PM EST","1/8/2018 4:50:01 PM EST","1/8/2018 4:50:14 PM EST","1/8/2018 4:50:13 PM EST","johnpass@comcast.net"
"Please DocuSign: Grzybowski, app.pdf 1086 home insurance","Voided","Daniel Grzybowski","Sent","1/8/2018 9:11:44 AM EST","","","1/8/2018 9:14:29 AM EST","","Grzybowskidan@gmail.com"
"Please DocuSign: Grzybowski, app.pdf 1086 home insurance","Voided","Kerry Clinton","Completed","1/8/2018 9:11:44 AM EST","1/8/2018 9:12:25 AM EST","1/8/2018 9:12:14 AM EST","1/8/2018 9:14:29 AM EST","1/8/2018 9:12:25 AM EST","kerry.clinton@brightway.com"
"Please DocuSign: Roach UNI Application.pdf, Roach RCE.PDF, Roach Wind Mit.pdf, Roach Authorizat...AG","Completed","Paul Roach","Completed","1/8/2018 9:02:57 AM EST","1/8/2018 10:39:32 AM EST","1/8/2018 10:37:54 AM EST","1/8/2018 10:39:33 AM EST","1/8/2018 10:39:32 AM EST","gmcinc@yahoo.com"
"Please DocuSign your allrisk insurance documents.-KDurham","Completed","JEREMY CAHILL","Completed","1/5/2018 5:24:51 PM EST","1/5/2018 5:37:16 PM EST","1/5/2018 5:25:14 PM EST","1/5/2018 5:37:17 PM EST","1/5/2018 5:37:16 PM EST","JKINVESTMENTVENTURES@OUTLOOK.COM"
"Please DocuSign your UPCIC insurance documents.-(786)302-9713 | 00629597 | AG","Completed","Grecia Sardinas","Completed","1/5/2018 5:19:36 PM EST","1/8/2018 8:36:49 AM EST","1/8/2018 8:30:49 AM EST","1/8/2018 8:36:50 AM EST","1/8/2018 8:36:49 AM EST","Grecia1887@yahoo.com"
": Please DocuSign your Tower Hill insurance documents.-(804)398-8845 | 00716689 | LR","Completed","Michael McDougall","Completed","1/5/2018 5:04:49 PM EST","1/5/2018 8:39:52 PM EST","1/5/2018 8:30:50 PM EST","1/5/2018 9:03:10 PM EST","1/5/2018 8:39:52 PM EST","mtminva@gmail.com"
": Please DocuSign your Tower Hill insurance documents.-(804)398-8845 | 00716689 | LR","Completed","Shirley McDougall","Completed","1/5/2018 5:04:49 PM EST","1/5/2018 9:03:09 PM EST","1/5/2018 8:41:59 PM EST","1/5/2018 9:03:10 PM EST","1/5/2018 9:03:09 PM EST","mtminva@gmail.com"
"Please DocuSign your Allrisk insurance documents.-phn#772-801-4557qt#3256617 SR","Completed","Debra Garrison","Completed","1/5/2018 4:55:00 PM EST","1/8/2018 12:53:36 PM EST","1/5/2018 6:18:23 PM EST","1/8/2018 12:53:36 PM EST","1/8/2018 12:53:36 PM EST","debrongarrison@att.net"
"Please DocuSign your AllRisk insurance documents.-(305)623-7677| 00716655 |SR","Voided","Richard Pine","Sent","1/5/2018 4:07:25 PM EST","","","1/13/2018 12:37:23 AM EST","","pinelynn24@gmail.com"
"Please DocuSign your Bass insurance documents.-(646)306-8389| 00716570 | SR","Completed","Fredricka Jones","Completed","1/5/2018 4:00:47 PM EST","1/7/2018 11:26:15 AM EST","1/7/2018 11:14:31 AM EST","1/7/2018 11:26:16 AM EST","1/7/2018 11:26:15 AM EST","Fvjon23@gmail.com"
"Please DocuSign your ICAT insurance documents.-(808)729-0094| 00716563 |SR","Completed","Kenneth Peer","Completed","1/5/2018 3:56:41 PM EST","1/6/2018 10:11:41 AM EST","1/6/2018 10:08:54 AM EST","1/6/2018 10:11:42 AM EST","1/6/2018 10:11:41 AM EST","kenneth.r.peer@gmail.com"
"Please DocuSign: Statement of No Loss.(305)469-0216| 00429467 | SZ","Completed","Samantha Ebanks","Completed","1/5/2018 3:50:58 PM EST","1/7/2018 7:08:01 AM EST","1/7/2018 7:06:28 AM EST","1/7/2018 7:08:02 AM EST","1/7/2018 7:08:01 AM EST","Luchey_pooh305@yahoo.com"
"Please DocuSign your Lexington insurance documents.-(305)951-4186 | 00716640 |SR","Voided","Shelley Stroleny","Delivered","1/5/2018 3:46:47 PM EST","","1/6/2018 10:33:00 AM EST","1/8/2018 11:39:13 AM EST","","stroleny_gwc@yahoo.com"
"Please DocuSign your Lexington insurance documents.-(305)951-4186 | 00716640 |SR","Voided","Chris Cole","Completed","1/8/2018 9:28:09 AM EST","1/8/2018 10:54:01 AM EST","1/8/2018 10:53:56 AM EST","1/8/2018 11:39:13 AM EST","1/8/2018 10:54:01 AM EST","chris.cole@brightway.com"
"Please DocuSign your Peolple's Trust insurance documents.-(252)481-2111| 00716616 | LR","Completed","Gerry Kesselbach","Completed","1/5/2018 3:33:00 PM EST","1/7/2018 8:34:31 AM EST","1/5/2018 4:34:09 PM EST","1/7/2018 8:34:32 AM EST","1/7/2018 8:34:31 AM EST","kbach252@gmail.com"
"Please DocuSign your Seacost insurance documents.-(561)558-3115 | 00716583 | LR","Completed","EMMANUAL RIVERA","Completed","1/5/2018 3:25:58 PM EST","1/5/2018 9:32:03 PM EST","1/5/2018 9:29:28 PM EST","1/5/2018 9:32:03 PM EST","1/5/2018 9:32:03 PM EST","erivera1234514@yahoo.com"
"NEw: Please DocuSign Statement of No Loss form(305)879-0226| 00636239 | AT","Completed","Ana Oyler","Completed","1/5/2018 2:35:02 PM EST","1/12/2018 4:15:19 PM EST","1/12/2018 4:14:34 PM EST","1/12/2018 4:15:19 PM EST","1/12/2018 4:15:19 PM EST","jaryselle3@gmail.com"
"Please DocuSign your UPCIC insurance documents.-(386)290-8096| 00716447 |LL","Completed","Kyle Deery","Completed","1/5/2018 2:19:20 PM EST","1/5/2018 5:20:33 PM EST","1/5/2018 5:18:30 PM EST","1/5/2018 6:39:20 PM EST","1/5/2018 5:20:33 PM EST","kylebdeery@gmail.com"
"Please DocuSign your UPCIC insurance documents.-(386)290-8096| 00716447 |LL","Completed","Thomas Deery","Completed","1/5/2018 2:19:20 PM EST","1/5/2018 6:39:20 PM EST","1/5/2018 5:16:07 PM EST","1/5/2018 6:39:20 PM EST","1/5/2018 6:39:20 PM EST","kylebdeery@gmail.com"
"Correct: Please DocuSign your UPCIC insurance documents.-(561)699-3003| 00716196 |AG","Completed","Tova Reznik","Completed","1/5/2018 12:42:43 PM EST","1/8/2018 9:38:22 AM EST","1/8/2018 9:36:56 AM EST","1/8/2018 9:38:22 AM EST","1/8/2018 9:38:22 AM EST","Tova.reznik@terracescc.com"
"Please DocuSign your new flood ASI insurance application.-(954)389-1314 | 00705292 | LR","Completed","Alana Dean","Completed","1/5/2018 12:29:58 PM EST","1/7/2018 1:02:13 AM EST","1/5/2018 2:46:54 PM EST","1/7/2018 1:02:14 AM EST","1/7/2018 1:02:13 AM EST","alanardh@gmail.com"
"Please DocuSign employee warning notice KC","Completed","Kerry Clinton","Completed","1/5/2018 12:01:37 PM EST","1/5/2018 12:01:46 PM EST","1/5/2018 12:01:43 PM EST","1/5/2018 12:07:12 PM EST","1/5/2018 12:01:46 PM EST","kerry.clinton@brightway.com"
"Please DocuSign employee warning notice KC","Completed","Damion Brown","Completed","1/5/2018 12:01:36 PM EST","1/5/2018 12:07:12 PM EST","1/5/2018 12:06:41 PM EST","1/5/2018 12:07:12 PM EST","1/5/2018 12:07:12 PM EST","damion.brown@brightway.com"
"Please DocuSign Employee warning notice. KC","Completed","Kerry Clinton","Completed","1/5/2018 11:59:38 AM EST","1/5/2018 11:59:47 AM EST","1/5/2018 11:59:43 AM EST","1/5/2018 12:04:07 PM EST","1/5/2018 11:59:47 AM EST","kerry.clinton@brightway.com"
"Please DocuSign Employee warning notice. KC","Completed","Manny Clinton","Completed","1/5/2018 11:59:38 AM EST","1/5/2018 12:04:07 PM EST","1/5/2018 12:03:21 PM EST","1/5/2018 12:04:07 PM EST","1/5/2018 12:04:07 PM EST","manny.clinton@brightway.com"
"Please Docusign your Employee Warning Notice KC","Completed","Kerry Clinton","Completed","1/5/2018 11:54:52 AM EST","1/5/2018 11:55:04 AM EST","1/5/2018 11:54:59 AM EST","1/5/2018 12:01:01 PM EST","1/5/2018 11:55:04 AM EST","kerry.clinton@brightway.com"
"Please Docusign your Employee Warning Notice KC","Completed","Caseus Collman","Completed","1/5/2018 11:54:52 AM EST","1/5/2018 12:01:01 PM EST","1/5/2018 12:00:48 PM EST","1/5/2018 12:01:01 PM EST","1/5/2018 12:01:01 PM EST","caseus.collman@brightway.com"
"Please DocuSign your Bass insurance documents.-(646)633-8904| 00714306 |SR MClinton","Voided","James Bonnett","Sent","1/5/2018 11:22:37 AM EST","","","1/13/2018 12:37:02 AM EST","","Ka2zsajames8@yahoo.com"
"Please DocuSign No Loss Statement.(954)328-1907| 00390662 | PR","Voided","Rosollino Passalacqua","Sent","1/5/2018 10:48:12 AM EST","","","1/13/2018 12:36:18 AM EST","","santaparla@yahoo.com"
"Please DocuSign your UPCIC insurance documents.-(954)531-4435| 00713916 | LR","Voided","Leroy Barrett","Delivered","1/5/2018 10:03:35 AM EST","","1/6/2018 10:30:36 PM EST","1/13/2018 12:37:13 AM EST","","lillianwoodall@ymail.com"
"Please DocuSign your UPCIC insurance documents.-(954)531-4435| 00713916 | LR","Voided","Mae J Barrett","Sent","1/5/2018 10:03:35 AM EST","","","1/13/2018 12:37:13 AM EST","","lillianwoodall@ymail.com"
"Please DocuSign this document: BVH-0000887 Inspection Letter.phn#(786)344-3067acc#00674685  LR","Voided","Reginald Jones","Sent","1/5/2018 9:58:05 AM EST","","","1/13/2018 12:36:19 AM EST","","regijones1@gmail.com"
"Please DocuSign Cancellation request form.-(561)901-0156| 00322652  |MO","Voided","Elizabeth Broadard","Sent","1/5/2018 9:56:33 AM EST","","","1/13/2018 12:36:57 AM EST","","broadard@att.net"
"Please DocuSign your UPC insurance documents.-(561)254-8693| 00179069 |LR","Voided","Aleen Rosenheim","Sent","1/5/2018 9:47:07 AM EST","","","1/13/2018 12:36:37 AM EST","","rosenheima@gmail.com"
"Please DocuSign your Tower Hill insurance documents.-(347)724-3778 | 00713871 |LR","Voided","Donnett Ferguson","Sent","1/5/2018 9:42:00 AM EST","","","1/13/2018 12:37:14 AM EST","","jpatfave@yahoo.com"
"Please DocuSign your Tower Hill insurance documents.-(347)724-3778 | 00713871 |LR","Voided","Oscar Ferguson","Sent","1/5/2018 9:42:00 AM EST","","","1/13/2018 12:37:14 AM EST","","jpatfave@yahoo.com"
"Please DocuSign your UPCIC insurance documents.-(786)514-2390| 00711609 |LR","Voided","JOSEPH H DESIR","Sent","1/5/2018 9:39:24 AM EST","","","1/13/2018 12:36:26 AM EST","","josephdesir01@yahoo.com"
"Please DocuSign your UPCIC insurance documents.-(786)514-2390| 00711609 |LR","Voided","MARIA DESIR","Sent","1/5/2018 9:39:24 AM EST","","","1/13/2018 12:36:26 AM EST","","josephdesir01@yahoo.com"
"Please DocuSign: KLH-0002433 Inspection Letter.phn#(786)806-6589acc#00563940  LR","Voided","Anthony Martin","Sent","1/5/2018 9:37:27 AM EST","","","1/13/2018 12:36:41 AM EST","","11martin27webb12foundation@gmail.com"
"Please DocuSign you Geovera insurance documents.-(772)233-3528| 00716419 | SR","Completed","Chase Zobec","Completed","1/5/2018 8:56:14 AM EST","1/5/2018 2:12:57 PM EST","1/5/2018 11:52:01 AM EST","1/5/2018 2:12:58 PM EST","1/5/2018 2:12:57 PM EST","banksllunit@yahoo.com"
"Please DocuSign: FLH-0007146  Inspection Letter.(239)440-3104 | 00705028 LR","Voided","Jeanne Saint Louis","Sent","1/4/2018 5:01:23 PM EST","","","1/12/2018 12:35:03 AM EST","","jeannelouis001@yahoo.com"
"Please DocuSign: CLH-0007299 Inspection Letter.-(305)763-1336| 00699217 LR","Completed","Angela I. Garcia","Completed","1/4/2018 4:51:23 PM EST","1/5/2018 12:30:50 AM EST","1/5/2018 12:30:20 AM EST","1/5/2018 12:30:51 AM EST","1/5/2018 12:30:50 AM EST","garcia.angela17@yahoo.com"
"Please DocuSign Cancellation request form.-706)614-1931 | 00619912 MO","Sent","Angie Polly","Sent","1/4/2018 4:44:03 PM EST","","","","","TIPTOP.ROOFING@YAHOO.COM"
"Please DocuSign Cancellation request form.-706)614-1931 | 00619912 MO","Sent","Donnie Polly","Sent","1/4/2018 4:44:03 PM EST","","","","","TIPTOP.ROOFING@YAHOO.COM"
"Please DocuSign yourUPCIC insurance documents.-(954)471-4921| 00716383 | AG","Completed","Yoselin A Kawas","Completed","1/4/2018 4:43:41 PM EST","1/6/2018 10:33:00 AM EST","1/4/2018 6:16:55 PM EST","1/6/2018 10:38:18 AM EST","1/6/2018 10:33:00 AM EST","yosekawas@gmail.com"
"Please DocuSign yourUPCIC insurance documents.-(954)471-4921| 00716383 | AG","Completed","Yajaira Kawas","Completed","1/4/2018 4:43:42 PM EST","1/6/2018 10:38:18 AM EST","1/6/2018 10:35:43 AM EST","1/6/2018 10:38:18 AM EST","1/6/2018 10:38:18 AM EST","yosekawas@gmail.com"
"Please DocuSign your AllRisk insurance documents.-(352)472-5718| 00600794 | LR","Voided","Carolyn Mitchell","Sent","1/4/2018 4:28:00 PM EST","","","1/5/2018 3:15:06 PM EST","","dixiemach@att.net"
"Please DocuSign NAMED EXCLUDED DRIVER ELECTION form(561)271-4622 | 00114255 | MCabrera","Completed","Donald Weinberg","Completed","1/4/2018 4:20:56 PM EST","1/9/2018 4:28:02 PM EST","1/5/2018 2:26:43 AM EST","1/9/2018 4:28:02 PM EST","1/9/2018 4:28:02 PM EST","Donald@crjewelers.com"
"Please DocuSign your AllRisk insurance documents.-(407)921-0855| 00572822 |SR MO","Voided","Julio Vasquez","Sent","1/4/2018 4:14:56 PM EST","","","1/12/2018 12:34:54 AM EST","","Vasquez.julio862@gmail.com"
"Please DocuSign your Allrisk insurance documents.-(305)216-1276| 00270914 |SR","Completed","Mack Wiggins","Completed","1/4/2018 3:41:48 PM EST","1/8/2018 11:05:08 AM EST","1/5/2018 9:49:43 AM EST","1/8/2018 11:05:08 AM EST","1/8/2018 11:05:08 AM EST","mtwiggins3@yahoo.com"
"Please DocuSign this policy change request.-(561)373-3321 | 00510088  KC","Completed","Mary Louise Stoney","Completed","1/4/2018 3:20:09 PM EST","1/4/2018 3:25:47 PM EST","1/4/2018 3:24:51 PM EST","1/4/2018 3:25:47 PM EST","1/4/2018 3:25:47 PM EST","louise.stoney@gmail.com"
"Please DocuSign your Geovera insurance documents.-(801)430-0699| 00716340 | SR","Completed","Steven Harris","Completed","1/4/2018 2:47:04 PM EST","1/5/2018 7:53:50 AM EST","1/5/2018 7:18:00 AM EST","1/5/2018 7:53:50 AM EST","1/5/2018 7:53:50 AM EST","whleddie@outlook.com"
"Please DocuSign this policy change request.-(954)328-3455| 00715853 KC","Voided","Rochelle Mitchell","Sent","1/4/2018 2:37:18 PM EST","","","1/4/2018 2:40:58 PM EST","","i_shell8@hotmail.com"
"Please DocuSign this agent of record form.-pc00638198#ph#561-707-5643 LL DB","Completed","Gerardo Fernandez","Completed","1/4/2018 2:30:54 PM EST","1/4/2018 3:05:42 PM EST","1/4/2018 3:04:01 PM EST","1/4/2018 3:05:42 PM EST","1/4/2018 3:05:42 PM EST","Gerardo72cuba@aol.com"
"Please DocuSign your UPCIC insurances documents.-(407)810-5297 | 00716324 | AG","Completed","Quaolan Shen","Completed","1/4/2018 2:14:49 PM EST","1/4/2018 11:54:06 PM EST","1/4/2018 11:52:55 PM EST","1/9/2018 3:10:38 PM EST","1/4/2018 11:54:06 PM EST","josephgpac@gmail.com"
"Please DocuSign your UPCIC insurances documents.-(407)810-5297 | 00716324 | AG","Completed","Joseph Pac","Completed","1/4/2018 2:14:49 PM EST","1/9/2018 3:10:37 PM EST","1/9/2018 3:09:00 PM EST","1/9/2018 3:10:38 PM EST","1/9/2018 3:10:37 PM EST","josephgpac@gmail.com"
"Please DocuSign your Bass insurance documents.-phn#813-340-7524pc#AGP1224026 SR","Completed","Carlos Velasco","Completed","1/4/2018 1:47:16 PM EST","1/4/2018 3:41:21 PM EST","1/4/2018 3:33:56 PM EST","1/4/2018 3:41:22 PM EST","1/4/2018 3:41:21 PM EST","cvelasco2010@gmail.com"
"Please DocuSign Cancellation request form.-.-phn#603455-3576 | 00715749 | MO","Completed","Janet Hanson","Completed","1/4/2018 1:06:50 PM EST","1/4/2018 1:51:19 PM EST","1/4/2018 1:50:44 PM EST","1/4/2018 1:52:15 PM EST","1/4/2018 1:51:19 PM EST","benfranklin3812@hotmail.com"
"Please DocuSign Cancellation request form.-.-phn#603455-3576 | 00715749 | MO","Completed","Linda Hanson","Completed","1/4/2018 1:06:50 PM EST","1/4/2018 1:52:15 PM EST","1/4/2018 1:47:14 PM EST","1/4/2018 1:52:15 PM EST","1/4/2018 1:52:15 PM EST","benfranklin3812@hotmail.com"
"Please DocuSign your AllRisk insurance documents.-(954)204-7273| 00457421 |SR MO","Completed","Magna Rojas","Completed","1/4/2018 11:56:17 AM EST","1/5/2018 3:31:57 PM EST","1/5/2018 3:27:39 PM EST","1/5/2018 3:31:57 PM EST","1/5/2018 3:31:57 PM EST","rojas15@aol.com"
"NEW: Please DocuSign this policy change request.--(305)989-2087| 00710273 |LL DB","Completed","Allan Robin Suarez","Completed","1/4/2018 10:03:03 AM EST","1/4/2018 10:03:49 AM EST","1/4/2018 10:03:35 AM EST","1/4/2018 10:03:49 AM EST","1/4/2018 10:03:49 AM EST","allan.suarez82@gmail.com"
"Please DocuSign your Bass insurance documents.-pc#AGP1220006phn#813-340-5476 SR","Completed","Watson Ragin","Completed","1/4/2018 9:22:26 AM EST","1/5/2018 4:56:05 PM EST","1/4/2018 4:12:31 PM EST","1/5/2018 4:56:06 PM EST","1/5/2018 4:56:05 PM EST","Watson.ragin@gmail.com"
"Please DocuSign Cancellation request form.-(863)697-6198| 00706005 MO","Completed","Travis Vonderau","Completed","1/4/2018 9:16:53 AM EST","1/8/2018 6:16:58 PM EST","1/8/2018 6:16:38 PM EST","1/8/2018 6:18:09 PM EST","1/8/2018 6:16:58 PM EST","Vannaokchb8@hotmail.com"
"Please DocuSign Cancellation request form.-(863)697-6198| 00706005 MO","Completed","Vanna Vonderau","Completed","1/4/2018 9:16:53 AM EST","1/8/2018 6:18:08 PM EST","1/8/2018 6:17:49 PM EST","1/8/2018 6:18:09 PM EST","1/8/2018 6:18:08 PM EST","Vannaokchb8@hotmail.com"
"Please DocuSign your Bass insurance documents.-(561)302-5128| 00711943 |SR","Voided","Hayes Henson","Delivered","1/4/2018 9:15:11 AM EST","","1/5/2018 10:10:32 AM EST","1/12/2018 12:36:41 AM EST","","hayesh9@yahoo.com"
"Please DocuSign: CLH-0006821 Inspection Letter.| 00699498 | (561)542-2866 LR","Voided","Mora Newman","Sent","1/4/2018 9:08:25 AM EST","","","1/12/2018 12:36:13 AM EST","","newmanmora@aol.com"
"Please DocuSign your UPCIC insurance documents.-(850)207-9146| 00713329 |MO LR","Voided","Charles Bonifay","Sent","1/4/2018 8:57:56 AM EST","","","1/12/2018 12:37:18 AM EST","","fergiexoxo11@gmail.com"
"Please DocuSign your UPCIC insurance documents.-(850)207-9146| 00713329 |MO LR","Voided","Mary Bonifay","Completed","1/4/2018 8:57:57 AM EST","1/6/2018 10:06:30 PM EST","1/6/2018 9:59:40 PM EST","1/12/2018 12:37:18 AM EST","1/6/2018 10:06:30 PM EST","fergiexoxo11@gmail.com"
"Please DocuSign Cancellation request form.-(321)961-9496| 00683575 | MO","Completed","Margaret Acra","Completed","1/4/2018 8:33:39 AM EST","1/4/2018 9:09:43 AM EST","1/4/2018 9:08:46 AM EST","1/4/2018 9:09:43 AM EST","1/4/2018 9:09:43 AM EST","margaretacra@yahoo.com"
"Please DocuSign your AllRisk insurance documents.-(561)398-6330| 00235213 |KC","Completed","Calenh Walsh","Completed","1/3/2018 5:00:43 PM EST","1/5/2018 1:50:10 PM EST","1/5/2018 1:40:56 PM EST","1/5/2018 1:50:10 PM EST","1/5/2018 1:50:10 PM EST","Walsh220@hotmail.com"
"Please DocuSign your AllRisk & Geovera insurance documents.-(305)253-4288| 00426037 | MO KC","Voided","Errol Campbell","Delivered","1/3/2018 4:36:04 PM EST","","1/10/2018 11:50:39 AM EST","1/10/2018 12:20:05 PM EST","","Tonypuff@att.net"
"Please DocuSign: FLH-0007197 Inspection Letter (786)868-7550| 00708760 |SR","Completed","THOMAS ALLEN","Completed","1/3/2018 4:10:41 PM EST","1/3/2018 5:28:31 PM EST","1/3/2018 5:27:08 PM EST","1/3/2018 5:28:32 PM EST","1/3/2018 5:28:31 PM EST","acookyes@yahoo.com"
"Please DocuSign: FLH-0007139 Inspection Letter.(305)790-4492| 00707726 | LR","Completed","Maxy Pierre","Completed","1/3/2018 3:47:42 PM EST","1/4/2018 6:03:41 PM EST","1/3/2018 4:20:12 PM EST","1/4/2018 6:03:42 PM EST","1/4/2018 6:03:41 PM EST","maxypierremp@gmail.com"
"Please DocuSign Cancellation request form.--(954)328-3455| 00715853 | MO","Completed","Rochelle Mitchell","Completed","1/3/2018 3:43:32 PM EST","1/3/2018 8:46:45 PM EST","1/3/2018 4:18:08 PM EST","1/3/2018 8:46:46 PM EST","1/3/2018 8:46:45 PM EST","i_shell8@hotmail.com"
"Updated: Please DocuSign your Allrisk insurance documents.-(954)673-6163| 00712074 |SR","Completed","NANCY SERRANO","Completed","1/3/2018 3:19:18 PM EST","1/3/2018 4:16:27 PM EST","1/3/2018 4:15:01 PM EST","1/3/2018 4:16:27 PM EST","1/3/2018 4:16:27 PM EST","nancyserrano@bellsouth.net"
"Please DocuSign Cancellation request form.-(561)225-1557| 00385665 | MO","Completed","ROGER Kinney","Completed","1/3/2018 3:07:12 PM EST","1/3/2018 6:08:23 PM EST","1/3/2018 6:06:55 PM EST","1/3/2018 6:10:17 PM EST","1/3/2018 6:08:23 PM EST","akinney235@att.net"
"Please DocuSign Cancellation request form.-(561)225-1557| 00385665 | MO","Completed","Anna  Kinney","Completed","1/3/2018 3:07:12 PM EST","1/3/2018 6:10:16 PM EST","1/3/2018 6:09:11 PM EST","1/3/2018 6:10:17 PM EST","1/3/2018 6:10:16 PM EST","akinney235@att.net"
"Please DocuSign your UPCIC insurance documents.-(772)999-2145 | 00716001 | AG","Voided","LISA WALKER","Sent","1/3/2018 2:58:21 PM EST","","","1/9/2018 10:10:44 AM EST","","lisawalker0251@gmail.com"
"Please DocuSign your UPCIC insurance documents.-(772)999-2145 | 00716001 | AG","Voided","JOHN A WALKER","Sent","1/3/2018 2:58:21 PM EST","","","1/9/2018 10:10:44 AM EST","","lisawalker0251@gmail.com"
"Please DocuSign your AllRisk and ASI insurance documents.-phn#754-422-9657qt#3238033 SR SP","Completed","Elizabeth Hart","Completed","1/3/2018 1:53:09 PM EST","1/3/2018 1:56:23 PM EST","1/3/2018 1:54:12 PM EST","1/3/2018 1:56:23 PM EST","1/3/2018 1:56:23 PM EST","ehart33026@yahoo.com"
"Please DocuSign your UPCIC insurance documents.-(905)399-1392 | 00715095 | AG","Completed","Dany Labonte","Completed","1/3/2018 1:21:01 PM EST","1/4/2018 3:00:47 PM EST","1/4/2018 3:00:15 PM EST","1/4/2018 3:03:31 PM EST","1/4/2018 3:00:47 PM EST","jeff57us@gmail.com"
"Please DocuSign your UPCIC insurance documents.-(905)399-1392 | 00715095 | AG","Completed","Jeff Maddox","Completed","1/3/2018 1:21:00 PM EST","1/4/2018 3:03:31 PM EST","1/3/2018 3:01:03 PM EST","1/4/2018 3:03:31 PM EST","1/4/2018 3:03:31 PM EST","jeff57us@gmail.com"
"corrected: Please DocuSign your UPCIC insurance documents.-(863)660-9613 | 00715764 |AG","Completed","Kolby J Nance","Completed","1/3/2018 1:10:34 PM EST","1/7/2018 5:13:49 PM EST","1/5/2018 8:59:44 AM EST","1/8/2018 10:21:53 AM EST","1/7/2018 5:13:49 PM EST","kolbyjnance@gmail.com"
"corrected: Please DocuSign your UPCIC insurance documents.-(863)660-9613 | 00715764 |AG","Completed","Megan R Nance","Completed","1/3/2018 1:10:35 PM EST","1/8/2018 10:21:53 AM EST","1/7/2018 5:09:45 PM EST","1/8/2018 10:21:53 AM EST","1/8/2018 10:21:53 AM EST","kolbyjnance@gmail.com"
"Please DocuSign your AllRisk insurance documents.-(954)448-2178| 00715857 |MO KC","Completed","Curtis Riley","Completed","1/3/2018 12:48:36 PM EST","1/8/2018 10:49:26 AM EST","1/8/2018 10:46:47 AM EST","1/10/2018 12:30:59 PM EST","1/8/2018 10:49:26 AM EST","panther1250@gmail.com"
"Please DocuSign your AllRisk insurance documents.-(954)448-2178| 00715857 |MO KC","Completed","Wanda Riley","Completed","1/3/2018 12:48:36 PM EST","1/10/2018 12:30:59 PM EST","1/10/2018 12:30:02 PM EST","1/10/2018 12:30:59 PM EST","1/10/2018 12:30:59 PM EST","panther1250@gmail.com"
"Please DocuSign your new ASI insurance application.-(305)972-4900 | 00659014 | LR MO","Completed","Ines Santana","Completed","1/3/2018 12:34:37 PM EST","1/3/2018 1:12:38 PM EST","1/3/2018 1:05:30 PM EST","1/3/2018 1:12:39 PM EST","1/3/2018 1:12:38 PM EST","s.mulata@yahoo.com"
"Please DocuSign your Peolple's Trust insurance documents.-(561)306-2606| 00709412 | SB","Completed","Jason Moan","Completed","1/3/2018 12:05:56 PM EST","1/3/2018 12:29:40 PM EST","1/3/2018 12:29:16 PM EST","1/3/2018 12:29:40 PM EST","1/3/2018 12:29:40 PM EST","jasonmoan@gmail.com"
"Please DocuSign your ICAT insurance documents.-(954)328-3455| 00715853 | KC","Completed","Rochelle Mitchell","Completed","1/3/2018 10:27:26 AM EST","1/3/2018 10:54:15 AM EST","1/3/2018 10:51:50 AM EST","1/3/2018 10:54:15 AM EST","1/3/2018 10:54:15 AM EST","i_shell8@hotmail.com"
"Please DocuSign your allrisk insurance documents.-(347)282-4168| 00715884 |  SR","Voided","Mara Cordal","Sent","1/3/2018 10:19:06 AM EST","","","1/11/2018 12:38:35 AM EST","","cordalmarar@gmail.com"
"Please DocuSign your Aspen insurance documents.-(305)510-7355 | 00715905 | SR","Completed","Cristina T. Alvarez","Completed","1/3/2018 10:15:51 AM EST","1/5/2018 12:48:29 PM EST","1/5/2018 12:42:03 PM EST","1/5/2018 12:48:29 PM EST","1/5/2018 12:48:29 PM EST","cristyalvarez@aol.com"
"Please DocuSign Cancellation request form.-(832)730-2854| 00427635 | KG","Completed","KRISTIAN CARLSON","Completed","1/3/2018 10:00:47 AM EST","1/3/2018 10:36:04 AM EST","1/3/2018 10:35:47 AM EST","1/3/2018 10:36:05 AM EST","1/3/2018 10:36:04 AM EST","kcarlson@lcgdiscovery.com"
"Please DocuSign your AllRisk insurance documents.-(727)224-7972| 00715847 | LR","Completed","Michael Hudgins","Completed","1/2/2018 5:01:33 PM EST","1/3/2018 7:50:19 AM EST","1/2/2018 6:28:30 PM EST","1/3/2018 7:50:19 AM EST","1/3/2018 7:50:19 AM EST","mike.hudgins@aol.com"
"Corrected: Please DocuSign your Wind Mitigation inspection(561)373-3321 | 00510088 | PR","Completed","Mary Louise Stoney","Completed","1/2/2018 4:55:39 PM EST","1/3/2018 11:25:22 AM EST","1/2/2018 5:14:06 PM EST","1/3/2018 11:25:22 AM EST","1/3/2018 11:25:22 AM EST","louise.stoney@gmail.com"
"Please DocuSign your Wind Mitigation inspection.(954)560-9598| 00701838 |SB","Completed","Jundel Abel","Completed","1/2/2018 4:47:05 PM EST","1/2/2018 6:04:13 PM EST","1/2/2018 5:50:25 PM EST","1/2/2018 6:04:13 PM EST","1/2/2018 6:04:13 PM EST","AJABEL78@GMAIL.COM"
"Please DocuSign your UPC insurance documents.-(954)296-0049 | 00715768 |KC","Completed","Anthony Williams","Completed","1/2/2018 4:42:57 PM EST","1/2/2018 5:44:55 PM EST","1/2/2018 5:33:43 PM EST","1/2/2018 5:51:51 PM EST","1/2/2018 5:44:55 PM EST","walkertl3@hotmail.com"
"Please DocuSign your UPC insurance documents.-(954)296-0049 | 00715768 |KC","Completed","Tenesha Williams","Completed","1/2/2018 4:42:57 PM EST","1/2/2018 5:51:51 PM EST","1/2/2018 5:45:26 PM EST","1/2/2018 5:51:51 PM EST","1/2/2018 5:51:51 PM EST","walkertl3@hotmail.com"
"New: Please DocuSign this policy change request.-(281)851-8774 | 00555440 |SR","Completed","Ed Hamala","Completed","1/2/2018 4:06:16 PM EST","1/2/2018 4:12:24 PM EST","1/2/2018 4:11:53 PM EST","1/2/2018 4:12:24 PM EST","1/2/2018 4:12:24 PM EST","ewh579@gmail.com"
"Please DocuSign your UPCIC insurance documents.-(786)355-9165| 00715785 |","Completed","Mona Remilien","Completed","1/2/2018 3:58:13 PM EST","1/3/2018 11:55:22 AM EST","1/3/2018 9:08:37 AM EST","1/3/2018 11:55:22 AM EST","1/3/2018 11:55:22 AM EST","mremilien@aol.com"
"Please DocuSign your ASI insurance documents.-(407)496-0751 | 00513677 | MO AG","Completed","Salma Kausar","Completed","1/2/2018 3:38:04 PM EST","1/2/2018 4:04:08 PM EST","1/2/2018 3:59:48 PM EST","1/2/2018 4:05:25 PM EST","1/2/2018 4:04:08 PM EST","salmakausar786@yahoo.com"
"Please DocuSign your ASI insurance documents.-(407)496-0751 | 00513677 | MO AG","Completed","Nasir Iqbal","Completed","1/2/2018 3:38:04 PM EST","1/2/2018 4:05:25 PM EST","1/2/2018 4:01:46 PM EST","1/2/2018 4:05:25 PM EST","1/2/2018 4:05:25 PM EST","salmakausar786@yahoo.com"
"Please DocuSign your florida Specialty insurance documents.-(631)764-1316| 00582290 | LR","Completed","Lawrence Burke","Completed","1/2/2018 3:19:31 PM EST","1/2/2018 7:13:58 PM EST","1/2/2018 7:08:08 PM EST","1/2/2018 7:22:27 PM EST","1/2/2018 7:13:58 PM EST","adayofgolf@aol.com"
"Please DocuSign your florida Specialty insurance documents.-(631)764-1316| 00582290 | LR","Completed","Karen Becker","Completed","1/2/2018 3:19:31 PM EST","1/2/2018 7:22:26 PM EST","1/2/2018 7:21:34 PM EST","1/2/2018 7:22:27 PM EST","1/2/2018 7:22:26 PM EST","adayofgolf@aol.com"
"Please DocuSign your Progressive insurance documents.-(561)271-2677| 00715775 |  MClinton","Voided","LAURA WHITE","Sent","1/2/2018 2:31:16 PM EST","","","1/10/2018 12:26:49 AM EST","","laurawonluv2@aol.com"
"Please DocuSign your UPC insurance documents.-(516)477-7242 | 00714678 | LR","Completed","Salvatore Valentinetti","Completed","1/2/2018 1:55:05 PM EST","1/2/2018 2:19:57 PM EST","1/2/2018 2:18:18 PM EST","1/2/2018 2:19:58 PM EST","1/2/2018 2:19:57 PM EST","ana@uniqueelementsrealty.com"
"Please DocuSign your UPCIC insurance documents.-(386)792-3784| 00714520 | LR","Completed","Matthew Armstead","Completed","1/2/2018 1:50:20 PM EST","1/3/2018 10:34:46 AM EST","1/3/2018 10:31:13 AM EST","1/3/2018 10:36:57 AM EST","1/3/2018 10:34:46 AM EST","MattArmstead58@yahoo.com"
"Please DocuSign your UPCIC insurance documents.-(386)792-3784| 00714520 | LR","Completed","Frances Armstead","Completed","1/2/2018 1:50:20 PM EST","1/3/2018 10:36:57 AM EST","1/3/2018 10:35:44 AM EST","1/3/2018 10:36:57 AM EST","1/3/2018 10:36:57 AM EST","MattArmstead58@yahoo.com"
"Please DocuSign your new flood wright insurance application.-(305)793-9867 | 00714249 |LR","Voided","WALLY PROENZA","Delivered","1/2/2018 1:05:18 PM EST","","1/2/2018 1:06:00 PM EST","1/10/2018 12:27:35 AM EST","","wproenzaa@gmail.com"
"Please DocuSign your Tower Hill insurance documents.-(561)644-8640| 00547214 |LR","Voided","Elizabeth Bennett","Sent","1/2/2018 1:04:34 PM EST","","","1/10/2018 12:28:01 AM EST","","dreamdesign@comcast.net"
"Please DocuSign your UPC insurance documents.| 00708636 |ph#321-799-2953 LR MO","Voided","Susan Pelakh","Sent","1/2/2018 1:02:58 PM EST","","","1/10/2018 12:29:09 AM EST","","pelakh@yahoo.com"
"Please DocuSign your UPC insurance documents.| 00708636 |ph#321-799-2953 LR MO","Voided","Boris Pelakh","Sent","1/2/2018 1:02:58 PM EST","","","1/10/2018 12:29:09 AM EST","","pelakh@yahoo.com"
"Corrected: Please DocuSign your UPC insurance documents.-phn#561-307-4300| 00715767 | AG","Voided","Clarence D Williams","Sent","1/2/2018 12:58:39 PM EST","","","1/10/2018 12:27:04 AM EST","","dwilliamsc@hotmail.com"
"Please DocuSign your UPC insurance documents.-phn#603455-3576pc#UHF1652818 LL","Completed","Janet Hanson","Completed","1/2/2018 12:50:28 PM EST","1/2/2018 4:55:52 PM EST","1/2/2018 4:41:32 PM EST","1/2/2018 4:58:46 PM EST","1/2/2018 4:55:52 PM EST","benfranklin3812@hotmail.com"
"Please DocuSign your UPC insurance documents.-phn#603455-3576pc#UHF1652818 LL","Completed","Linda Hanson","Completed","1/2/2018 12:50:28 PM EST","1/2/2018 4:58:46 PM EST","1/2/2018 4:57:53 PM EST","1/2/2018 4:58:46 PM EST","1/2/2018 4:58:46 PM EST","benfranklin3812@hotmail.com"
"Please DocuSign your AlRisk insurance documents.-(631)728-5530 | 00709183 |KDurham","Completed","KATHLEEN DESANTI","Completed","1/2/2018 11:53:40 AM EST","1/2/2018 1:42:53 PM EST","1/2/2018 1:40:42 PM EST","1/2/2018 1:42:54 PM EST","1/2/2018 1:42:53 PM EST","K728ASEY@AOL.COM"
"Please DocuSign your one time eCheck ACH payment authorization-(443)632-8282| 00521618 | KC","Voided","Linda Ruth","Sent","1/2/2018 11:22:07 AM EST","","","1/3/2018 9:08:43 AM EST","","lindaaruth47@comcast.net"
"Please DocuSign your UPCIC insurance documents.-(786)556-2627| 00711396 | SB","Completed","Judith M Prophete","Completed","1/2/2018 9:32:09 AM EST","1/3/2018 12:52:36 PM EST","1/2/2018 10:54:09 AM EST","1/3/2018 12:53:32 PM EST","1/3/2018 12:52:36 PM EST","jprophete@gmail.com"
"Please DocuSign your UPCIC insurance documents.-(786)556-2627| 00711396 | SB","Completed","Esther Prophete","Completed","1/2/2018 9:32:10 AM EST","1/3/2018 12:53:32 PM EST","1/3/2018 12:53:10 PM EST","1/3/2018 12:53:32 PM EST","1/3/2018 12:53:32 PM EST","jprophete@gmail.com"