"Subject","Status","Recipient Name","Action","Sent On","Completed On","View Date","Status Changed Date","Sign Date","Recipient Email"
"Please DocuSign Cancellation request form.-(787)341-2585| 00743995 | LP","Completed","Roseina Merced","Completed","9/18/2018 9:34:12 AM EDT","9/18/2018 9:43:31 AM EDT","9/18/2018 9:42:22 AM EDT","9/18/2018 9:43:31 AM EDT","9/18/2018 9:43:31 AM EDT","Midoris2@hotmail.com"
"Please DocuSign Statement of No Loss form.-(954)629-9365 | 00763540 |  AJ","Completed","Veronica Alejandra Navarro","Completed","9/14/2018 1:08:30 PM EDT","9/17/2018 12:53:22 PM EDT","9/15/2018 8:51:00 AM EDT","9/17/2018 12:53:22 PM EDT","9/17/2018 12:53:22 PM EDT","alenavarro@mac.com"
"Please DocuSign Skipjack Premium Finance form.-(305)720-1105| 00693373 | AJ","Voided","Izquierdo, Caridad","Delivered","9/14/2018 12:23:08 PM EDT","","9/14/2018 1:20:44 PM EDT","9/14/2018 2:33:30 PM EDT","","Izquier7@gmail.com"
"Please DocuSign this policy change request.-(904)392-4403| 00511676 | VO","Sent","Cinda H Brook","Sent","9/13/2018 5:01:31 PM EDT","","","","","cindabrook2@gmail.com"
"Please DocuSign this policy change request.-(305)857-8057| 00604917 | VO","Completed","Steffen Glawe","Completed","9/13/2018 1:36:44 PM EDT","9/13/2018 1:43:45 PM EDT","9/13/2018 1:42:08 PM EDT","9/13/2018 1:43:45 PM EDT","9/13/2018 1:43:45 PM EDT","highspeedy@gmx.de"
"Please DocuSign your new  ASI flood insurance application.-(917)945-2432 | 00504649 | LP","Completed","JOSE FERNANDES","Completed","9/12/2018 4:25:51 PM EDT","9/12/2018 5:00:35 PM EDT","9/12/2018 4:52:07 PM EDT","9/12/2018 5:00:35 PM EDT","9/12/2018 5:00:35 PM EDT","joseruinyc@aol.com"
"Please DocuSign Cancellation request form.-(954)316-8164| 00770892 | LR","Completed","Yvonne V. King","Completed","9/12/2018 11:18:23 AM EDT","9/12/2018 11:22:53 AM EDT","9/12/2018 11:21:25 AM EDT","9/12/2018 11:22:53 AM EDT","9/12/2018 11:22:53 AM EDT","yvonnek114@bellsouth.net"
"Please DocuSign your Peoples Trust insurance documents.-(305)542-9612| 00676057 |  LR","Completed","ELENA DE ROSSI","Completed","9/7/2018 3:41:27 PM EDT","9/9/2018 7:45:42 AM EDT","9/9/2018 7:45:20 AM EDT","9/9/2018 7:46:26 AM EDT","9/9/2018 7:45:42 AM EDT","elederossi@hotmail.com"
"Please DocuSign your Peoples Trust insurance documents.-(305)542-9612| 00676057 |  LR","Completed","ANDRES A ROSA FRANCISCO","Completed","9/7/2018 3:41:27 PM EDT","9/9/2018 7:46:26 AM EDT","9/9/2018 7:46:03 AM EDT","9/9/2018 7:46:26 AM EDT","9/9/2018 7:46:26 AM EDT","elederossi@hotmail.com"
"Please DocuSign Skipjack Premium Finance form.-(201)658-9333 | 00615911 | KC","Completed","GIR Property, LLC","Completed","9/6/2018 2:21:39 PM EDT","9/6/2018 4:13:20 PM EDT","9/6/2018 4:12:23 PM EDT","9/6/2018 4:13:20 PM EDT","9/6/2018 4:13:20 PM EDT","jcg9998@gmail.com"
"Please DocuSign Cancellation request form.-(561)360-7492| 00693764 | VO","Voided","Chrejeneve T Laurent","Sent","9/5/2018 1:50:44 PM EDT","","","9/13/2018 12:38:51 AM EDT","","ctlaurentt@gmail.com"
"Please DocuSign Statement of No Loss form.-(727)856-2718 | 00613480 | AT KC","Completed","Gentilini, Patty","Completed","9/4/2018 2:03:10 PM EDT","9/5/2018 11:48:56 AM EDT","9/5/2018 11:47:54 AM EDT","9/5/2018 11:48:56 AM EDT","9/5/2018 11:48:56 AM EDT","cwp@deanpapaslaw.com"
"Please DocuSign this policy change request.-(405)990-4170| 00275795 | KC","Completed","Dethman, Susan","Completed","9/4/2018 12:09:43 PM EDT","9/4/2018 12:24:13 PM EDT","9/4/2018 12:23:06 PM EDT","9/4/2018 12:24:13 PM EDT","9/4/2018 12:24:13 PM EDT","cdrmom1@aol.com"