"Subject","Status","Recipient Name","Action","Sent On","Completed On","View Date","Status Changed Date","Sign Date","Recipient Email"
"Please DocuSign your UPCIC insurance documents.-(503)970-6291| 00554783 | AG","Sent","Deborah  Martin","Sent","7/2/2018 4:39:57 PM EDT","","","","","jmartinone@icloud.com"
"Please DocuSign your UPCIC insurance documents.-(503)970-6291| 00554783 | AG","Sent","Jeffrey  Martin","Sent","7/2/2018 4:39:57 PM EDT","","","","","jmartinone@icloud.com"
"Please DocuSign this agent of record form.-(845)226-6107| 00757928 | KC","Completed","Ann Pooler","Completed","7/2/2018 4:28:06 PM EDT","7/2/2018 4:34:15 PM EDT","7/2/2018 4:33:48 PM EDT","7/2/2018 4:34:15 PM EDT","7/2/2018 4:34:15 PM EDT","apooler@aol.com"
"Please DocuSign your Seacoast insurance documents.-(863)585-4211| 00754405 | LR","Delivered","GAVIRIA, MARINA","Delivered","7/2/2018 3:10:00 PM EDT","","7/2/2018 3:21:04 PM EDT","","","gavimar4@aol.com"
"Please DocuSign your Aspen insurance documents.- ph#: (617) 244-5554  SR LR","Delivered","Frances  Leib","Delivered","7/2/2018 3:09:16 PM EDT","","7/2/2018 4:28:56 PM EDT","","","pgprop@Aol.com"
"Please DocuSign your Allriks insurance documents.-(305)824-1242| 00758249 | LR BB","Sent","Pablo Soto","Sent","7/2/2018 2:52:54 PM EDT","","","","","pudgyws@hotmail.com"
"Please DocuSign your ALLRISKS insurance documents.-(561)574-6954 | 00629579 | LR BB","Completed","Tropical Garden Villas Inc.","Completed","7/2/2018 2:45:37 PM EDT","7/2/2018 3:02:17 PM EDT","7/2/2018 3:00:40 PM EDT","7/2/2018 3:02:17 PM EDT","7/2/2018 3:02:17 PM EDT","richardmc31@icloud.com"
"Please DocuSign your Allrisks insurance documents.-(305)444-5929| 00758154 | LR BB","Sent","Roger Breault","Sent","7/2/2018 2:35:39 PM EDT","","","","","cookiebreault@gmail.com"
"Please DocuSign your Progressive  insurance documents.-(727)326-5405| 00585117 | LU","Completed","William Termini","Completed","7/2/2018 2:21:54 PM EDT","7/2/2018 2:36:02 PM EDT","7/2/2018 2:33:30 PM EDT","7/2/2018 2:36:02 PM EDT","7/2/2018 2:36:02 PM EDT","TerminiRhonda@gmail.com"
"Please DocuSign your UPC insurance documents.-(863)816-5954 | 00758179 | LP","Completed","Kevin S Childers","Completed","7/2/2018 2:14:13 PM EDT","7/2/2018 3:31:16 PM EDT","7/2/2018 3:19:32 PM EDT","7/2/2018 3:33:10 PM EDT","7/2/2018 3:31:16 PM EDT","kchilders11@tampabay.rr.com"
"Please DocuSign your UPC insurance documents.-(863)816-5954 | 00758179 | LP","Completed","Jessica Childers","Completed","7/2/2018 2:14:13 PM EDT","7/2/2018 3:33:10 PM EDT","7/2/2018 3:32:31 PM EDT","7/2/2018 3:33:10 PM EDT","7/2/2018 3:33:10 PM EDT","kchilders11@tampabay.rr.com"
"Please DocuSign your American Integrity insurance documents.-(845)226-6107| 00757928 |LR","Completed","Ann Pooler","Completed","7/2/2018 1:04:59 PM EDT","7/2/2018 1:20:59 PM EDT","7/2/2018 1:19:37 PM EDT","7/2/2018 1:20:59 PM EDT","7/2/2018 1:20:59 PM EDT","apooler@aol.com"
"Please DocuSign your Bankers insurance documents.-(727)612-5644| 00757487 | LR","Sent","Dao, Tai","Sent","7/2/2018 12:59:00 PM EDT","","","","","lavandanails@yahoo.com"
"Please DocuSign this policy change request.- SR","Completed","Matthew D Mccullen","Completed","7/2/2018 12:52:09 PM EDT","7/2/2018 5:20:37 PM EDT","7/2/2018 5:20:18 PM EDT","7/2/2018 5:20:37 PM EDT","7/2/2018 5:20:37 PM EDT","MATTHEWMCMULLEN727@gmail.com"
"Please DocuSign your UPCIC insurance documents.-(954)608-1303| 00201966 | AG","Sent","DEBORAH  KNEBEL-SMOLKA","Sent","7/2/2018 12:21:41 PM EDT","","","","","debroah.smolka@irs.gov"
"Please DocuSign your UPCIC insurance documents.-(954)608-1303| 00201966 | AG","Sent","JAMES  KNEBEL","Sent","7/2/2018 12:21:42 PM EDT","","","","","debroah.smolka@irs.gov"
"Please DocuSign your UPCIC insurance documents.-(305)785-2458| 00758114 | AG","Completed","SHONDELLE  SOLOMON- MILES","Completed","7/2/2018 11:54:29 AM EDT","7/2/2018 12:26:30 PM EDT","7/2/2018 12:24:00 PM EDT","7/2/2018 12:29:55 PM EDT","7/2/2018 12:26:30 PM EDT","shondelle@crossfit954.com"
"Please DocuSign your UPCIC insurance documents.-(305)785-2458| 00758114 | AG","Completed","RONALD  MILES","Completed","7/2/2018 11:54:30 AM EDT","7/2/2018 12:29:55 PM EDT","7/2/2018 12:28:58 PM EDT","7/2/2018 12:29:55 PM EDT","7/2/2018 12:29:55 PM EDT","shondelle@crossfit954.com"
"Please DocuSign your Velocity insurance documents.-(305)409-1305| 00758105 | LP","Sent","Adi Gal","Sent","7/2/2018 11:45:58 AM EDT","","","","","adigalrealtor@gmail.com"
"NEW: Please DocuSign Statement of No Loss form.-(407)435-6925 | 00714306 | AG","Sent","James Bonnett","Sent","7/2/2018 11:37:16 AM EDT","","","","","Ka2zsajames8@yahoo.com"
"Please DocuSign your Velocity insurance documents.-(772)231-6057 | 00758100 | LP","Completed","Christopher Ruby","Completed","7/2/2018 10:58:35 AM EDT","7/2/2018 12:20:38 PM EDT","7/2/2018 12:18:51 PM EDT","7/2/2018 12:25:27 PM EDT","7/2/2018 12:20:38 PM EDT","tracy.ruby@att.net"
"Please DocuSign your Velocity insurance documents.-(772)231-6057 | 00758100 | LP","Completed","Tracy Ruby","Completed","7/2/2018 10:58:35 AM EDT","7/2/2018 12:25:27 PM EDT","7/2/2018 12:22:01 PM EDT","7/2/2018 12:25:27 PM EDT","7/2/2018 12:25:27 PM EDT","tracy.ruby@att.net"
"Please DocuSign your Progressive insurance documents.-(561)702-0931| 00757971 | LU","Sent","Traci Powell","Sent","7/2/2018 10:45:18 AM EDT","","","","","BeautypaysTP@gmail.com"
"Please DocuSign your Foremost insurance documents.-(786)873-5917| 00757965 | LU","Completed","GEOFFREY GRANT","Completed","7/2/2018 10:37:00 AM EDT","7/2/2018 1:02:43 PM EDT","7/2/2018 12:58:21 PM EDT","7/2/2018 1:02:43 PM EDT","7/2/2018 1:02:43 PM EDT","geoffreygrant1985@gmail.com"
"Please DocuSign your Velocity  insurance documents.-(703)424-1336| 00755831 | LP","Completed","Luz Chang","Completed","7/2/2018 10:33:15 AM EDT","7/2/2018 11:37:53 AM EDT","7/2/2018 11:24:35 AM EDT","7/2/2018 11:37:53 AM EDT","7/2/2018 11:37:53 AM EDT","lucerochang4@gmail.com"
"Please DocuSign your Florida insurance documents.-(917)816-3165| 00752148 | LP","Sent","Katherine Espositio","Sent","7/2/2018 10:11:00 AM EDT","","","","","cathiesto@gmail.com"
"Please DocuSign your Sagesure insurance documents.-(407)496-1325 | 00757958 | LU","Completed","Brent Cunningham","Completed","7/2/2018 10:02:52 AM EDT","7/2/2018 10:47:59 AM EDT","7/2/2018 10:46:29 AM EDT","7/2/2018 10:48:47 AM EDT","7/2/2018 10:47:59 AM EDT","btc11235@netzero.net"
"Please DocuSign your Sagesure insurance documents.-(407)496-1325 | 00757958 | LU","Completed","ZUZANA CUNNINGHAM","Completed","7/2/2018 10:02:52 AM EDT","7/2/2018 10:48:47 AM EDT","7/2/2018 10:48:18 AM EDT","7/2/2018 10:48:47 AM EDT","7/2/2018 10:48:47 AM EDT","btc11235@netzero.net"
"Please DocuSign Cancellation request form.-(954)839-9592| 00757945 | VO","Sent","Joseph Falzone","Sent","7/2/2018 9:36:38 AM EDT","","","","","Bluparrot9@aol.com"
"Please DocuSign your Velocity insurance documents.-(301)332-9661| 00693138 | LP","Delivered","Eric W Franklin","Delivered","7/2/2018 9:19:25 AM EDT","","7/2/2018 12:06:33 PM EDT","","","efranklinmd@gmail.com"
"Please DocuSign your new Wright flood insurance application.-(401)480-6152| 00679510 | AG","Sent","William DeMagistris","Sent","7/2/2018 9:04:18 AM EDT","","","","","bilden@cox.net"
"Please DocuSign Statement of No Loss form.-(954)914-5968 | 00672796 |  KC AMY","Sent","Cedric Straker","Sent","7/2/2018 8:52:08 AM EDT","","","","","cedricstraker@yahoo.com"