"Subject","Status","Recipient Name","Action","Sent On","Completed On","View Date","Status Changed Date","Sign Date","Recipient Email"
"CANCELLATION TO CANCEL ASI INSURANCE POLICY AS YOU REQUESTED. MO","Sent","Oraine  Pitt","Sent","","","","","","Orainpitt1976@gmail.com"
"Please DocuSign your home insurance documents.-(561)588-9750| 00750130 | LR JK","Delivered","Clarence L Elder","Delivered","","","6/4/2018 8:33:01 PM EDT","","","tribexo@gmail.com"
"Please DocuSign your ASI insurance documents.-(561)251-8878| 00749703 | AG","Completed","Jason D'Ambrosio","Completed","","6/4/2018 5:41:59 PM EDT","6/4/2018 5:41:51 PM EDT","6/4/2018 5:41:59 PM EDT","6/4/2018 5:41:59 PM EDT","jad212@gmail.com"
"Please DocuSign your UPCIC  insurance documents.-(270)577-4234| 00751615 | AG VO","Sent","Jerry Brummett","Sent","","","","","","brummett_jerry@yahoo.com"
"Please DocuSign your UPCIC  insurance documents.-(270)577-4234| 00751615 | AG VO","Sent","Jerry Brummett","Completed","","6/4/2018 6:40:27 PM EDT","6/4/2018 6:31:23 PM EDT","","6/4/2018 6:40:27 PM EDT","brummett_jerry@yahoo.com"
"Please DocuSign your Lexington  insurance documents.-(954)675-3424| 00751577 | LU","Sent","Sergio Pinto","Sent","6/4/2018 5:01:19 PM EDT","","","","","pintovill5@aol.com"
"Please DocuSign your TH insurance documents.-(561)702-2671| 00751561 | AG","Delivered","Nicole Topper","Delivered","6/4/2018 4:48:34 PM EDT","","6/4/2018 7:43:03 PM EDT","","","Nrtjs1@gmail.com"
"Please DocuSign your Florida Speciality  insurance documents.-(508)680-4609| 00751496 | LU","Completed","Dwight Channer","Completed","6/4/2018 4:39:01 PM EDT","6/4/2018 5:59:18 PM EDT","6/4/2018 5:57:37 PM EDT","6/4/2018 5:59:18 PM EDT","6/4/2018 5:59:18 PM EDT","dchanner16@hotmail.com"
"Please DocuSign your Travelers  insurance documents.- pc#6025809342031 (770)363-4959 Manny","Completed","Richelle Andrews","Completed","6/4/2018 4:37:01 PM EDT","6/4/2018 4:46:54 PM EDT","6/4/2018 4:38:36 PM EDT","6/4/2018 4:46:54 PM EDT","6/4/2018 4:46:54 PM EDT","rere90@gmail.com"
"Please DocuSign Cancellation request form.-(561)261-0146| 00616500 |  MO","Sent","CHARLES WILLIAM","Sent","6/4/2018 4:28:46 PM EDT","","","","","charles.simmons5537@gmail.com"
"Please DocuSign Cancellation request form.-(561)261-0146| 00616500 |  MO","Sent","SHIRLEY HOLLEY SIMMONS","Sent","6/4/2018 4:28:46 PM EDT","","","","","charles.simmons5537@gmail.com"
"Please DocuSign your Prepared insurance documents.-(631)682-4539| 00751047 | LU","Sent","RUSSELL BOEGER","Delivered","6/4/2018 4:17:54 PM EDT","","6/4/2018 4:39:24 PM EDT","","","RESPGIRL26@GMAIL.COM"
"Please DocuSign your Prepared insurance documents.-(631)682-4539| 00751047 | LU","Sent","PAULA BOEGER","Sent","6/4/2018 4:17:55 PM EDT","","","","","RESPGIRL26@GMAIL.COM"
"Please DocuSign Skipjack Premium Finance form.-(954)865-3169| 00593588 | AJ","Sent","Goll Nancy","Sent","6/4/2018 4:10:49 PM EDT","","","","","ngoll59@gmail.com"
"Please DocuSign Skipjack Premium Finance form.-(805)588-2070| 00596624 | AJ","Delivered","Ansons Nicola","Delivered","6/4/2018 3:55:23 PM EDT","","6/4/2018 7:44:20 PM EDT","","","geraldguerrero18@gmail.com"
"Please DocuSign your UPCIC insurance documents.-(813)732-7214| 00751568 | AG","Sent","ABDIEL  LUGO","Sent","6/4/2018 3:12:08 PM EDT","","","","","al.lugo46@gmail.com"
"Please DocuSign Replacement cost estimator form.-(954)675-3424| 00751254 | LR","Completed","Sergio Pinto","Completed","6/4/2018 2:30:29 PM EDT","6/4/2018 3:51:23 PM EDT","6/4/2018 3:51:00 PM EDT","6/4/2018 3:51:23 PM EDT","6/4/2018 3:51:23 PM EDT","pintovill5@aol.com"
"Please DocuSign your UPCIC insurance documents.-(813)390-7230| 00751313 | LR","Completed","Julio  Videaud","Completed","6/4/2018 2:28:27 PM EDT","6/4/2018 3:38:42 PM EDT","6/4/2018 3:36:19 PM EDT","6/4/2018 3:38:42 PM EDT","6/4/2018 3:38:42 PM EDT","Juliovideaud@hotmail.com"
"Please DocuSign your Velocity  insurance documents.-(954)852-8017| 00751312 | LU","Completed","Steven C Kummer","Completed","6/4/2018 2:12:39 PM EDT","6/4/2018 2:38:51 PM EDT","6/4/2018 2:27:13 PM EDT","6/4/2018 2:38:51 PM EDT","6/4/2018 2:38:51 PM EDT","Steve.kummer@amtrustgroup.com"
"Please DocuSign your UPCIC insurance documents.-(305)345-5486| 00751264 | AG","Completed","Farley  Obregon","Completed","6/4/2018 1:58:10 PM EDT","6/4/2018 2:06:44 PM EDT","6/4/2018 2:05:10 PM EDT","6/4/2018 11:42:16 PM EDT","6/4/2018 2:06:44 PM EDT","farley1088@gmail.com"
"Please DocuSign your UPCIC insurance documents.-(305)345-5486| 00751264 | AG","Completed","Izhida  Stubbs","Completed","6/4/2018 1:58:11 PM EDT","6/4/2018 11:42:16 PM EDT","6/4/2018 11:41:42 PM EDT","6/4/2018 11:42:16 PM EDT","6/4/2018 11:42:16 PM EDT","farley1088@gmail.com"
"Please DocuSign your UPCIC  insurance documents.-(706)474-9087| 00751255 | AG","Sent","Terry Brice","Sent","6/4/2018 12:49:57 PM EDT","","","","","tbrice0308@gmail.com"
"Please DocuSign your Lexignton insurance documents.-(954)675-3424| 00751254 | LR","Completed","Sergio Pinto","Completed","6/4/2018 12:45:02 PM EDT","6/4/2018 1:01:55 PM EDT","6/4/2018 1:00:58 PM EDT","6/4/2018 1:01:55 PM EDT","6/4/2018 1:01:55 PM EDT","pintovill5@aol.com"
"Please DocuSign your Allrisks  insurance documents.-(954)224-7800| 00751250 | LR HH","Sent","Josil, Elda","Sent","6/4/2018 12:35:10 PM EDT","","","","","elda.josil@gmail.com"
"Please DocuSign your new TH flood insurance application.-(941)524-7464| 00664600 | AG","Completed","Angela Graham","Completed","6/4/2018 12:19:26 PM EDT","6/4/2018 1:27:33 PM EDT","6/4/2018 1:25:46 PM EDT","6/4/2018 1:27:33 PM EDT","6/4/2018 1:27:33 PM EDT","Glenn.angie@verizon.net"
"Please DocuSign your new Wright flood insurance application.-(954)667-4881| 00750439 | AG","Sent","STEVE WEINSTEIN","Sent","6/4/2018 12:11:54 PM EDT","","","","","STEVEWEINSTEIN1977@GMAIL.COM"
"Please DocuSign your UPCIC insurance documents.-(412)738-3109| 00751267 | AG","Voided","Lisa  Crevasse","Delivered","6/4/2018 11:56:49 AM EDT","","6/4/2018 12:45:36 PM EDT","6/4/2018 12:51:59 PM EDT","","Jpilot646464@yahoo.com"
"Please DocuSign your Safe Harbor insurance documents.-(908)216-8242| 00590391 | LR","Sent","David Rosenberg","Sent","6/4/2018 11:44:54 AM EDT","","","","","david@cleanandtreat.com"
"Please DocuSign your Safe Harbor insurance documents.-(908)216-8242| 00590391 | LR","Sent","Roni Deitschman","Sent","6/4/2018 11:44:55 AM EDT","","","","","david@cleanandtreat.com"
"Please DocuSign your Seacoast  insurance documents.-(786)901-9975 qt#:497276  DR","Completed","Saintvil, Emilia","Completed","6/4/2018 11:35:24 AM EDT","6/4/2018 12:19:35 PM EDT","6/4/2018 12:13:47 PM EDT","6/4/2018 12:19:35 PM EDT","6/4/2018 12:19:35 PM EDT","eproceedsclass02@yahoo.com"
"Please DocuSign this agent of record form.- KG","Sent","Yevgneiy Sadovnikov","Sent","6/4/2018 11:10:03 AM EDT","","","","","shraer@gmail.com"
"Please DocuSign Skipjack Premium Finance form.(850)567-4994| 00734377 | AJ","Delivered","Connie Murphy","Delivered","6/4/2018 11:07:27 AM EDT","","6/4/2018 2:51:01 PM EDT","","","7conniemurphy7@gmail.com"
"Please DocuSign your Travelers insurance documents.- pc# 6026027762031 ph#954-625-4768 Manny","Completed","MARINA VOGEL","Completed","6/4/2018 9:51:21 AM EDT","6/4/2018 10:44:22 AM EDT","6/4/2018 9:54:13 AM EDT","6/4/2018 10:44:22 AM EDT","6/4/2018 10:44:22 AM EDT","marina85@myself.com"
"Please DocuSign your Wind Mitigation inspection -(203)243-6616| 00747836 | LR","Sent","Ann  Gallo","Sent","6/4/2018 9:06:22 AM EDT","","","","","harborann72@comcast.net"
"Please DocuSign your Velocity  insurance documents.-(305)975-6999| 00220293 | LU VO","Sent","Yoel Rodriguez","Sent","6/4/2018 8:58:45 AM EDT","","","","","marcela@rbrlaw.com"
"Please DocuSign your Velocity  insurance documents.-(305)975-6999| 00220293 | LU VO","Sent","Marcela Rodriguez","Delivered","6/4/2018 8:58:45 AM EDT","","6/4/2018 2:10:47 PM EDT","","","marcela@rbrlaw.com"
"Please DocuSign: Riner Change request PVH2123261 KG","Completed","Carmen Riner","Completed","6/1/2018 8:00:58 PM EDT","6/1/2018 9:17:49 PM EDT","6/1/2018 9:16:46 PM EDT","6/1/2018 9:17:49 PM EDT","6/1/2018 9:17:49 PM EDT","dcrin2010@hotmail.com"
"Please DocuSign your Progressive insurance documents.- ph# 561-452-7336 pc#922099063 Manny","Completed","NADA SAVU","Completed","6/1/2018 5:08:54 PM EDT","6/1/2018 5:22:43 PM EDT","6/1/2018 5:20:19 PM EDT","6/1/2018 5:22:43 PM EDT","6/1/2018 5:22:43 PM EDT","nadasavu@gmail.com"
"Please DocuSign your Safeco insurance documents.-(561)312-5660 | 00250141 | LU","Sent","Jane Kaplowitz","Sent","6/1/2018 2:47:55 PM EDT","","","","","robert145@mac.com"
"Please DocuSign: CLF-0004599 Inspection Letter.-(386)884-9938| 00737134 | LR","Delivered","Martin, Gayle","Delivered","6/1/2018 2:21:11 PM EDT","","6/2/2018 9:24:59 PM EDT","","","Billypilgrim465@yahoo.com"
"Please DocuSign your Allrisks insurance documents.- (786)346-2281| 00751261 | LU BB","Delivered","Ricardo Leiva","Delivered","6/1/2018 2:15:01 PM EDT","","6/3/2018 11:01:56 AM EDT","","","annie_ileiva@hotmail.com"
"Please DocuSign your Aspen  insurance documents.- pc#TBD7847  ph#:602-321-3586 LU BB","Completed","Elizabeth Sterling","Completed","6/1/2018 2:09:25 PM EDT","6/3/2018 12:37:12 PM EDT","6/3/2018 12:36:50 PM EDT","6/3/2018 12:37:12 PM EDT","6/3/2018 12:37:12 PM EDT","sterlingspin@gmail.com"
"Please DocuSign your Wind Mitigation inspection.-(786)663-1265| 00737220 | DR","Sent","Hugo Cardenas","Sent","6/1/2018 1:50:07 PM EDT","","","","","Hugoyug1@yahoo.com"
"Please DocuSign your Allrisks insurance documents.-(407)209-4704| 00746553 | LR Kory","Completed","Myers Judith","Completed","6/1/2018 1:01:27 PM EDT","6/1/2018 1:14:46 PM EDT","6/1/2018 1:06:29 PM EDT","6/1/2018 1:14:46 PM EDT","6/1/2018 1:14:46 PM EDT","judymyersmomof6@gmail.com"
"Please DocuSign your Allrisks insurance documents.-(937)215-9076| 00750806 | LU BB","Completed","Suchitra Reddy Neravetla","Completed","6/1/2018 12:30:44 PM EDT","6/4/2018 2:07:33 PM EDT","6/2/2018 11:49:02 AM EDT","6/4/2018 2:07:33 PM EDT","6/4/2018 2:07:33 PM EDT","neravetla@yahoo.com"
"Please DocuSign Statement of No Loss form.-(305)495-1991| 00729843 | LR","Sent","Downer, Eulet","Sent","6/1/2018 12:14:32 PM EDT","","","","","euletdowner@yahoo.com"
"Please DocuSign your Federated National insurance documents.-(941)524-7464| 00664600 | LR","Completed","Glenn Graham","Completed","6/1/2018 11:43:39 AM EDT","6/1/2018 12:57:24 PM EDT","6/1/2018 12:45:42 PM EDT","6/1/2018 12:57:24 PM EDT","6/1/2018 12:57:24 PM EDT","Glenn.angie@verizon.net"
"Please DocuSign your Florida Peninsula insurance documents.-(954)558-7397| 00193764 | LR","Completed","OREXMYTH DE LA VEGA","Completed","6/1/2018 10:59:49 AM EDT","6/1/2018 11:21:22 AM EDT","6/1/2018 11:17:58 AM EDT","6/1/2018 11:21:22 AM EDT","6/1/2018 11:21:22 AM EDT","ovega@me.com"
"Please DocuSign your UPCIC insurance documents.-(561)313-8379| 00410478 | AG VO","Completed","RONALD  O'BRIEN","Completed","6/1/2018 10:49:19 AM EDT","6/1/2018 1:01:29 PM EDT","6/1/2018 12:40:12 PM EDT","6/1/2018 1:06:15 PM EDT","6/1/2018 1:01:29 PM EDT","obri2103@att.net"
"Please DocuSign your UPCIC insurance documents.-(561)313-8379| 00410478 | AG VO","Completed","GABRIELA RODRIGUEZ O'BRIEN","Completed","6/1/2018 10:49:19 AM EDT","6/1/2018 1:06:15 PM EDT","6/1/2018 1:04:00 PM EDT","6/1/2018 1:06:15 PM EDT","6/1/2018 1:06:15 PM EDT","obri2103@att.net"
"Please DocuSign your UPCIC insurance documents.-(214)554-5902| 00525230 | AG","Completed","MAJREIL  LOWE","Completed","6/1/2018 10:20:17 AM EDT","6/2/2018 8:44:46 AM EDT","6/2/2018 8:43:42 AM EDT","6/2/2018 8:44:46 AM EDT","6/2/2018 8:44:46 AM EDT","mlpropertyholding@yahoo.com"
"Please DocuSign your UPCIC insurance documents.-(772)812-5291| 00750730 | AG","Delivered","Mathew  Wallace","Delivered","6/1/2018 10:07:05 AM EDT","","6/4/2018 3:12:52 PM EDT","","","matthewwyattwallace@gmail.com"
"Please DocuSign your UPCIC insurance documents.-(772)812-5291| 00750730 | AG","Delivered","Jacob  Muscara","Delivered","6/1/2018 10:07:05 AM EDT","","6/4/2018 3:11:40 PM EDT","","","matthewwyattwallace@gmail.com"
"Please DocuSign your UPC insurance documents.-(305)399-3897| 00750733 | LU","Completed","CLORARDO LUIS LEAL LUBO","Completed","6/1/2018 10:00:22 AM EDT","6/1/2018 10:42:26 AM EDT","6/1/2018 10:41:56 AM EDT","6/3/2018 6:12:40 PM EDT","6/1/2018 10:42:26 AM EDT","clorardoluisleal@gmail.com"
"Please DocuSign your UPC insurance documents.-(305)399-3897| 00750733 | LU","Completed","MARIA MILAGROS DA SILVA PESTANA","Completed","6/1/2018 10:00:22 AM EDT","6/3/2018 6:12:40 PM EDT","6/3/2018 6:12:32 PM EDT","6/3/2018 6:12:40 PM EDT","6/3/2018 6:12:40 PM EDT","clorardoluisleal@gmail.com"
"Please DocuSign your Foremost insurance documents.-(561)503-9614| 00750761 | LU","Completed","ELIZABETH ELLIOTT","Completed","6/1/2018 9:50:20 AM EDT","6/1/2018 10:30:55 AM EDT","6/1/2018 10:29:25 AM EDT","6/1/2018 10:30:55 AM EDT","6/1/2018 10:30:55 AM EDT","Elliottliz1990@icloud.com"
"Please DocuSign your Bass insurance documents.-(561)596-8451| 00750783 | LR Kory","Completed","Lisa Hurt","Completed","6/1/2018 9:38:04 AM EDT","6/1/2018 4:56:07 PM EDT","6/1/2018 4:54:23 PM EDT","6/1/2018 4:56:07 PM EDT","6/1/2018 4:56:07 PM EDT","lhurt25@yahoo.com"
"Please DocuSign your St. Johns insurance documents.-(561)719-2524| 00750819 | LU VO","Completed","Barbara Adams","Completed","6/1/2018 9:12:19 AM EDT","6/1/2018 9:37:46 AM EDT","6/1/2018 9:29:39 AM EDT","6/1/2018 9:37:46 AM EDT","6/1/2018 9:37:46 AM EDT","blznsun@gmail.com"