"Subject","Status","Recipient Name","Action","Sent On","Completed On","View Date","Status Changed Date","Sign Date","Recipient Email"
"Please DocuSign your Southern Oak & cancellation insurance documents.-(561)601-6278| 00416427 | SB","Sent","JUAN GONZALEZ","Sent","4/6/2018 5:10:09 PM EDT","","","","","juanpi4@yahoo.com"
"Please DocuSign your Aspen insurance documents.-(561)267-9086 | 00737385 | LU MK","Completed","Lawrence Friedman","Completed","4/6/2018 4:46:56 PM EDT","4/6/2018 5:37:07 PM EDT","4/6/2018 5:35:53 PM EDT","4/6/2018 5:37:07 PM EDT","4/6/2018 5:37:07 PM EDT","disquod@bellsouth.net"
"Please DocuSign your BASS insurance documents.-(786)474-8563| 00737374 | SR DR","Completed","Emmerson Ruiz","Completed","4/6/2018 4:39:07 PM EDT","4/6/2018 5:06:18 PM EDT","4/6/2018 4:45:30 PM EDT","4/6/2018 5:06:18 PM EDT","4/6/2018 5:06:18 PM EDT","echavarr@yahoo.es"
"Please DocuSign your Velocity  insurance documents.-(305)336-3114| 00485788 | LR","Sent","Patricia Roberts","Sent","4/6/2018 4:33:11 PM EDT","","","","","Pybroberts@gmail.com"
"Please DocuSign your UPCIC insurance documents.-(561)498-3970 | 00215116 | LR","Sent","Kent Dailey","Sent","4/6/2018 4:20:54 PM EDT","","","","","nadinekent@aol.com"
"Please DocuSign your UPCIC insurance documents.-(561)498-3970 | 00215116 | LR","Sent","Nadine Dailey","Sent","4/6/2018 4:20:54 PM EDT","","","","","nadinekent@aol.com"
"Please DocuSign your Allrisks insurance documents.-(305)962-7697| 00737344 |  SR  Manny Matt","Sent","Di Niro, Laura","Sent","4/6/2018 4:11:47 PM EDT","","","","","justbrowzing@gmail.com"
"Please DocuSign Bulldog Premium Finance form.-(813)416-6035 | 00731162 | Manny","Completed","William Mcdonald","Completed","4/6/2018 4:00:43 PM EDT","4/6/2018 4:33:30 PM EDT","4/6/2018 4:30:10 PM EDT","4/6/2018 4:33:30 PM EDT","4/6/2018 4:33:30 PM EDT","gsdbonjon1@aol.com"
"Please DocuSign your Edison & Cancellation insurance documents.-(786)897-9645| 00581493 | LR","Completed","MARTIN AGUILERA","Completed","4/6/2018 3:50:52 PM EDT","4/6/2018 4:16:06 PM EDT","4/6/2018 4:09:08 PM EDT","4/6/2018 4:16:06 PM EDT","4/6/2018 4:16:06 PM EDT","aguilera.martin19@gmail.com"
"Please DocuSign your AllRisks insurance documents.-(786)479-4987| 00733832 | SR BB","Sent","Lothaire Alfred","Sent","4/6/2018 3:42:13 PM EDT","","","","","Loti28@netscape.com"
"Please DocuSign your Allrisks insurance documents.-(561)853-7527 | 00737258 | SR DR","Sent","Roberto Sablon","Sent","4/6/2018 3:21:19 PM EDT","","","","","rsablon@gmail.com"
"Please DocuSign your Allrisks insurance documents.-(904)707-1780 | 00737250 | LU DR","Completed","Jodi Lehrmann","Completed","4/6/2018 3:14:09 PM EDT","4/6/2018 3:20:13 PM EDT","4/6/2018 3:17:50 PM EDT","4/6/2018 3:20:13 PM EDT","4/6/2018 3:20:13 PM EDT","jodilehrmann@gmail.com"
"Please DocuSign your BASS insurance documents.-(754)281-4059 | 00737242 | SR DR","Sent","Sylvia Englin","Sent","4/6/2018 3:02:00 PM EDT","","","","","basanglin2000@yahoo.com"
"Please DocuSign your Velocity insurance documents.-(786)663-1265 | 00737230 | LR","Completed","Hugo Cardenas","Completed","4/6/2018 2:55:01 PM EDT","4/7/2018 9:26:52 AM EDT","4/7/2018 9:25:34 AM EDT","4/7/2018 9:26:52 AM EDT","4/7/2018 9:26:52 AM EDT","Hugoyug1@yahoo.com"
"Please DocuSign your UPC insurance documents.-(786)663-1265| 00737220 | SB","Completed","JENNY M NOVAK","Completed","4/6/2018 2:21:25 PM EDT","4/7/2018 9:24:20 AM EDT","4/7/2018 9:22:04 AM EDT","4/7/2018 9:25:06 AM EDT","4/7/2018 9:24:20 AM EDT","Hugoyug1@yahoo.com"
"Please DocuSign your UPC insurance documents.-(786)663-1265| 00737220 | SB","Completed","Hugo Cardenas","Completed","4/6/2018 2:21:25 PM EDT","4/7/2018 9:25:06 AM EDT","4/7/2018 9:24:47 AM EDT","4/7/2018 9:25:06 AM EDT","4/7/2018 9:25:06 AM EDT","Hugoyug1@yahoo.com"
"Please DocuSign No Mandatory Purchase Affidavit.-.(561)800-7194| 00244701 | LU","Completed","Angeliz Ramos","Completed","4/6/2018 2:04:18 PM EDT","4/6/2018 2:47:14 PM EDT","4/6/2018 2:47:05 PM EDT","4/6/2018 2:47:14 PM EDT","4/6/2018 2:47:14 PM EDT","mrshecbec@gmail.com"
"Please DocuSign your WINDMITIGATION insurance documents.-(516)220-7866| 00734659 | LR","Completed","Karl Nanayakkara","Completed","4/6/2018 1:46:41 PM EDT","4/6/2018 1:54:11 PM EDT","4/6/2018 1:53:34 PM EDT","4/6/2018 1:54:11 PM EDT","4/6/2018 1:54:11 PM EDT","knanayakkara@aol.com"
"Please DocuSign your new ASI flood insurance application.-(513)755-6565 | 00733967 | LR","Delivered","CYNTHIA FIELDS","Delivered","4/6/2018 1:35:55 PM EDT","","4/6/2018 8:59:12 PM EDT","","","cindy.beagle.fields@gmail.com"
"Please DocuSign your UPCIC insurance documents.-(914)629-9620 | 00737199 | LR","Completed","Robert May","Completed","4/6/2018 1:31:52 PM EDT","4/6/2018 2:00:23 PM EDT","4/6/2018 1:59:27 PM EDT","4/6/2018 2:00:23 PM EDT","4/6/2018 2:00:23 PM EDT","mayrobert90@gmail.com"
"Please DocuSign your UPCIC insurance documents.-(561)309-2710 pc#: 1501-1801-6110 LR","Completed","Marisol Cardenas","Completed","4/6/2018 1:23:00 PM EDT","4/6/2018 2:15:05 PM EDT","4/6/2018 2:13:21 PM EDT","4/6/2018 2:20:18 PM EDT","4/6/2018 2:15:05 PM EDT","solita007@hotmail.com"
"Please DocuSign your UPCIC insurance documents.-(561)309-2710 pc#: 1501-1801-6110 LR","Completed","Roberto Rodriguez","Completed","4/6/2018 1:23:00 PM EDT","4/6/2018 2:20:18 PM EDT","4/6/2018 2:19:00 PM EDT","4/6/2018 2:20:18 PM EDT","4/6/2018 2:20:18 PM EDT","solita007@hotmail.com"
"Please DocuSign your Auto insurance documents.-  ph#:610-906-9258 pc#: G00 8960251 00  LU","Completed","SETH O’DELL","Completed","4/6/2018 1:19:03 PM EDT","4/6/2018 1:35:29 PM EDT","4/6/2018 1:30:28 PM EDT","4/6/2018 1:35:29 PM EDT","4/6/2018 1:35:29 PM EDT","sethoodles@gmail.com"
"Please DocuSign your Auto & Cancellation insurance documents.-(561)758-1354| 00179155 | LU","Completed","MORTON MILLER","Completed","4/6/2018 12:26:08 PM EDT","4/6/2018 12:47:04 PM EDT","4/6/2018 12:36:07 PM EDT","4/6/2018 12:55:17 PM EDT","4/6/2018 12:47:04 PM EDT","chefmort@juno.com"
"Please DocuSign your Auto & Cancellation insurance documents.-(561)758-1354| 00179155 | LU","Completed","Simone Miller","Completed","4/6/2018 12:26:09 PM EDT","4/6/2018 12:55:17 PM EDT","4/6/2018 12:53:29 PM EDT","4/6/2018 12:55:17 PM EDT","4/6/2018 12:55:17 PM EDT","chefmort@juno.com"
"Please DocuSign your Allrisks insurance documents.-(305)232-6664| 00591100 | SZ","Completed","Brailsford Kendrick","Completed","4/6/2018 12:14:16 PM EDT","4/6/2018 12:22:06 PM EDT","4/6/2018 12:17:59 PM EDT","4/6/2018 12:22:06 PM EDT","4/6/2018 12:22:06 PM EDT","brailsford843@gmail.com"
"Please DocuSign Cancellation request form.-(401)741-7700 | 00737081 | LR","Sent","ALBERT TRIDENTI","Sent","4/6/2018 11:48:54 AM EDT","","","","","albert1028@hotmail.com"
"Please DocuSign Cancellation request form.-(401)741-7700 | 00737081 | LR","Sent","ANGELA HERNANDEZ","Delivered","4/6/2018 11:48:54 AM EDT","","4/6/2018 3:43:04 PM EDT","","","albert1028@hotmail.com"
"Please DocuSign your Allrisks & Cancellation  insurance documents.-(305)439-2683 | 00736932 | SR DR","Sent","ADAMS THELMA","Sent","4/6/2018 11:09:41 AM EDT","","","","","stlatshaw@aol.com"
"Please DocuSign your Allrisks & Cancellation  insurance documents.-(305)439-2683 | 00736932 | SR DR","Sent","ALLEN G. ADAMS","Sent","4/6/2018 11:09:41 AM EDT","","","","","stlatshaw@aol.com"
"Please DocuSign your Velocity insurance documents.- ph:#787-504-2466 pc#:VUW-HO-551496 SB","Sent","Miguel Aponte","Sent","4/6/2018 10:33:14 AM EDT","","","","","dr.aponte40@yahoo.com"
"Please DocuSign your St.Johns  insurance documents.-(954)593-4464 | 00521611 | LR","Sent","Jason T Agostinelli","Sent","4/6/2018 10:24:08 AM EDT","","","","","jagostinelli288@gmail.com"
"Please DocuSign your St.Johns  insurance documents.-(954)593-4464 | 00521611 | LR","Sent","Christina Agostinelli","Sent","4/6/2018 10:24:08 AM EDT","","","","","jagostinelli288@gmail.com"
"Please DocuSign your Allrisks insurance documents.-(561)432-5924| 00631419 | SR Matt","Sent","Waters, Nanette","Sent","4/6/2018 10:15:01 AM EDT","","","","","nan853@aol.com"
"Please DocuSign your UPCIC insurance documents.-(617)455-8647 | 00737073 | LR","Completed","Boris Millan","Completed","4/6/2018 9:44:40 AM EDT","4/6/2018 9:48:54 AM EDT","4/6/2018 9:46:20 AM EDT","4/6/2018 9:52:25 AM EDT","4/6/2018 9:48:54 AM EDT","bosblueguy@gmail.com"
"Please DocuSign your UPCIC insurance documents.-(617)455-8647 | 00737073 | LR","Completed","William Dominguez","Completed","4/6/2018 9:44:40 AM EDT","4/6/2018 9:52:25 AM EDT","4/6/2018 9:51:00 AM EDT","4/6/2018 9:52:25 AM EDT","4/6/2018 9:52:25 AM EDT","bosblueguy@gmail.com"
"Please DocuSign your Olympus & Cancellation insurance documents.-(561)843-1904 | 00214886 | LR","Completed","ADRIANA WARDLOW","Completed","4/6/2018 9:30:28 AM EDT","4/6/2018 9:58:46 AM EDT","4/6/2018 9:57:55 AM EDT","4/6/2018 10:01:00 AM EDT","4/6/2018 9:58:46 AM EDT","james.wardlow@fedex.com"
"Please DocuSign your Olympus & Cancellation insurance documents.-(561)843-1904 | 00214886 | LR","Completed","James Wardlow","Completed","4/6/2018 9:30:28 AM EDT","4/6/2018 10:01:00 AM EDT","4/6/2018 9:59:25 AM EDT","4/6/2018 10:01:00 AM EDT","4/6/2018 10:01:00 AM EDT","james.wardlow@fedex.com"
"Please DocuSign your Velocity  insurance documents.-(561)531-0313| 00737023 | LR","Completed","Bruce Cyr","Completed","4/5/2018 5:22:16 PM EDT","4/5/2018 7:24:47 PM EDT","4/5/2018 7:05:30 PM EDT","4/5/2018 7:27:44 PM EDT","4/5/2018 7:24:47 PM EDT","bbcyr5190@aol.com"
"Please DocuSign your Velocity  insurance documents.-(561)531-0313| 00737023 | LR","Completed","Belinda Cyr","Completed","4/5/2018 5:22:17 PM EDT","4/5/2018 7:27:44 PM EDT","4/5/2018 7:25:41 PM EDT","4/5/2018 7:27:44 PM EDT","4/5/2018 7:27:44 PM EDT","bbcyr5190@aol.com"
"Please DocuSign your BASS insurance documents.-(727)432-2177 | 00737010 | SR Kory","Completed","Sandra Mcclernan","Completed","4/5/2018 5:13:24 PM EDT","4/5/2018 9:05:48 PM EDT","4/5/2018 9:03:32 PM EDT","4/5/2018 9:05:48 PM EDT","4/5/2018 9:05:48 PM EDT","Sandymcclernan@gmail.com"
"Please DocuSign this policy change request.-(954)825-6438 | 00449638 | SR","Completed","Tania Phillips","Completed","4/5/2018 5:03:32 PM EDT","4/6/2018 1:31:25 PM EDT","4/6/2018 1:30:51 PM EDT","4/6/2018 1:31:25 PM EDT","4/6/2018 1:31:25 PM EDT","taniaphillips@ymail.com"
"Please DocuSign your UPCIC insurance documents.-(917)742-6705| 00736962 | LR","Sent","NICHOLAS ECOCK","Sent","4/5/2018 4:53:54 PM EDT","","","","","Nicholas.09@gmail.com"
"Please DocuSign your Southern Oak  insurance documents.-(954)914-0289 | 00736954 | LU","Completed","Thomas Douglas","Completed","4/5/2018 4:49:26 PM EDT","4/5/2018 5:24:39 PM EDT","4/5/2018 5:23:28 PM EDT","4/5/2018 5:24:39 PM EDT","4/5/2018 5:24:39 PM EDT","Tsconsult1@aol.com"
"Please DocuSign your ASI new flood insurance application.-(954)562-6625| 00735600 |  LR","Completed","ALEXIS ANDRES","Completed","4/5/2018 4:35:43 PM EDT","4/5/2018 5:38:04 PM EDT","4/5/2018 5:37:36 PM EDT","4/5/2018 5:38:04 PM EDT","4/5/2018 5:38:04 PM EDT","atstorres7@gmail.com"
"Please DocuSign your Secoast Brokers insurance documents.-(561)339-8881| 00631935 |  LR DR","Completed","Olga Nikolaeva","Completed","4/5/2018 3:57:44 PM EDT","4/5/2018 5:09:15 PM EDT","4/5/2018 5:08:35 PM EDT","4/5/2018 5:09:15 PM EDT","4/5/2018 5:09:15 PM EDT","INFO@LIQUIDGOLD.STORE"
"Please DocuSign your Velocity & cancellation insurance documents.-(914)393-3573| 00412813 | LR","Completed","George Ianello","Completed","4/5/2018 3:43:52 PM EDT","4/5/2018 4:59:21 PM EDT","4/5/2018 4:56:48 PM EDT","4/5/2018 4:59:21 PM EDT","4/5/2018 4:59:21 PM EDT","gnianello@gmail.com"
"Please DocuSign your Velocity  insurance documents.-(248)877-2235| 00736948 | LR","Completed","Anne Springstead","Completed","4/5/2018 2:38:16 PM EDT","4/5/2018 2:44:21 PM EDT","4/5/2018 2:40:58 PM EDT","4/5/2018 2:44:21 PM EDT","4/5/2018 2:44:21 PM EDT","aspringstead@hcfm.com"
"Please DocuSign your Allrisks insurance documents.-(407)922-0840| 00736888 | LU JK","Delivered","Trendergast  Maureen","Delivered","4/5/2018 2:25:03 PM EDT","","4/5/2018 2:48:14 PM EDT","","","m012207@yahoo.com"
"Please DocuSign your Allrisks insurance documents.-(727)251-5984| 00736865 | SR JK","Completed","Stefan Babjak","Completed","4/5/2018 1:55:44 PM EDT","4/5/2018 3:16:05 PM EDT","4/5/2018 3:13:06 PM EDT","4/5/2018 3:16:05 PM EDT","4/5/2018 3:16:05 PM EDT","stefanbabjak@gmail.com"
"Please DocuSign your Allriks & Cancellation  insurance documents.-(305)926-8256| 00657075 | SR BB","Sent","Perdomo, Luis","Sent","4/5/2018 1:46:31 PM EDT","","","","","phyllisperdomo1@gmail.com"
"Please DocuSign your Allriks & Cancellation  insurance documents.-(305)926-8256| 00657075 | SR BB","Sent","Phyllis Perdomo","Sent","4/6/2018 11:26:55 AM EDT","","","","","phyllisperdomo1@gmail.com"
"Please DocuSign Cancellation request form.-(315)271-7870 | 00502646 |  SB","Completed","Bruce Sislo","Completed","4/5/2018 1:44:47 PM EDT","4/6/2018 10:49:13 AM EDT","4/6/2018 10:38:42 AM EDT","4/6/2018 10:51:29 AM EDT","4/6/2018 10:49:13 AM EDT","antonettesislo@gmail.com"
"Please DocuSign Cancellation request form.-(315)271-7870 | 00502646 |  SB","Completed","Antonette Sislo","Completed","4/5/2018 1:44:47 PM EDT","4/6/2018 10:51:29 AM EDT","4/6/2018 10:50:45 AM EDT","4/6/2018 10:51:29 AM EDT","4/6/2018 10:51:29 AM EDT","antonettesislo@gmail.com"
"Please DocuSign your Velocity insurance documents.-(412)708-3277| 00736899 | SB","Completed","Joanna Chen","Completed","4/5/2018 1:05:57 PM EDT","4/5/2018 2:16:47 PM EDT","4/5/2018 2:10:55 PM EDT","4/5/2018 2:18:46 PM EDT","4/5/2018 2:16:47 PM EDT","lunching@gmail.com"
"Please DocuSign your Velocity insurance documents.-(412)708-3277| 00736899 | SB","Completed","Lun-Ching Chang","Completed","4/5/2018 1:05:57 PM EDT","4/5/2018 2:18:46 PM EDT","4/5/2018 2:17:37 PM EDT","4/5/2018 2:18:46 PM EDT","4/5/2018 2:18:46 PM EDT","lunching@gmail.com"
"Please DocuSign your Prepared insurance documents.-(847)770-3900 | 00660434 | SB","Sent","Leon Rakowsky","Sent","4/5/2018 12:57:26 PM EDT","","","","","arakowsky1914@gmail.com"
"Please DocuSign your Prepared insurance documents.-(847)770-3900 | 00660434 | SB","Sent","Arlene Rakowsky","Sent","4/5/2018 12:57:26 PM EDT","","","","","arakowsky1914@gmail.com"
"Please DocuSign your Allrisks & Geovera insurance documents.- ph#:305-342-3820 pc;#3397979 SR BB","Completed","Brian Kershner","Completed","4/5/2018 12:31:15 PM EDT","4/5/2018 1:19:03 PM EDT","4/5/2018 1:05:27 PM EDT","4/5/2018 1:19:03 PM EDT","4/5/2018 1:19:03 PM EDT","b.kershner@hotmail.com"
"Please DocuSign your Allrisks & Geovera insurance documents.- ph#:954-673-6208 pc#:3413273 SR BB","Sent","Adams, Kimberly","Sent","4/5/2018 12:15:26 PM EDT","","","","","happycapi@bellsouth.net"
"Please DocuSign Statement of No Loss form & finance agreement .-(954)857-7771 | 00655384 | SB","Completed","Leanne Swissa","Completed","4/5/2018 11:36:17 AM EDT","4/5/2018 11:51:21 AM EDT","4/5/2018 11:50:58 AM EDT","4/5/2018 11:51:21 AM EDT","4/5/2018 11:51:21 AM EDT","martin@furmanmail.com"
"Please DocuSign your UPCIC insurance documents.-ph#:781-389-3826 pc#:1503-1801-3034 LR","Completed","Leonor Kellar","Completed","4/5/2018 11:24:57 AM EDT","4/5/2018 1:22:29 PM EDT","4/5/2018 1:20:09 PM EDT","4/5/2018 1:22:29 PM EDT","4/5/2018 1:22:29 PM EDT","leonork9@gmail.com"
"Please DocuSign Cancellation request form.-(772)871-1875| 00733437 | MO","Completed","MAYNARD PIANFETTI","Completed","4/5/2018 10:56:40 AM EDT","4/5/2018 11:21:09 AM EDT","4/5/2018 11:20:52 AM EDT","4/5/2018 11:22:06 AM EDT","4/5/2018 11:21:09 AM EDT","maynard8451120@gmail.com"
"Please DocuSign Cancellation request form.-(772)871-1875| 00733437 | MO","Completed","SHARON PIANFETTI","Completed","4/5/2018 10:56:40 AM EDT","4/5/2018 11:22:06 AM EDT","4/5/2018 11:21:43 AM EDT","4/5/2018 11:22:06 AM EDT","4/5/2018 11:22:06 AM EDT","maynard8451120@gmail.com"
"Please DocuSign inspection letter & Cancellation request form-(917)224-2110| 00655187 |LR MO","Delivered","Farzana Chowdhury","Delivered","4/5/2018 10:43:29 AM EDT","","4/6/2018 9:57:08 PM EDT","","","mohammed.gani@gmail.com"
"Please DocuSign your St. johns insurance documents.-(239)398-4438 | 00727299 | SB MO","Sent","Benart Osja","Sent","4/5/2018 10:40:11 AM EDT","","","","","osjabenart@yahoo.com"
"Please DocuSign your St. johns insurance documents.-(239)398-4438 | 00727299 | SB MO","Sent","Albana Osja","Sent","4/5/2018 10:40:11 AM EDT","","","","","osjabenart@yahoo.com"
"CORRECTED: Please DocuSign your UPC insurance documents.-(920)475-6474| 00736624 | LR","Completed","STEVE BUNNOW","Completed","4/5/2018 9:59:06 AM EDT","4/7/2018 8:36:38 AM EDT","4/7/2018 8:29:25 AM EDT","4/7/2018 8:39:01 AM EDT","4/7/2018 8:36:38 AM EDT","srb@new.rr.com"
"CORRECTED: Please DocuSign your UPC insurance documents.-(920)475-6474| 00736624 | LR","Completed","MARIAN BUNNOW","Completed","4/5/2018 9:59:06 AM EDT","4/7/2018 8:39:01 AM EDT","4/5/2018 10:13:41 AM EDT","4/7/2018 8:39:01 AM EDT","4/7/2018 8:39:01 AM EDT","srb@new.rr.com"
"Please DocuSign your Bass insurance documents.-ph#:304-641-0989 pc#:AGP1297344 SR JK AJ","Delivered","Nelda Williams","Delivered","4/5/2018 9:28:55 AM EDT","","4/5/2018 10:08:52 AM EDT","","","nelda9564will@gmail.com"
"Please DocuSign Cancellation request form.-(305)747-8835 | 00621823 | MO","Sent","Lamercie Lombard","Sent","4/5/2018 12:42:55 AM EDT","","","","","ame_cie@yahoo.com"
"Please DocuSign your law and ordinance coverage form.-(786)366-0324| 00721827 | SB","Completed","Joe Villoch","Completed","4/4/2018 5:25:37 PM EDT","4/5/2018 9:55:06 AM EDT","4/5/2018 9:54:53 AM EDT","4/5/2018 9:55:06 AM EDT","4/5/2018 9:55:06 AM EDT","Kellyvilloch1304@att.net"
"Please DocuSign your ASI new flood insurance application.-(954)225-6057 | 00730557 | LR","Completed","Thomas woodcock","Completed","4/4/2018 5:11:38 PM EDT","4/6/2018 3:39:56 AM EDT","4/4/2018 6:22:19 PM EDT","4/6/2018 3:39:56 AM EDT","4/6/2018 3:39:56 AM EDT","tomwoodcock21@gmail.com"
"Please DocuSign your UPCIC insurance documents.-(305)527-8141 | 00457044 |  LR","Completed","TRAVIS SANDS","Completed","4/4/2018 5:05:38 PM EDT","4/4/2018 8:35:06 PM EDT","4/4/2018 8:29:07 PM EDT","4/4/2018 8:35:06 PM EDT","4/4/2018 8:35:06 PM EDT","tsands273@gmail.com"
"Please DocuSign your Olympus  insurance documents.-(813)629-1973 | 00589543 | LR MO","Completed","KATHLEEN GIBLIN","Completed","4/4/2018 4:21:51 PM EDT","4/4/2018 5:09:50 PM EDT","4/4/2018 5:08:41 PM EDT","4/4/2018 5:12:23 PM EDT","4/4/2018 5:09:50 PM EDT","billatonx@gmail.com"
"Please DocuSign your Olympus  insurance documents.-(813)629-1973 | 00589543 | LR MO","Completed","Bill Giblin","Completed","4/4/2018 4:21:50 PM EDT","4/4/2018 5:12:23 PM EDT","4/4/2018 5:10:45 PM EDT","4/4/2018 5:12:23 PM EDT","4/4/2018 5:12:23 PM EDT","billatonx@gmail.com"
"Please DocuSign your Aspen & ASI Flood insurance documents.- (754)971-9489 | 00736731 | LR SR BB","Completed","Ivan Mylle","Completed","4/4/2018 3:34:30 PM EDT","4/6/2018 12:19:31 PM EDT","4/6/2018 8:35:39 AM EDT","4/6/2018 12:19:31 PM EDT","4/6/2018 12:19:31 PM EDT","imylle@groupe-bel.com"
"Please DocuSign your Velocity  insurance documents.-(201)280-9191| 00736688 | LR","Completed","Patrick Batson","Completed","4/4/2018 3:27:36 PM EDT","4/4/2018 6:32:32 PM EDT","4/4/2018 6:22:59 PM EDT","4/4/2018 6:32:32 PM EDT","4/4/2018 6:32:32 PM EDT","batsonp@gmail.com"
"Please DocuSign your TH  flood insurance application.-(786)315-0841| 00736684 |  LR","Sent","BULL 1512 LLC, DROGO 1512 LLC, CHUCHAMGUITO LLC","Sent","4/4/2018 3:13:49 PM EDT","","","","","SARTORIIVONE@GMAIL.COM"
"Please DocuSign your Allrisks & Geovera insurance documents.- (305)972-4900 | 00659014 | SR BB MO","Sent","Ines Santana","Sent","4/4/2018 3:03:35 PM EDT","","","","","s.mulata@yahoo.com"
"Please DocuSign this policy change request.-(954)895-7212 | 00614408 | KG","Completed","Deserne McDermott-Dalhouse","Completed","4/4/2018 2:59:01 PM EDT","4/4/2018 3:34:25 PM EDT","4/4/2018 3:33:20 PM EDT","4/4/2018 3:34:25 PM EDT","4/4/2018 3:34:25 PM EDT","Dmcdermott65@live.com"
"Please DocuSign: NVH-0003795 Inspection Letter.-(786)486-6101 | 00717876 | LR","Sent","Lafleche, Jean","Sent","4/4/2018 2:29:40 PM EDT","","","","","Jean.lafleche@yahoo.com"
"Please DocuSign your BASS insurance documents.-(205)910-2798| 00732989 | LR Manny BB","Sent","Marcus Cooper","Sent","4/4/2018 2:28:39 PM EDT","","","","","mbcsports22@yahoo.com"
"Please DocuSign your Progressive insurance documents.-(786)316-7732 | 00680559 |LU","Sent","ARCHIE MCDORMAN","Sent","4/4/2018 2:27:47 PM EDT","","","","","dempknux@yahoo.com"
"Please DocuSign your Allrisks & ASI insurance documents.-(407)607-6551 | 00734783 | LU LR BB","Completed","Vilberg Marina","Completed","4/4/2018 2:23:39 PM EDT","4/6/2018 5:23:36 PM EDT","4/6/2018 5:22:27 PM EDT","4/6/2018 5:23:36 PM EDT","4/6/2018 5:23:36 PM EDT","phestico@gmail.com"
"Please DocuSign your ASI new flood insurance application.-(754)246-9094 pc#:FLD428863 LR","Delivered","Orain Pitt","Delivered","4/4/2018 2:16:09 PM EDT","","4/4/2018 2:45:49 PM EDT","","","Orainpitt1976@gmail.com"
"Please DocuSign your BASS insurance documents.-(561)201-4724| 00736664 | SR DR","Completed","Leah Blackmon","Completed","4/4/2018 1:58:13 PM EDT","4/4/2018 7:23:38 PM EDT","4/4/2018 7:21:10 PM EDT","4/4/2018 7:23:38 PM EDT","4/4/2018 7:23:38 PM EDT","blackmonleah@yahoo.com"
"Please DocuSign your Travelers insurance documents.-(561)719-6376| 00498132 |LU","Completed","David Schovanec","Completed","4/4/2018 12:41:15 PM EDT","4/4/2018 2:28:06 PM EDT","4/4/2018 2:27:31 PM EDT","4/4/2018 2:28:06 PM EDT","4/4/2018 2:28:06 PM EDT","fldieseldave@gmail.com"
"Please DocuSign your UPCIC insurance documents.-(907)835-4497| 00736610 | LR","Completed","Peter Marsh","Completed","4/4/2018 12:33:01 PM EDT","4/4/2018 7:36:08 PM EDT","4/4/2018 4:31:40 PM EDT","4/4/2018 10:45:30 PM EDT","4/4/2018 7:36:08 PM EDT","timan@cvinternet.net"
"Please DocuSign your UPCIC insurance documents.-(907)835-4497| 00736610 | LR","Completed","Sheila Marsh","Completed","4/4/2018 12:33:01 PM EDT","4/4/2018 10:45:30 PM EDT","4/4/2018 10:44:52 PM EDT","4/4/2018 10:45:30 PM EDT","4/4/2018 10:45:30 PM EDT","timan@cvinternet.net"
"Please DocuSign your Aspen insurance documents.-(727)310-0140 | 00723994 |  SR BB","Delivered","Linda Anderson","Delivered","4/4/2018 12:25:14 PM EDT","","4/4/2018 2:36:27 PM EDT","","","landerson.lea@gmail.com"
"Please DocuSign your UPCIC insurance documents.-(954)632-0539| 00736563 | LR","Sent","Nicholas Pacheco","Sent","4/4/2018 12:12:53 PM EDT","","","","","n_pacheco@outlook.com"
"Please DocuSign your prepared insurance documents.-(917)385-8686 | 00736581 | LR","Completed","Sandra Allen","Completed","4/4/2018 12:09:54 PM EDT","4/4/2018 2:26:03 PM EDT","4/4/2018 2:23:21 PM EDT","4/4/2018 2:26:03 PM EDT","4/4/2018 2:26:03 PM EDT","sea217@hotmail.com"
"Please DocuSign Cancellation request form.-(561)246-8043 | 00731544 | MO","Completed","Sheril Wynn","Completed","4/4/2018 11:40:16 AM EDT","4/4/2018 11:50:32 AM EDT","4/4/2018 11:50:16 AM EDT","4/6/2018 9:15:43 AM EDT","4/4/2018 11:50:32 AM EDT","Sheril621@gmail.com"
"Please DocuSign Cancellation request form.-(561)246-8043 | 00731544 | MO","Completed","GAIL HABER","Completed","4/4/2018 11:40:16 AM EDT","4/6/2018 9:15:43 AM EDT","4/6/2018 9:15:27 AM EDT","4/6/2018 9:15:43 AM EDT","4/6/2018 9:15:43 AM EDT","Sheril621@gmail.com"
"Please DocuSign your Velocity & Cancellation insurance documents.-(201)679-8849 | 00592866 | LR MO","Completed","Alberto Salvi","Completed","4/4/2018 10:54:49 AM EDT","4/4/2018 3:28:14 PM EDT","4/4/2018 11:13:32 AM EDT","4/4/2018 3:28:14 PM EDT","4/4/2018 3:28:14 PM EDT","xcore2@live.com"
"Please DocuSign your Allrisks insurance documents.-(386)232-0299 | 00736396 | LR","Sent","Rautenberg, George","Sent","4/4/2018 10:11:56 AM EDT","","","","","george@rautenberg.biz"
"Please DocuSign Cancellation request form.-(772)257-6283 | 00736433 | MO","Completed","Myra Gordon","Completed","4/4/2018 9:59:16 AM EDT","4/4/2018 11:51:22 AM EDT","4/4/2018 10:29:46 AM EDT","4/4/2018 11:52:05 AM EDT","4/4/2018 11:51:22 AM EDT","skip.nrg@hotmail.com"
"Please DocuSign Cancellation request form.-(772)257-6283 | 00736433 | MO","Completed","Norman  Gordon","Completed","4/4/2018 9:59:15 AM EDT","4/4/2018 11:52:05 AM EDT","4/4/2018 11:50:35 AM EDT","4/4/2018 11:52:05 AM EDT","4/4/2018 11:52:05 AM EDT","skip.nrg@hotmail.com"
"Please DocuSign Statement of No Loss form.-(516)443-6783| 00728859 | SR","Voided","WADE SUSAN","Delivered","4/4/2018 9:42:04 AM EDT","","4/4/2018 10:55:23 AM EDT","4/5/2018 4:10:00 PM EDT","","susanwade220@gmail.com"
"Please DocuSign your BASS insurance documents.- pc#:AGP1293125 ph#:321-288-8839 SR JK","Completed","Herbert Eiermann","Completed","4/3/2018 5:46:19 PM EDT","4/4/2018 6:26:10 AM EDT","4/4/2018 6:21:27 AM EDT","4/4/2018 6:26:10 AM EDT","4/4/2018 6:26:10 AM EDT","herb.eierman@energytransfer.com"
"Please DocuSign your UPC insurance documents.-(734)358-5308 | 00736449 | LR","Completed","STEPHEN LUDY","Completed","4/3/2018 5:29:08 PM EDT","4/5/2018 6:07:50 PM EDT","4/5/2018 6:03:16 PM EDT","4/5/2018 6:09:51 PM EDT","4/5/2018 6:07:50 PM EDT","lkmkillian@yahoo.com"
"Please DocuSign your UPC insurance documents.-(734)358-5308 | 00736449 | LR","Completed","Laura Morris","Completed","4/3/2018 5:29:08 PM EDT","4/5/2018 6:09:51 PM EDT","4/5/2018 6:08:43 PM EDT","4/5/2018 6:09:51 PM EDT","4/5/2018 6:09:51 PM EDT","lkmkillian@yahoo.com"
"Please DocuSign your Velocity insurance documents.-(772)257-6283| 00736433 | LR","Completed","Myra F Gordon","Completed","4/3/2018 5:20:52 PM EDT","4/3/2018 5:44:58 PM EDT","4/3/2018 5:35:58 PM EDT","4/3/2018 5:48:04 PM EDT","4/3/2018 5:44:58 PM EDT","skip.nrg@hotmail.com"
"Please DocuSign your Velocity insurance documents.-(772)257-6283| 00736433 | LR","Completed","Norman R Gordon","Completed","4/3/2018 5:20:52 PM EDT","4/3/2018 5:48:04 PM EDT","4/3/2018 5:37:04 PM EDT","4/3/2018 5:48:04 PM EDT","4/3/2018 5:48:04 PM EDT","skip.nrg@hotmail.com"
"Please DocuSign your UPCIC insurance documents.-(727)321-0598 | 00736422 |  LR","Sent","Claudino Dejesus","Sent","4/3/2018 5:11:28 PM EDT","","","","","dejesusclaudino1918@yahoo.com"
"Please DocuSign Cancellation request form.-(954)253-9160| 00181842 | MO","Completed","Barbara Segal","Completed","4/3/2018 5:06:42 PM EDT","4/3/2018 5:25:18 PM EDT","4/3/2018 5:24:37 PM EDT","4/3/2018 5:25:18 PM EDT","4/3/2018 5:25:18 PM EDT","kngmidas@bellsouth.net"
"Please DocuSign your Allrisks insurance documents.-(727)276-5490| 00736412 | LU Kory  Manny","Completed","Tasch Anistacia","Completed","4/3/2018 5:04:59 PM EDT","4/3/2018 5:43:15 PM EDT","4/3/2018 5:08:53 PM EDT","4/3/2018 5:43:15 PM EDT","4/3/2018 5:43:15 PM EDT","Larypetdog32@gmail.com"
"Please DocuSign your UPCIC insurance documents.-(254)290-4860 | 00736407 |  LR","Completed","Clint M Jacobs","Completed","4/3/2018 4:50:19 PM EDT","4/3/2018 6:28:49 PM EDT","4/3/2018 6:23:08 PM EDT","4/3/2018 6:28:49 PM EDT","4/3/2018 6:28:49 PM EDT","jacobscssg@yahoo.com"
"Please DocuSign your Aspen insurance documents.-(561)246-8043 pc#:TBA428 LR BB","Completed","Sheril Wynn","Completed","4/3/2018 4:38:56 PM EDT","4/4/2018 9:11:59 AM EDT","4/3/2018 7:47:07 PM EDT","4/4/2018 9:11:59 AM EDT","4/4/2018 9:11:59 AM EDT","Sheril621@gmail.com"
"Please DocuSign your BASS insurance documents.-(561)574-6954| 00638805 |  SR BB","Delivered","Tropical Gardens Villas Inc.","Delivered","4/3/2018 3:48:13 PM EDT","","4/4/2018 12:00:26 PM EDT","","","richardmc31@icloud.com"
"Please DocuSign your Allrisks insurance documents.-(561)654-5840| 00736373 | SR BB","Delivered","Saar Bregolato, Naisy","Delivered","4/3/2018 3:14:47 PM EDT","","4/3/2018 3:25:17 PM EDT","","","fcbregolato01@gmail.com"
"Please DocuSign your ASI insurance documents.-(407)433-3392| 00651572 |  LR","Completed","Samdaye Khan","Completed","4/3/2018 3:07:04 PM EDT","4/3/2018 3:33:02 PM EDT","4/3/2018 3:26:58 PM EDT","4/3/2018 3:40:30 PM EDT","4/3/2018 3:33:02 PM EDT","Rkhan280@gmail.com"
"Please DocuSign your ASI insurance documents.-(407)433-3392| 00651572 |  LR","Completed","Rasheed Khan","Completed","4/3/2018 3:07:03 PM EDT","4/3/2018 3:40:30 PM EDT","4/3/2018 3:37:46 PM EDT","4/3/2018 3:40:30 PM EDT","4/3/2018 3:40:30 PM EDT","Rkhan280@gmail.com"
"Please DocuSign your Velocity  & Cancellation insurance documents.-(203)921-9569 | 00736344 | LR MO","Completed","Eric Friedman","Completed","4/3/2018 3:02:57 PM EDT","4/3/2018 4:38:38 PM EDT","4/3/2018 3:20:40 PM EDT","4/3/2018 4:45:39 PM EDT","4/3/2018 4:38:38 PM EDT","efriedm@optonline.net"
"Please DocuSign your Velocity  & Cancellation insurance documents.-(203)921-9569 | 00736344 | LR MO","Completed","BEVERLY FRIEDMAN","Completed","4/3/2018 3:02:58 PM EDT","4/3/2018 4:45:39 PM EDT","4/3/2018 3:27:52 PM EDT","4/3/2018 4:45:39 PM EDT","4/3/2018 4:45:39 PM EDT","efriedm@optonline.net"
"Please DocuSign your Velocity insurance documents.-(954)501-2028| 00736291 | LR","Delivered","Geoffrey West","Delivered","4/3/2018 2:31:10 PM EDT","","4/4/2018 11:07:26 AM EDT","","","geoffwest0829@yahoo.com"
"Please DocuSign Skipjack Premium Finance form-(786)537-6495| 00720632 MClinton","Completed","Hubert Joseph","Completed","4/3/2018 2:15:30 PM EDT","4/3/2018 7:51:38 PM EDT","4/3/2018 7:41:53 PM EDT","4/3/2018 7:51:38 PM EDT","4/3/2018 7:51:38 PM EDT","lyndajoseph47@gmail.com"
"Please DocuSign your ASI insurance & cancellaton documents.-(561)738-6332 | 00102003 | LR MO","Delivered","PHYLLIS HIRSCHBERG-WEAVING","Delivered","4/3/2018 1:50:59 PM EDT","","4/3/2018 3:20:01 PM EDT","","","dwandph@comcast.net"
"Please DocuSign your UPC insurance documents.-(863)666-8024| 00736282 | LR","Completed","WILLIAM KEARNS","Completed","4/3/2018 12:53:35 PM EDT","4/4/2018 8:55:06 AM EDT","4/3/2018 9:37:02 PM EDT","4/4/2018 8:55:06 AM EDT","4/4/2018 8:55:06 AM EDT","nkearns1@tampabay.rr.com"
"Please DocuSign you TRAVELERS & Cancellation insurance documents.-(561)876-5640 | 00176492 |  LU","Completed","C.  LOUIS ELDER II","Completed","4/3/2018 12:23:46 PM EDT","4/3/2018 11:15:36 PM EDT","4/3/2018 11:11:19 PM EDT","4/3/2018 11:15:36 PM EDT","4/3/2018 11:15:36 PM EDT","lelder66@gmail.com"
"NEW:Please DocuSign your Allrisks insurance documents.-(207)230-4352 pc#3310123-2 SR","Completed","Boucher Juliann","Completed","4/3/2018 11:44:31 AM EDT","4/3/2018 1:12:14 PM EDT","4/3/2018 12:10:00 PM EDT","4/3/2018 1:12:14 PM EDT","4/3/2018 1:12:14 PM EDT","indianwoman2003@yahoo.com"
"Please DocuSign your US Costal P&C insurance documents.-(330)608-8695| 00736251 |  LR","Completed","DEYARMIN, DANIEL","Completed","4/3/2018 11:32:16 AM EDT","4/3/2018 7:17:26 PM EDT","4/3/2018 7:13:27 PM EDT","4/3/2018 7:17:26 PM EDT","4/3/2018 7:17:26 PM EDT","dterminator454@yahoo.com"
"Please DocuSign your Velocity  insurance documents.- ph#:754-246-9094 pc#:VUW-HO-550455 SB","Completed","Orain Pitt","Completed","4/3/2018 11:20:29 AM EDT","4/3/2018 11:29:47 AM EDT","4/3/2018 11:26:35 AM EDT","4/3/2018 11:29:47 AM EDT","4/3/2018 11:29:47 AM EDT","Orainpitt1976@gmail.com"
"corrected: Please DocuSign your ASI insurance document .-(787)671-4528 | 00279285 | SB MO","Sent","Maribel Castellanos","Sent","4/3/2018 11:07:21 AM EDT","","","","","Charlie1971@hotmail.com"
"corrected: Please DocuSign your ASI insurance document .-(787)671-4528 | 00279285 | SB MO","Sent","Carlos Hernandez","Sent","4/3/2018 11:07:21 AM EDT","","","","","Charlie1971@hotmail.com"
"Please DocuSign your CP insurance documents.-(732)261-8948 | 00730643 | LR","Sent","Edward Stephens","Sent","4/3/2018 10:33:50 AM EDT","","","","","surflinetr@aol.com"
"Please DocuSign your Aspen insurance documents.-(561)336-4467| 00734352 | LR BB","Sent","John Kelly","Sent","4/3/2018 10:31:27 AM EDT","","","","","najadaddy@hotmail.com"
"Please DocuSign your Capitol Preferred insurance documents.-(631)375-9130| 00719309 | JM","Completed","Joseph Cracolici","Completed","4/3/2018 10:23:51 AM EDT","4/4/2018 11:40:22 AM EDT","4/4/2018 11:33:35 AM EDT","4/4/2018 11:40:22 AM EDT","4/4/2018 11:40:22 AM EDT","nyscertified@gmail.com"
"Please DocuSign your Velocity insurance documents.-(305)342-2205| 00730535 SB","Completed","Franco Ponce","Completed","4/3/2018 9:58:23 AM EDT","4/3/2018 11:52:59 AM EDT","4/3/2018 11:52:14 AM EDT","4/7/2018 10:48:35 AM EDT","4/3/2018 11:52:59 AM EDT","fponce85@gmail.com"
"Please DocuSign your Velocity insurance documents.-(305)342-2205| 00730535 SB","Completed","Teresa Hevia-Silverio","Completed","4/3/2018 9:58:23 AM EDT","4/7/2018 10:48:35 AM EDT","4/7/2018 10:48:07 AM EDT","4/7/2018 10:48:35 AM EDT","4/7/2018 10:48:35 AM EDT","fponce85@gmail.com"
"Please DocuSign your TH & Cancellation request form documents.-(954)566-2498 | 00373881 | SB MO","Completed","Ronald Mierau","Completed","4/3/2018 9:52:42 AM EDT","4/3/2018 12:47:23 PM EDT","4/3/2018 12:39:30 PM EDT","4/3/2018 12:47:23 PM EDT","4/3/2018 12:47:23 PM EDT","rmierau@bellsouth.net"
"Please DocuSign your Wind Mitigation inspection.-(786)281-9630 | 00731987 | SB","Completed","Guito Raphael","Completed","4/3/2018 9:48:40 AM EDT","4/3/2018 9:49:19 AM EDT","4/3/2018 9:49:05 AM EDT","4/3/2018 9:49:19 AM EDT","4/3/2018 9:49:19 AM EDT","guerdaraphael@gmail.com"
"Please DocuSign your Allrisk & ASI flood insurance documents.-(954)854-4019 | 00729921 | SR LR BB","Completed","Victor Cole","Completed","4/3/2018 9:38:13 AM EDT","4/5/2018 5:26:42 AM EDT","4/3/2018 11:49:17 AM EDT","4/5/2018 5:26:42 AM EDT","4/5/2018 5:26:42 AM EDT","purpleroyal26@gmail.com"
"Please DocuSign your BASS  insurance documents.-(301)326-7277| 00730032 | SR DR","Sent","Karin  Kaulakis","Sent","4/3/2018 9:34:11 AM EDT","","","","","karindb@comcast.net"
"Please DocuSign your Capitol Preferred insurance documents.-(407)237-0156 | 00723679 |LR MO","Sent","SALVATORE J SALERNO","Sent","4/3/2018 9:28:10 AM EDT","","","","","tiggersalerno@yahoo.com"
"Please DocuSign your Capitol Preferred insurance documents.-(407)237-0156 | 00723679 |LR MO","Sent","NILSA SALERNO","Delivered","4/3/2018 9:28:10 AM EDT","","4/3/2018 12:23:57 PM EDT","","","tiggersalerno@yahoo.com"
"Please DocuSign your CP insurance documents.-(386)753-5192 | 00726848 | LR","Sent","Louise Summerall","Sent","4/3/2018 9:23:36 AM EDT","","","","","louisesummerall1947@gmail.com"
"corrected: Please DocuSign this agent of record form.-(954)720-6976 | 00722595 | LR","Sent","JACQUELINE CASSIO","Sent","4/3/2018 9:14:11 AM EDT","","","","","jacknskip@att.net"
"corrected: Please DocuSign this agent of record form.-(954)720-6976 | 00722595 | LR","Sent","JOSEPH CASSIO","Sent","4/3/2018 9:14:11 AM EDT","","","","","jacknskip@att.net"
"Please DocuSign: NVH-0003888 Inspection Letter.-(786)916-2794| 00720811 | LR","Sent","Harris-Carter Walter","Sent","4/3/2018 9:03:51 AM EDT","","","","","carterwalt60@yahoo.com"
"New app: Please DocuSign your ICAT insurance documents.-(786)281-6755| 00727366 SR","Completed","Marie Bony","Completed","4/3/2018 8:53:06 AM EDT","4/5/2018 7:09:09 PM EDT","4/5/2018 7:08:45 PM EDT","4/5/2018 7:09:09 PM EDT","4/5/2018 7:09:09 PM EDT","mlpierreno1@yahoo.com"
"Please DocuSign your TH & Cancellation request form documents.-(954)980-8782 | 00733668 | SB MO","Completed","Jake Saliba","Completed","4/2/2018 5:21:32 PM EDT","4/6/2018 9:13:02 AM EDT","4/6/2018 9:11:05 AM EDT","4/6/2018 9:07:39 PM EDT","4/6/2018 9:13:02 AM EDT","jakesaliba90@gmail.com"
"Please DocuSign your TH & Cancellation request form documents.-(954)980-8782 | 00733668 | SB MO","Completed","Heather Saliba","Completed","4/2/2018 5:21:32 PM EDT","4/6/2018 9:07:39 PM EDT","4/6/2018 9:05:17 PM EDT","4/6/2018 9:07:39 PM EDT","4/6/2018 9:07:39 PM EDT","jakesaliba90@gmail.com"
"Please DocuSign your UPCIC insurance documents.-(786)328-8341 | 00736151 | LR","Completed","JORGE DE LA ROSA","Completed","4/2/2018 5:04:35 PM EDT","4/4/2018 10:50:13 AM EDT","4/2/2018 5:52:08 PM EDT","4/4/2018 10:50:13 AM EDT","4/4/2018 10:50:13 AM EDT","Jorgedlr2004@gmail.com"
"Please DocuSign your UPC insurance documents.-(707)292-1802 | 00736129 | LR","Sent","WILLIAM MOYER","Sent","4/2/2018 5:00:55 PM EDT","","","","","Wm.david.moyer@gmail.com"
"Please DocuSign your UPC insurance documents.-(707)292-1802 | 00736129 | LR","Sent","NAOMI SAMPLE","Sent","4/2/2018 5:00:56 PM EDT","","","","","Wm.david.moyer@gmail.com"
"Please DocuSign your UPCIC insurance documents.- ph#:720-947-9476 pc#:1503-1801-2567 LR","Sent","Charlotte Sullivan","Sent","4/2/2018 4:55:19 PM EDT","","","","","ceo5sullivan@gmail.com"
"Please DocuSign: HVH-0001766 Inspection Letter.-(786)651-0663| 00727186 | LR","Completed","Stein Haslam, Myra","Completed","4/2/2018 4:43:43 PM EDT","4/6/2018 10:26:17 PM EDT","4/6/2018 10:24:28 PM EDT","4/6/2018 10:26:17 PM EDT","4/6/2018 10:26:17 PM EDT","jacquelinehaslam612@gmail.com"
"Please DocuSign your Velocity insurance documents.-(850)710-3038| 00736109 |  SB","Delivered","Paul Doom","Delivered","4/2/2018 4:06:10 PM EDT","","4/2/2018 6:24:21 PM EDT","","","mqsbwa@gmail.com"
"Please DocuSign your UPCIC insurance documents.-(954)200-1041| 00452521 | LR","Completed","CARMEN ARANGO","Completed","4/2/2018 3:12:22 PM EDT","4/2/2018 3:28:48 PM EDT","4/2/2018 3:26:01 PM EDT","4/2/2018 3:28:48 PM EDT","4/2/2018 3:28:48 PM EDT","arango1322@gmail.com"
"Please DocuSign this policy change request.-(561)797-4127| 00670798 | AG","Sent","Williams, Frank","Sent","4/2/2018 2:44:10 PM EDT","","","","","natachapeuguero@yahoo.com"
"Corrected: Please DocuSign this policy change request.-(561)479-1543| 00720143 |LU","Completed","Stanley Civin","Completed","4/2/2018 2:37:52 PM EDT","4/2/2018 9:20:41 PM EDT","4/2/2018 9:18:37 PM EDT","4/2/2018 9:20:41 PM EDT","4/2/2018 9:20:41 PM EDT","stancivin@lbugroup.com"
"Please DocuSign your Allrisks insurance documents.-(321)777-4363 | 00736021 | SR HH","Voided","Alridge, Ron","Delivered","4/2/2018 2:34:33 PM EDT","","4/2/2018 3:09:19 PM EDT","4/5/2018 8:48:23 AM EDT","","aldge193613@sbcglobal.net"
"Please DocuSign your Allrisks insurance documents.-(407)470-0983| 00736016 |  SR HH","Completed","Tatterson, James","Completed","4/2/2018 2:17:48 PM EDT","4/2/2018 4:44:41 PM EDT","4/2/2018 4:40:25 PM EDT","4/2/2018 4:44:41 PM EDT","4/2/2018 4:44:41 PM EDT","tattwo28216@yahoo.com"
"updated: Please DocuSign your Wind Mitigation inspection.-(321)508-4181 | 00724450 | KC SB","Completed","Teresa Guthrie","Completed","4/2/2018 1:26:01 PM EDT","4/5/2018 3:38:00 PM EDT","4/5/2018 3:36:16 PM EDT","4/5/2018 3:38:00 PM EDT","4/5/2018 3:38:00 PM EDT","taguth65@gmail.com"
"Please DocuSign your Travelers UM form.-(561)329-4847 | 00711208 | Matt","Completed","Erica Guider","Completed","4/2/2018 12:46:57 PM EDT","4/2/2018 12:57:13 PM EDT","4/2/2018 12:56:57 PM EDT","4/2/2018 12:57:13 PM EDT","4/2/2018 12:57:13 PM EDT","ericaguider@gmail.com"
"Please DocuSign your UPCIC insurance documents.-(770)363-4959| 00735998 | LR","Completed","Richelle Andrews","Completed","4/2/2018 12:39:40 PM EDT","4/2/2018 7:52:45 PM EDT","4/2/2018 1:10:41 PM EDT","4/2/2018 7:56:33 PM EDT","4/2/2018 7:52:45 PM EDT","rere90@gmail.com"
"Please DocuSign your UPCIC insurance documents.-(770)363-4959| 00735998 | LR","Completed","Marc Andrews","Completed","4/2/2018 12:39:40 PM EDT","4/2/2018 7:56:33 PM EDT","4/2/2018 7:49:13 PM EDT","4/2/2018 7:56:33 PM EDT","4/2/2018 7:56:33 PM EDT","rere90@gmail.com"
"Please DocuSign your Prepared  insurance documents.-(954)253-9160| 00181842 | LR","Completed","Barbara Segal","Completed","4/2/2018 12:12:46 PM EDT","4/2/2018 1:19:18 PM EDT","4/2/2018 1:16:58 PM EDT","4/2/2018 1:19:18 PM EDT","4/2/2018 1:19:18 PM EDT","kngmidas@bellsouth.net"
"Please DocuSign your UPCIC insurance documents.-(352)978-0032 | 00735975 |LU","Sent","Arcolia Wakefield","Sent","4/2/2018 11:55:42 AM EDT","","","","","hotcocoa52@gmail.com"
"Please DocuSign your BASS insurance documents.-(305)879-0554| 00735953 | SR DR","Completed","Brunel Bataille","Completed","4/2/2018 11:02:08 AM EDT","4/2/2018 9:17:44 PM EDT","4/2/2018 8:50:40 PM EDT","4/2/2018 9:17:44 PM EDT","4/2/2018 9:17:44 PM EDT","Maltema2000@yahoo.com"
"Please DocuSign your Bass insurance documents.- ph#:954-600-5803 pc#:AGP1294241 SR JK","Completed","Jarmila Kubikova","Completed","4/2/2018 2:59:08 PM EDT","4/4/2018 8:25:48 PM EDT","4/4/2018 8:18:10 PM EDT","4/4/2018 8:25:48 PM EDT","4/4/2018 8:25:48 PM EDT","jarmilakubikova@hotmail.com"
"Please DocuSign Replacement cost(516)724-5226| 00725722 |LR","Sent","Alan Levine","Sent","4/2/2018 10:41:13 AM EDT","","","","","blevine301@aol.com"
"Please DocuSign your Allrisk insurance documents.-(561)856-9566 | 00731113 | LR BB","Sent","Amanda Rivas","Sent","4/2/2018 10:39:14 AM EDT","","","","","Amandarivas78@yahoo.com"
"Please DocuSign your BASS insurance documents.-(954)437-0384| 00735729 |  LU JK","Completed","Donna Channer Rose","Completed","4/2/2018 10:31:03 AM EDT","4/2/2018 2:07:51 PM EDT","4/2/2018 2:04:12 PM EDT","4/2/2018 2:07:51 PM EDT","4/2/2018 2:07:51 PM EDT","dmcrose@gmail.com"
"Please DocuSign Cancellation request form.-(561)323-1590 | 00712515 | SB","Completed","William Kikta","Completed","4/2/2018 10:04:23 AM EDT","4/2/2018 10:13:08 AM EDT","4/2/2018 10:12:37 AM EDT","4/2/2018 10:13:08 AM EDT","4/2/2018 10:13:08 AM EDT","william_kikta@yahoo.com"
"Please DocuSign: NVF-0002440 Inspection Letter.-(954)732-2474 | 00729644 | LR","Completed","Mcgregor, Jenny","Completed","4/2/2018 9:56:00 AM EDT","4/5/2018 7:41:46 AM EDT","4/5/2018 7:41:30 AM EDT","4/5/2018 7:41:46 AM EDT","4/5/2018 7:41:46 AM EDT","jennymcgregor73@gmail.com"
"Please DocuSign your Seacoast insurance documents.-(561)722-9855 | 00735817 | SB","Completed","Zachariah Hodges","Completed","4/2/2018 9:48:56 AM EDT","4/2/2018 10:29:12 AM EDT","4/2/2018 10:14:41 AM EDT","4/2/2018 10:29:12 AM EDT","4/2/2018 10:29:12 AM EDT","iamepyon@gmail.com"
"Please DocuSign your SFI insurance documents.-(305)968-0584 | 00735812 SB","Completed","Nicholas Drummond","Completed","4/2/2018 9:40:40 AM EDT","4/2/2018 6:09:43 PM EDT","4/2/2018 6:07:52 PM EDT","4/2/2018 6:09:43 PM EDT","4/2/2018 6:09:43 PM EDT","donnick55@gmail.com"
"Please DocuSign your BASS insurance documents.- qt#: AGP1293471 ph#:305-322-7896 SR DR MANNY","Completed","Chris Cole","Completed","4/1/2018 2:04:50 PM EDT","4/1/2018 2:05:55 PM EDT","4/1/2018 2:05:17 PM EDT","4/3/2018 7:54:51 PM EDT","4/1/2018 2:05:55 PM EDT","kerry.clinton@brightway.com"
"Please DocuSign your BASS insurance documents.- qt#: AGP1293471 ph#:305-322-7896 SR DR MANNY","Completed","Lillian Beauchamp ","Completed","4/1/2018 2:04:50 PM EDT","4/3/2018 7:54:51 PM EDT","4/3/2018 7:31:34 PM EDT","4/3/2018 7:54:51 PM EDT","4/3/2018 7:54:51 PM EDT","lillilove33177@yahoo.com"