"Subject","Status","Recipient Name","Action","Sent On","Completed On","View Date","Status Changed Date","Sign Date","Recipient Email"
"Please DocuSign your Velocity insurance documents.- ph#561-727-3220 pc#VUW-HO-576563 LP VO","Completed","Maria Paredes- Rodriguez","Completed","7/13/2018 5:39:26 PM EDT","7/13/2018 6:17:40 PM EDT","7/13/2018 6:13:15 PM EDT","7/13/2018 6:18:33 PM EDT","7/13/2018 6:17:40 PM EDT","geralyn.cardenas@brightway.com"
"Please DocuSign your Velocity insurance documents.- ph#561-727-3220 pc#VUW-HO-576563 LP VO","Completed","Ricardo Ortiz-Pinzon","Completed","7/13/2018 5:39:26 PM EDT","7/13/2018 6:18:33 PM EDT","7/13/2018 6:18:03 PM EDT","7/13/2018 6:18:33 PM EDT","7/13/2018 6:18:33 PM EDT","geralyn.cardenas@brightway.com"
"Please DocuSign your Velocity insurance documents.-(516)983-4728| 00760820 | LP VO","Delivered","Patricia Campbell","Delivered","7/13/2018 5:17:04 PM EDT","","7/14/2018 8:05:49 PM EDT","","","SPCHDOC@GMAIL.COM"
"Please DocuSign your Velocity insurance documents.-(516)983-4728| 00760820 | LP VO","Delivered","john Campbell","Delivered","7/13/2018 5:17:03 PM EDT","","7/15/2018 6:10:33 AM EDT","","","SPCHDOC@GMAIL.COM"
"Please DocuSign your ASI Flood insurance documents.-(314)753-8324| 00759904 | AG","Completed","Lisa Palmer","Completed","7/13/2018 4:20:46 PM EDT","7/13/2018 5:15:33 PM EDT","7/13/2018 5:15:11 PM EDT","7/13/2018 5:15:33 PM EDT","7/13/2018 5:15:33 PM EDT","lmoise@aol.com"
"Please DocuSign your Tapco insurance documents.-(845)226-6107| 00757928 | LR","Completed","Ann Pooler","Completed","7/13/2018 1:31:01 PM EDT","7/13/2018 2:45:50 PM EDT","7/13/2018 2:44:44 PM EDT","7/13/2018 2:45:50 PM EDT","7/13/2018 2:45:50 PM EDT","apooler@aol.com"
"Please DocuSign your new ASI flood insurance application.-(727)637-3244| 00750249 | AG","Completed","Indra Treimanis","Completed","7/13/2018 1:11:18 PM EDT","7/13/2018 1:16:26 PM EDT","7/13/2018 1:15:11 PM EDT","7/13/2018 1:16:26 PM EDT","7/13/2018 1:16:26 PM EDT","indratreimanis@hotmail.com"
"Please DocuSign: NVH-0005710 Inspection Letter.-(305)761-3321| 00755011 | LR","Sent","Bellamy-Corbett, Inez","Sent","7/13/2018 12:48:01 PM EDT","","","","","inezcorbett@yahoo.com"
"Please DocuSign: HVH-0002131 Inspection Letter.-(904)707-1780| 00737250 | LR","Completed","Lehrmann, Jodi","Completed","7/13/2018 12:42:39 PM EDT","7/13/2018 2:27:11 PM EDT","7/13/2018 2:27:02 PM EDT","7/13/2018 2:27:11 PM EDT","7/13/2018 2:27:11 PM EDT","jodilehrmann@gmail.com"
"Please DocuSign your Olympus insurance documents.-(206)450-1825| 00457159 | AG LR","Completed","Clinton J. Goodman","Completed","7/13/2018 12:29:57 PM EDT","7/13/2018 5:40:13 PM EDT","7/13/2018 1:40:43 PM EDT","7/13/2018 5:42:08 PM EDT","7/13/2018 5:40:13 PM EDT","Cj809@hotmail.com"
"Please DocuSign your Olympus insurance documents.-(206)450-1825| 00457159 | AG LR","Completed","Stephanie S. Goodman","Completed","7/13/2018 12:29:57 PM EDT","7/13/2018 5:42:08 PM EDT","7/13/2018 5:40:40 PM EDT","7/13/2018 5:42:08 PM EDT","7/13/2018 5:42:08 PM EDT","Cj809@hotmail.com"
"Please DocuSign your Bass insurance documents.-(305)560-7583| 00743595 | LU BB","Sent","Tara  Philcox","Sent","7/13/2018 12:18:17 PM EDT","","","","","tarabull@gmail.com"
"Please DocuSign your Velocity insurance documents.-(786)223-8816| 00760673 | LP","Delivered","Anthony Brito","Delivered","7/13/2018 12:10:55 PM EDT","","7/13/2018 11:30:44 PM EDT","","","britoclk@gmail.com"
"Please DocuSign your UPCIC insurance documents.-(561)452-2308| 00647617 | AG","Completed","Chauncy  N Davis","Completed","7/13/2018 12:00:20 PM EDT","7/13/2018 5:24:46 PM EDT","7/13/2018 5:13:36 PM EDT","7/13/2018 5:24:46 PM EDT","7/13/2018 5:24:46 PM EDT","chauncy_davis@yahoo.com"
"Please DocuSign your Southern Fidelity insurance documents.-(954)393-3109 | 00760642 | LR","Delivered","DACIAN ZAINEA","Delivered","7/13/2018 11:53:03 AM EDT","","7/13/2018 2:16:07 PM EDT","","","adamanrealtor@gmail.com"
"Please DocuSign your Southern Fidelity insurance documents.-(754)245-4671| 00760636 | LU","Completed","LARRY GENE TAYLOR JR","Completed","7/13/2018 11:42:29 AM EDT","7/13/2018 12:54:00 PM EDT","7/13/2018 12:10:14 PM EDT","7/13/2018 12:54:00 PM EDT","7/13/2018 12:54:00 PM EDT","LARRYGT20032003@YAHOO.COM"
"Please DocuSign your Allrisks insurance documents.-(757)277-5152 | 00760625 |  LU KG","Completed","Ramnath, Donovan Donald","Completed","7/12/2018 5:10:28 PM EDT","7/13/2018 10:58:46 AM EDT","7/13/2018 10:55:37 AM EDT","7/13/2018 10:58:46 AM EDT","7/13/2018 10:58:46 AM EDT","donovanramnath@gmail.com"
"Please DocuSign your BASS insurance documents.-(828)980-3391| 00760593 |  LU","Completed","Joanne Casey","Completed","7/12/2018 5:04:04 PM EDT","7/12/2018 8:52:28 PM EDT","7/12/2018 8:51:03 PM EDT","7/12/2018 8:52:28 PM EDT","7/12/2018 8:52:28 PM EDT","Hawk120847@yahoo.com"
"Please DocuSign your Federated insurance documents.-(707)380-9513 | 00759590 | LR","Completed","Stefany J Yunka","Completed","7/12/2018 4:55:59 PM EDT","7/12/2018 5:59:03 PM EDT","7/12/2018 5:58:20 PM EDT","7/12/2018 5:59:03 PM EDT","7/12/2018 5:59:03 PM EDT","fetchingmusic3@gmail.com"
"Please DocuSign your UPCIC insurance documents.-(919)400-2726| 00760570 | AG","Completed","Darlene  Peterson","Completed","7/12/2018 4:44:53 PM EDT","7/12/2018 5:04:51 PM EDT","7/12/2018 5:02:32 PM EDT","7/12/2018 5:04:51 PM EDT","7/12/2018 5:04:51 PM EDT","darlenepeterson40@gmail.com"
"Please DocuSign your UPC insurance documents.-(850)602-4568 | 00760559 | LP","Sent","REBECCA LOUIS WUEST","Sent","7/12/2018 4:34:48 PM EDT","","","","","cindy_huges2001@yahoo.com"
"Please DocuSign your Travelers insurance documents.-(781)913-9922| 00721551 | LU VO","Delivered","ALANNA LEONARD","Delivered","7/12/2018 4:24:51 PM EDT","","7/14/2018 1:16:04 PM EDT","","","Aleonard.realtor@gmail.com"
"Please DocuSign your Travelers insurance documents.-(781)913-9922| 00721551 | LU VO","Delivered","Winifred Ezekiel","Completed","7/13/2018 3:44:05 PM EDT","7/14/2018 1:15:04 PM EDT","7/13/2018 3:50:10 PM EDT","","7/14/2018 1:15:04 PM EDT","aleonard.realtor@gmail.com"
"Please DocuSign your Foremost insurance documents.-(561)531-9063| 00760498 | LU","Completed","JOEY TORRES","Completed","7/12/2018 4:14:07 PM EDT","7/12/2018 4:17:53 PM EDT","7/12/2018 4:14:34 PM EDT","7/12/2018 4:17:53 PM EDT","7/12/2018 4:17:53 PM EDT","Joeytorres1983@gmail.com"
"Please DocuSign your home insurance documents.-(561)542-4176 | 00759931 |  AG","Completed","Anum  Rehman","Completed","7/12/2018 2:55:15 PM EDT","7/12/2018 10:02:41 PM EDT","7/12/2018 10:00:37 PM EDT","7/12/2018 10:02:41 PM EDT","7/12/2018 10:02:41 PM EDT","moinrehman@bellsouth.net"
"Please DocuSign: NVH-0005298 Inspection Letter.-(754)367-3087| 00750014 | LR","Sent","Jean Baptiste, Eliciane","Sent","7/12/2018 1:26:55 PM EDT","","","","","eliciane67@gmail.com"
"Please DocuSign your Tapco insurance documents.-(786)352-3915| 00760175 | LU JK","Completed","Trio Investment Group LLC/ Manuel Barroso","Completed","7/12/2018 1:21:50 PM EDT","7/13/2018 2:24:05 PM EDT","7/13/2018 2:19:58 PM EDT","7/13/2018 2:24:05 PM EDT","7/13/2018 2:24:05 PM EDT","manuel@xurpaslatam.com"
"Please DocuSign your Tapco insurance documents.-(786)352-3915| 00760175 | LU JK","Completed","Trio Investment Group LLC/ Manuel Barroso","Completed","7/12/2018 1:15:11 PM EDT","7/13/2018 2:24:59 PM EDT","7/13/2018 2:24:28 PM EDT","7/13/2018 2:24:59 PM EDT","7/13/2018 2:24:59 PM EDT","manuel@xurpaslatam.com"
"Please DocuSign your Tapco insurance documents.-(786)352-3915| 00760175 | LU JK","Completed","Trio Investment Group LLC/ Manuel Barroso","Completed","7/12/2018 1:11:33 PM EDT","7/13/2018 2:25:35 PM EDT","7/13/2018 2:25:16 PM EDT","7/13/2018 2:25:35 PM EDT","7/13/2018 2:25:35 PM EDT","manuel@xurpaslatam.com"
"Please DocuSign your Asi & Progressive insurance documents.-(706)580-0865| 00760276 | AG VO","Sent","Rebecca  Hardie","Sent","7/12/2018 11:26:44 AM EDT","","","","","Jospeh_hardie@us.aflac.com"
"Please DocuSign your Asi & Progressive insurance documents.-(706)580-0865| 00760276 | AG VO","Sent","Joseph Ray Hardie","Sent","7/12/2018 11:26:44 AM EDT","","","","","Jospeh_hardie@us.aflac.com"
"Please DocuSign your Aspen insurance documents.-(661)303-8002| 00760266 | LR BB","Completed","Graciela  Blanco","Completed","7/12/2018 11:03:24 AM EDT","7/12/2018 11:56:38 AM EDT","7/12/2018 11:49:50 AM EDT","7/12/2018 11:56:38 AM EDT","7/12/2018 11:56:38 AM EDT","marioychelita@gmail.com"
"Please DocuSign your UPCIC insurance documents.-(718)749-2414| 00760252 | AG","Completed","Sheldon Dexter Savary","Completed","7/12/2018 10:51:28 AM EDT","7/14/2018 10:25:04 AM EDT","7/12/2018 3:53:34 PM EDT","7/14/2018 10:33:31 AM EDT","7/14/2018 10:25:04 AM EDT","anishkadsavary@gmail.com"
"Please DocuSign your UPCIC insurance documents.-(718)749-2414| 00760252 | AG","Completed","ANISHKA  DRUMMOND-SAVARY","Completed","7/12/2018 10:51:28 AM EDT","7/14/2018 10:33:31 AM EDT","7/12/2018 10:53:15 AM EDT","7/14/2018 10:33:31 AM EDT","7/14/2018 10:33:31 AM EDT","anishkadsavary@gmail.com"
"NEW: Please DocuSign this policy change request.-(561)682-6191| 00152394 | AG","Completed","Sally Kennedy","Completed","7/12/2018 10:23:18 AM EDT","7/13/2018 11:21:51 AM EDT","7/12/2018 10:55:31 AM EDT","7/13/2018 11:21:51 AM EDT","7/13/2018 11:21:51 AM EDT","denandsal@comcast.net"
"Please DocuSign your Allrisks insurance documents.- qt#:3614913 ph#:727-347-8029 LR DR","Completed","hesse, David","Completed","7/12/2018 8:59:02 AM EDT","7/12/2018 9:05:58 AM EDT","7/12/2018 9:03:27 AM EDT","7/12/2018 9:05:58 AM EDT","7/12/2018 9:05:58 AM EDT","davidhesse65@yahoo.com"
"MISSING SIGNATURE:Please DocuSign Cancellation request form.-(321)961-9496| 00683575 | VO","Voided","Acra, Margaret","Sent","7/11/2018 4:55:31 PM EDT","","","7/11/2018 4:55:58 PM EDT","","margaretacra@yahoo.com"
"Please DocuSign: IMA348888 Inspection Letter.-(954)449-5055| 00753210 |  LR","Completed","MCCormack, Joshua","Completed","7/11/2018 4:43:32 PM EDT","7/11/2018 5:09:54 PM EDT","7/11/2018 5:09:24 PM EDT","7/11/2018 5:09:54 PM EDT","7/11/2018 5:09:54 PM EDT","tony.mack@mac.com"
"Please DocuSign Cancellation request form.-(954)821-8392| 00616017 | VO","Completed","GARY KAYE","Completed","7/11/2018 4:39:13 PM EDT","7/12/2018 8:35:49 AM EDT","7/12/2018 8:32:58 AM EDT","7/12/2018 8:35:49 AM EDT","7/12/2018 8:35:49 AM EDT","Yellowtab6@aol.com"
"Please DocuSign Cancellation request form.-(561)375-9392| 00746609 | VO","Sent","ELAINE M FLOOM","Sent","7/11/2018 4:28:42 PM EDT","","","","","jad3223@aol.com"
"Please DocuSign your Velocity insurance documents.-(954)839-9592| 00746457 | LP VO","Sent","Florence Khan","Sent","7/11/2018 3:45:48 PM EDT","","","","","aishakhan954@gmail.com"
"Please DocuSign your Velocity insurance documents.-(954)839-9592| 00746457 | LP VO","Sent","AISHA KHAN","Sent","7/11/2018 3:45:48 PM EDT","","","","","aishakhan954@gmail.com"
"Please DocuSign your Velocity insurance documents.-(954)839-9592| 00746457 | LP VO","Sent","Seabastian Lara","Sent","7/11/2018 3:45:48 PM EDT","","","","","aishakhan954@gmail.com"
"Please DocuSign Cancellation request form.-(805)383-2341| 00606480 | UM AJ","Completed","Carl Taylor","Completed","7/11/2018 3:37:10 PM EDT","7/11/2018 10:07:23 PM EDT","7/11/2018 9:57:35 PM EDT","7/11/2018 10:07:23 PM EDT","7/11/2018 10:07:23 PM EDT","carltaylor.ecc@verizon.net"
"Please DocuSign your Olympus insurance documents.-(321)501-7839| 00760139 | LR","Completed","Kimberly Beggs","Completed","7/11/2018 3:18:48 PM EDT","7/12/2018 1:00:16 PM EDT","7/12/2018 12:58:35 PM EDT","7/12/2018 1:05:41 PM EDT","7/12/2018 1:00:16 PM EDT","nmays123@aol.com"
"Please DocuSign your Olympus insurance documents.-(321)501-7839| 00760139 | LR","Completed","Nicholas Mays","Completed","7/11/2018 3:18:48 PM EDT","7/12/2018 1:05:41 PM EDT","7/12/2018 1:01:04 PM EDT","7/12/2018 1:05:41 PM EDT","7/12/2018 1:05:41 PM EDT","nmays123@aol.com"
"Please DocuSign Cancellation request form.-(305)625-5613| 00748589 | VO","Sent","PATRICIA ANN WHITE-BRINSON","Sent","7/11/2018 3:09:50 PM EDT","","","","","curtis.sweets@gmail.com"
"Please DocuSign Cancellation request form.-(901)828-3458| 00530805 | VO","Completed","Ryan Loyd","Completed","7/11/2018 3:07:59 PM EDT","7/11/2018 3:21:12 PM EDT","7/11/2018 3:19:49 PM EDT","7/11/2018 3:21:12 PM EDT","7/11/2018 3:21:12 PM EDT","loydvols@gmail.com"
"Please DocuSign Cancellation request form.-(561)255-1601| 00622613 | VO","Completed","Lisa Durda","Completed","7/11/2018 3:04:11 PM EDT","7/15/2018 11:08:12 PM EDT","7/15/2018 11:05:21 PM EDT","7/15/2018 11:08:12 PM EDT","7/15/2018 11:08:12 PM EDT","lisasbluemoon@yahoo.com"
"Please DocuSign your Compliance form.- JK","Completed","Ann Pooler","Completed","7/11/2018 2:57:54 PM EDT","7/11/2018 3:38:35 PM EDT","7/11/2018 3:38:23 PM EDT","7/11/2018 3:38:35 PM EDT","7/11/2018 3:38:35 PM EDT","apooler@aol.com"
"Please DocuSign your ASI insurance documents.-(802)316-0508| 00427635 |  LP","Completed","Kristian Carlson","Completed","7/11/2018 2:39:44 PM EDT","7/11/2018 2:43:42 PM EDT","7/11/2018 2:43:32 PM EDT","7/11/2018 2:43:42 PM EDT","7/11/2018 2:43:42 PM EDT","kcarlson@lcgdiscovery.com"
"Please DocuSign Cancellation request form.-(850)530-9200 | 00514572 | VO","Completed","MARY  ASTLES","Completed","7/11/2018 2:13:19 PM EDT","7/11/2018 3:26:19 PM EDT","7/11/2018 3:23:13 PM EDT","7/12/2018 7:57:47 AM EDT","7/11/2018 3:26:19 PM EDT","Pwastles1@gmail.com"
"Please DocuSign Cancellation request form.-(850)530-9200 | 00514572 | VO","Completed","Paul Astles","Completed","7/11/2018 2:13:19 PM EDT","7/12/2018 7:57:47 AM EDT","7/11/2018 5:21:27 PM EDT","7/12/2018 7:57:47 AM EDT","7/12/2018 7:57:47 AM EDT","Pwastles1@gmail.com"
"NEW:Please DocuSign your UPCIC insurance documents.-(647)300-5461 | 00724370 |AG VO","Completed","Lan Jia","Completed","7/11/2018 1:28:11 PM EDT","7/13/2018 5:01:42 PM EDT","7/13/2018 4:07:13 PM EDT","7/13/2018 5:01:42 PM EDT","7/13/2018 5:01:42 PM EDT","nancy.dreamhomes@gmail.com"
"Please DocuSign your Wind Mitigation inspection.-(954)608-1418| 00758276 | LP","Sent","Jerry Haigler","Sent","7/11/2018 1:25:27 PM EDT","","","","","glassdaddypro@gmail.com"
"Please DocuSign your Southern fidelity insurance documents.-(954)274-2400| 00755654 | AG","Voided","Seims, Suzanne","Sent","7/11/2018 1:23:08 PM EDT","","","7/12/2018 1:42:50 PM EDT","","sheila.fritz@floridamoves.com"
"Please DocuSign your Progressive insurance documents.-(561)537-0361| 00758434 | LU","Sent","KENNETH SANDT","Sent","7/11/2018 1:19:27 PM EDT","","","","","allsrvcrepair@yahoo.com"
"Please DocuSign Cancellation request form.-(786)873-5917| 00757965 |  VO","Completed","GEOFFREY  GRANT","Completed","7/11/2018 12:49:45 PM EDT","7/11/2018 1:32:09 PM EDT","7/11/2018 1:31:14 PM EDT","7/11/2018 1:32:09 PM EDT","7/11/2018 1:32:09 PM EDT","geoffreygrant1985@gmail.com"
"Please DocuSign your Progressive insurance documents.-(561)300-4210| 00684095 | LU","Completed","Peter Gugitscher","Completed","7/11/2018 12:44:01 PM EDT","7/11/2018 1:00:12 PM EDT","7/11/2018 12:58:32 PM EDT","7/11/2018 1:00:12 PM EDT","7/11/2018 1:00:12 PM EDT","peter.gugitscher@vienna-coffee.com"
"Please DocuSign your Velocity insurance documents.-(740)317-6680| 00759969 | LP LU","Completed","Clark Lash","Completed","7/11/2018 12:31:58 PM EDT","7/12/2018 9:14:20 AM EDT","7/12/2018 9:09:01 AM EDT","7/12/2018 9:14:20 AM EDT","7/12/2018 9:14:20 AM EDT","lashcw@gmail.com"
"Please DocuSign your Bass insurance documents.-(202)669-2835| 00756710 |  LU JK","Completed","Justin Edwards","Completed","7/11/2018 11:33:03 AM EDT","7/13/2018 11:39:15 AM EDT","7/13/2018 11:35:46 AM EDT","7/13/2018 11:39:15 AM EDT","7/13/2018 11:39:15 AM EDT","rollingoaksgeneralstore@gmail.com"
"Please DocuSign your Compliance form.- JK","Completed","Manuel Barroso","Completed","7/11/2018 11:00:51 AM EDT","7/11/2018 11:42:28 AM EDT","7/11/2018 11:42:02 AM EDT","7/11/2018 11:42:28 AM EDT","7/11/2018 11:42:28 AM EDT","manuel@xurpaslatam.com"
"Please DocuSign your UPCIC insurance documents.-(561)360-7492| 00693764 | AG","Sent","Chrejeneve T Laurent","Sent","7/11/2018 10:04:32 AM EDT","","","","","ctlaurentt@gmail.com"
"Please DocuSign Cancellation request form.-(786)757-4274| 00757594 | VO","Completed","Daniele Mossini","Completed","7/11/2018 9:41:33 AM EDT","7/11/2018 9:59:52 AM EDT","7/11/2018 9:59:29 AM EDT","7/11/2018 10:00:12 AM EDT","7/11/2018 9:59:52 AM EDT","danielemossini@me.com"
"Please DocuSign Cancellation request form.-(786)757-4274| 00757594 | VO","Completed","Monik Mossini","Completed","7/11/2018 9:41:33 AM EDT","7/11/2018 10:00:12 AM EDT","7/11/2018 10:00:05 AM EDT","7/11/2018 10:00:12 AM EDT","7/11/2018 10:00:12 AM EDT","danielemossini@me.com"
"Please DocuSign your Bass Renewal insurance documents.-(407)406-3398| 00681519 | KC","Delivered","Laileni Mercer-ayala","Delivered","7/11/2018 9:27:15 AM EDT","","7/15/2018 12:33:51 PM EDT","","","lailenimercer@yahoo.com"
"Please DocuSign your UPC insurance documents.-(561)719-7460| 00759917 | LP VO","Completed","KATHLEEN STALLONE","Completed","7/11/2018 9:11:49 AM EDT","7/11/2018 2:54:58 PM EDT","7/11/2018 2:49:52 PM EDT","7/11/2018 2:54:58 PM EDT","7/11/2018 2:54:58 PM EDT","kathleensells@yahoo.com"
"Please DocuSign: ApplicationDocument.pdf, Zaiour RCE.pdf, Authorization Form.pdf KG","Completed","Cecilia Zaiour","Completed","7/10/2018 7:43:19 PM EDT","7/11/2018 12:15:50 PM EDT","7/11/2018 12:03:05 PM EDT","7/11/2018 12:15:50 PM EDT","7/11/2018 12:15:50 PM EDT","cecilia.zaiour@gmail.com"
"Please DocuSign your Velocity insurance documents.-(314)753-8324 | 00759904 | LP VO","Completed","Lisa L Palmer","Completed","7/10/2018 5:17:00 PM EDT","7/12/2018 8:18:09 AM EDT","7/12/2018 8:04:32 AM EDT","7/12/2018 8:20:06 AM EDT","7/12/2018 8:18:09 AM EDT","lmoise@aol.com"
"Please DocuSign your Velocity insurance documents.-(314)753-8324 | 00759904 | LP VO","Completed","Stuart Palmer","Completed","7/10/2018 5:17:00 PM EDT","7/12/2018 8:20:06 AM EDT","7/12/2018 8:18:47 AM EDT","7/12/2018 8:20:06 AM EDT","7/12/2018 8:20:06 AM EDT","lmoise@aol.com"
"Please DocuSign your new Wright flood insurance application.-(786)817-5664| 00759902 | AG","Completed","Jean Murat","Completed","7/10/2018 4:59:14 PM EDT","7/11/2018 8:51:01 AM EDT","7/11/2018 8:49:53 AM EDT","7/11/2018 8:51:01 AM EDT","7/11/2018 8:51:01 AM EDT","edoumix90@gmail.com"
"Please DocuSign your Velocity  insurance documents.-(802)316-0508| 00427635 |  LP","Completed","Kristian Carlson","Completed","7/10/2018 4:52:33 PM EDT","7/11/2018 10:34:02 AM EDT","7/11/2018 10:27:56 AM EDT","7/11/2018 10:37:22 AM EDT","7/11/2018 10:34:02 AM EDT","kcarlson@lcgdiscovery.com"
"Please DocuSign your Velocity  insurance documents.-(802)316-0508| 00427635 |  LP","Completed","Amy Wieland-Carlson","Completed","7/10/2018 4:52:33 PM EDT","7/11/2018 10:37:22 AM EDT","7/11/2018 10:36:05 AM EDT","7/11/2018 10:37:22 AM EDT","7/11/2018 10:37:22 AM EDT","kcarlson@lcgdiscovery.com"
"Please DocuSign your UPCIC insurance documents.-(828)644-3486| 00759888 | AG","Completed","Larry E Maxwell","Completed","7/10/2018 4:33:10 PM EDT","7/11/2018 10:15:46 AM EDT","7/11/2018 9:47:57 AM EDT","7/11/2018 10:15:46 AM EDT","7/11/2018 10:15:46 AM EDT","eileenladagana2@gmail.com"
"Please DocuSign your UPCIC insurance documents.-(561)301-8549| 00759883 | AG","Completed","Mark  Shaner","Completed","7/10/2018 4:26:46 PM EDT","7/10/2018 5:05:11 PM EDT","7/10/2018 4:42:26 PM EDT","7/10/2018 5:05:11 PM EDT","7/10/2018 5:05:11 PM EDT","shanermark@gmail.com"
"Please DocuSign your Wind Mitigation inspection.-(305)494-9036| 00532667 | AG","Completed","DAVILA BERNICE","Completed","7/10/2018 4:19:12 PM EDT","7/10/2018 4:26:37 PM EDT","7/10/2018 4:26:01 PM EDT","7/10/2018 4:26:37 PM EDT","7/10/2018 4:26:37 PM EDT","Bxd345@med.miami.edu"
"Please DocuSign your Velocity  insurance documents.-(305)625-4841| 00751989 | LR","Sent","Dorthy Wanton","Sent","7/10/2018 4:02:59 PM EDT","","","","","dbwanton27@aol.com"
"3rattempt:Please DocuSign your Allrisks insurance documents.- (786)346-2281| 00751261 | LU BB","Sent","Ricardo Leiva","Sent","7/10/2018 4:00:52 PM EDT","","","","","annie_ileiva@hotmail.com"
"please Docusign your inspection Letter.-(917)699-0384| 00664122 | KC LR","Delivered","WALCOTT CRYSTAL","Delivered","7/10/2018 3:59:15 PM EDT","","7/12/2018 8:20:16 AM EDT","","","Crywal@hotmail.com"
"Please DocuSign your Bass insurance documents.-(786)444-9814| 00757584 | LR DR","Sent","Natasha Samedi","Sent","7/10/2018 3:46:46 PM EDT","","","","","nsamedi79@gmail.com"
"Please DocuSign your Bass  insurance documents.-(786)260-1978| 00752854 | LU DR","Sent","Casey Thomas","Sent","7/10/2018 3:42:23 PM EDT","","","","","CASEYB10177@GMAIL.COM"
"Please DocuSign your Progressive  insurance documents.-(786)857-4315| 00754925 | LU","Delivered","HOLLY HENDERSON","Delivered","7/10/2018 3:37:07 PM EDT","","7/12/2018 9:38:25 AM EDT","","","Hollyjean1127@gmail.com"
"Please DocuSign Premium Finance Agreement.-(838)295-0182| 00722123 | AJ","Sent","Ridgeway, Essie","Sent","7/10/2018 3:35:06 PM EDT","","","","","houstonsheila4@hotmail.com"
"NEW: Please DocuSign Statement of No Loss form.-(407)435-6925 | 00714306 | AG","Voided","James Bonnett","Sent","7/10/2018 3:33:05 PM EDT","","","7/10/2018 4:48:24 PM EDT","","Ka2zsajames8@yahoo.com"
"Please DocuSign your Aspen insurance documents.-(954)773-5449 | 00740061 | LR DR","Sent","Asha Kiciman","Sent","7/10/2018 3:19:50 PM EDT","","","","","ashakiciman@hotmail.com"
"Please DocuSign Ordinance or Law form.-(305)461-6678| 00743291 | LR","Completed","Mendoza, Julia","Completed","7/10/2018 3:03:40 PM EDT","7/10/2018 3:31:29 PM EDT","7/10/2018 3:30:01 PM EDT","7/10/2018 3:31:29 PM EDT","7/10/2018 3:31:29 PM EDT","julia.mendoza@hotmail.com"
"Please DocuSign your Allrisks insurance documents.- (754)217-1535| 00757662 | LR","Sent","Zakies Ville","Sent","7/10/2018 2:58:54 PM EDT","","","","","zackville65@gmail.com"
"Please DocuSign your Progressive insurance documents.-(631)252-2139| 00643474 | LU VO","Completed","JASON STAAKE","Completed","7/10/2018 2:22:15 PM EDT","7/10/2018 3:55:30 PM EDT","7/10/2018 2:23:48 PM EDT","7/10/2018 3:55:30 PM EDT","7/10/2018 3:55:30 PM EDT","Jstaake943@gmail.com"
"Please DocuSign your Edison insurance documents.-(954)609-5638| 00759687 |  LR","Completed","NOPEDEHE PESANJI","Completed","7/10/2018 2:08:52 PM EDT","7/12/2018 3:55:32 AM EDT","7/12/2018 3:37:59 AM EDT","7/12/2018 3:55:32 AM EDT","7/12/2018 3:55:32 AM EDT","2nopes@gmail.com"
"Please DocuSign your Olympus & Safeco insurance documents.-(561)752-3878| 00193784 | LR LU VO","Completed","Harry M. Stuart","Completed","7/10/2018 1:34:54 PM EDT","7/10/2018 2:42:40 PM EDT","7/10/2018 2:15:03 PM EDT","7/10/2018 2:45:43 PM EDT","7/10/2018 2:42:40 PM EDT","hande@ozcanus.net"
"Please DocuSign your Olympus & Safeco insurance documents.-(561)752-3878| 00193784 | LR LU VO","Completed","Elaine R. Stuart","Completed","7/10/2018 1:34:54 PM EDT","7/10/2018 2:45:43 PM EDT","7/10/2018 2:44:52 PM EDT","7/10/2018 2:45:43 PM EDT","7/10/2018 2:45:43 PM EDT","hande@ozcanus.net"
"Please DocuSign your Velocity insurance documents.-(301)332-9661| 00693138 | LP","Completed","Eric W Franklin","Completed","7/10/2018 12:35:37 PM EDT","7/11/2018 4:39:36 PM EDT","7/11/2018 4:33:16 PM EDT","7/11/2018 4:39:36 PM EDT","7/11/2018 4:39:36 PM EDT","efranklinmd@gmail.com"
"Please DocuSign your Allrisks insurance documents.- qt#3602737 ph#:305-986-8039 DR LR","Completed","Guillermo Gutierrez","Completed","7/10/2018 12:27:54 PM EDT","7/10/2018 12:35:29 PM EDT","7/10/2018 12:30:16 PM EDT","7/10/2018 12:35:29 PM EDT","7/10/2018 12:35:29 PM EDT","guillermo1705@att.net"
"Please DocuSign your UPC insurance documents.-(561)743-3484| 00757823 | LP","Completed","Philip Nguyen","Completed","7/10/2018 12:20:52 PM EDT","7/11/2018 9:12:27 AM EDT","7/11/2018 9:09:48 AM EDT","7/11/2018 9:12:27 AM EDT","7/11/2018 9:12:27 AM EDT","regifu@aol.com"
"Please DocuSign your home renewal insurance documents.-(954)856-7371| 00681124 | KG","Completed","Impeccable Touch Cleaning Services, Inc.","Completed","7/10/2018 11:18:04 AM EDT","7/12/2018 10:05:05 AM EDT","7/12/2018 9:45:12 AM EDT","7/12/2018 10:05:05 AM EDT","7/12/2018 10:05:05 AM EDT","impeccabletouch954@gmail.com"
"Please DocuSign Cancellation request form & RCE.-(954)839-9592| 00757945 | VO LR","Sent","Joseph Falzone","Sent","7/10/2018 9:09:45 AM EDT","","","","","Bluparrot9@aol.com"
"Please DocuSign your UPC insurance documents.-(515)423-4245 | 00759620 |  LP","Completed","LIJUAN WANG","Completed","7/9/2018 5:09:42 PM EDT","7/9/2018 7:38:03 PM EDT","7/9/2018 7:33:25 PM EDT","7/10/2018 8:17:39 AM EDT","7/9/2018 7:38:03 PM EDT","zhuang.zuo@gmail.com"
"Please DocuSign your UPC insurance documents.-(515)423-4245 | 00759620 |  LP","Completed","ZHUANG ZUO","Completed","7/9/2018 5:09:41 PM EDT","7/10/2018 8:17:39 AM EDT","7/9/2018 7:39:17 PM EDT","7/10/2018 8:17:39 AM EDT","7/10/2018 8:17:39 AM EDT","zhuang.zuo@gmail.com"
"Please DocuSign your UPCIC insurance documents.-(561)371-9906 | 00733070 | AG","Completed","Donald Scalo","Completed","7/9/2018 5:02:35 PM EDT","7/10/2018 5:59:50 AM EDT","7/10/2018 5:58:21 AM EDT","7/10/2018 5:59:50 AM EDT","7/10/2018 5:59:50 AM EDT","don_szca@msn.com"
"Please DocuSign your Allrisk insurance documents.-(954)530-1285 | 00759537 | LR DR","Delivered","Riley, Paul","Delivered","7/9/2018 4:58:32 PM EDT","","7/9/2018 9:06:40 PM EDT","","","parbreaks@gmail.com"
"Please DocuSign your UPCIC insurance documents.-(423)260-3964| 00759534 | AG","Completed","Susan  Brooks","Completed","7/9/2018 4:51:22 PM EDT","7/9/2018 7:53:43 PM EDT","7/9/2018 7:46:15 PM EDT","7/10/2018 8:09:54 AM EDT","7/9/2018 7:53:43 PM EDT","Manureoccureth@gmail.com"
"Please DocuSign your UPCIC insurance documents.-(423)260-3964| 00759534 | AG","Completed","Erick  Brooks","Completed","7/9/2018 4:51:22 PM EDT","7/10/2018 8:09:54 AM EDT","7/10/2018 8:08:34 AM EDT","7/10/2018 8:09:54 AM EDT","7/10/2018 8:09:54 AM EDT","Manureoccureth@gmail.com"
"Please DocuSign your Safeco insurance documents.-(561)346-2296 | 00161821 | LU","Completed","Irene Russo","Completed","7/9/2018 4:40:04 PM EDT","7/10/2018 7:08:54 AM EDT","7/10/2018 7:07:20 AM EDT","7/10/2018 7:08:54 AM EDT","7/10/2018 7:08:54 AM EDT","irenevip@bellsouth.net"
"Please DocuSign your Edison insurance documents.-(561)433-1589 | 00547181 | LU VO","Completed","Stacey L Hadar","Completed","7/9/2018 4:34:31 PM EDT","7/9/2018 8:44:08 PM EDT","7/9/2018 8:43:14 PM EDT","7/9/2018 8:52:13 PM EDT","7/9/2018 8:44:08 PM EDT","hadarbarry@yahoo.com"
"Please DocuSign your Edison insurance documents.-(561)433-1589 | 00547181 | LU VO","Completed","Barukh Hadar","Completed","7/9/2018 4:34:31 PM EDT","7/9/2018 8:52:13 PM EDT","7/9/2018 8:44:50 PM EDT","7/9/2018 8:52:13 PM EDT","7/9/2018 8:52:13 PM EDT","hadarbarry@yahoo.com"
"Please DocuSign your Bass insurance documents.-(301)471-0946| 00759554 | LR BB","Completed","Holly Daniel","Completed","7/9/2018 4:14:48 PM EDT","7/9/2018 7:54:21 PM EDT","7/9/2018 4:15:42 PM EDT","7/9/2018 7:54:21 PM EDT","7/9/2018 7:54:21 PM EDT","Hollydaniel2000@gmail.com"
"Please DocuSign your Allrisks insurance documents.-(305)801-8100| 00103741 | LR JK","Voided","Jacqueline Hazel","Delivered","7/9/2018 3:57:49 PM EDT","","7/10/2018 7:16:19 AM EDT","7/10/2018 8:52:39 AM EDT","","j_hazel@bellsouth.net"
"NEW:Please DocuSign your Velocity  insurance documents.-(954)296-9877| 00759461 |  LP VO","Completed","Gail Ledon","Completed","7/9/2018 3:45:39 PM EDT","7/11/2018 12:08:25 PM EDT","7/9/2018 4:37:10 PM EDT","7/11/2018 12:08:25 PM EDT","7/11/2018 12:08:25 PM EDT","gmoss550@gmail.com"
"Please DocuSign your UPCIC insurance documents.-(321)474-8830| 00759433 | AG","Completed","Cheryl Newman","Completed","7/9/2018 3:32:16 PM EDT","7/10/2018 1:01:23 PM EDT","7/10/2018 12:59:16 PM EDT","7/10/2018 1:01:23 PM EDT","7/10/2018 1:01:23 PM EDT","cheri1writer@gmail.com"
"Please DocuSign your Bass insurance documents.-(786)709-7091| 00755349 | LR BB","Voided","Michelle Paschal","Sent","7/9/2018 3:18:54 PM EDT","","","7/10/2018 3:40:34 PM EDT","","mp2180@yahoo.com"
"Please DocuSign your Bass insurance documents.-(786)709-7091| 00755349 | LR BB","Voided","Chris Cole","Completed","7/9/2018 3:18:53 PM EDT","7/9/2018 3:19:19 PM EDT","7/9/2018 3:19:12 PM EDT","7/10/2018 3:40:34 PM EDT","7/9/2018 3:19:19 PM EDT","kerry.clinton@brightway.com"
"Please DocuSign Cancellation request form.-(561)317-8221| 00759194 | VO","Completed","Fanny  Cardenas","Completed","7/9/2018 3:16:53 PM EDT","7/9/2018 3:27:58 PM EDT","7/9/2018 3:27:50 PM EDT","7/9/2018 3:27:58 PM EDT","7/9/2018 3:27:58 PM EDT","geralyn.cardenas@brightway.com"
"CORRECTED:Please DocuSign your UPCIC insurance documents.-(352)999-0726| 00502485 | AG","Completed","Samuel  Loff","Completed","7/9/2018 2:22:46 PM EDT","7/11/2018 1:13:04 AM EDT","7/9/2018 2:24:11 PM EDT","7/11/2018 1:13:04 AM EDT","7/11/2018 1:13:04 AM EDT","sammyl07@hotmail.com"
"Please DocuSign your UPCIC insurance documents.-(786)859-0510| 00759429 |  AG","Completed","Angela  Pitterson","Completed","7/9/2018 1:21:05 PM EDT","7/9/2018 10:58:10 PM EDT","7/9/2018 10:55:45 PM EDT","7/9/2018 10:58:10 PM EDT","7/9/2018 10:58:10 PM EDT","angela.pitterson@yahoo.com"
"Please DocuSign your Progressive insurance documents.-(786)757-4274| 00757594 | LU","Completed","Monik Mossini","Completed","7/9/2018 1:15:46 PM EDT","7/9/2018 1:51:30 PM EDT","7/9/2018 1:49:00 PM EDT","7/9/2018 1:51:30 PM EDT","7/9/2018 1:51:30 PM EDT","danielemossini@me.com"
"Please DocuSign your new ASI flood insurance application.-(954)254-3875| 00724918 | AG","Completed","PATRICIA HEURTAUX-GHALAYINI","Completed","7/9/2018 1:07:19 PM EDT","7/9/2018 5:55:54 PM EDT","7/9/2018 5:54:10 PM EDT","7/9/2018 5:55:54 PM EDT","7/9/2018 5:55:54 PM EDT","pghalayini@gmail.com"
"Please DocuSign your Aspen insurance documents.-(786)623-7916| 00759389 |  LU KG","Completed","Willy Schley","Completed","7/9/2018 12:51:12 PM EDT","7/9/2018 1:15:49 PM EDT","7/9/2018 1:12:31 PM EDT","7/9/2018 1:15:49 PM EDT","7/9/2018 1:15:49 PM EDT","lee.sly.ws@gmail.com"
"Please DocuSign your Florida Speciality insurance documents.-(727)515-1528| 00759383 | LP","Completed","Dana Malucci","Completed","7/9/2018 12:45:36 PM EDT","7/13/2018 7:53:44 AM EDT","7/13/2018 7:52:07 AM EDT","7/13/2018 7:53:44 AM EDT","7/13/2018 7:53:44 AM EDT","danamelucci@gmail.com"
"Please DocuSign your UPCIC insurance documents.-(813)766-8705| 00759380 |  AG","Completed","Eduardo  Perez","Completed","7/9/2018 12:38:58 PM EDT","7/9/2018 2:07:53 PM EDT","7/9/2018 1:54:41 PM EDT","7/9/2018 2:10:53 PM EDT","7/9/2018 2:07:53 PM EDT","edptransportation@gmail.com"
"Please DocuSign your UPCIC insurance documents.-(813)766-8705| 00759380 |  AG","Completed","Ana B Cardentey-Perez","Completed","7/9/2018 12:38:57 PM EDT","7/9/2018 2:10:53 PM EDT","7/9/2018 2:08:54 PM EDT","7/9/2018 2:10:53 PM EDT","7/9/2018 2:10:53 PM EDT","edptransportation@gmail.com"
"Please DocuSign your Bass insurance documents.-(954)530-1285 | 00759372 | LR DR","Completed","Dave Warner","Completed","7/9/2018 12:19:20 PM EDT","7/12/2018 12:24:04 PM EDT","7/9/2018 1:33:27 PM EDT","7/12/2018 12:24:04 PM EDT","7/12/2018 12:24:04 PM EDT","icystokes@hotmail.com"
"Please DocuSign your Velocity insurance documents.-(305)333-5733| 00594476 | LP","Sent","Leandro Islas","Sent","7/9/2018 12:12:17 PM EDT","","","","","gretaschrader@hotmail.com"
"Please DocuSign your Velocity insurance documents.-(305)333-5733| 00594476 | LP","Sent","Greta Schrader","Delivered","7/9/2018 12:12:17 PM EDT","","7/10/2018 5:39:33 AM EDT","","","gretaschrader@hotmail.com"
"Please DocuSign your TH insurance documents.-(561)542-7097 | 00753475 |  AG","Sent","Ginette Janac","Sent","7/9/2018 12:10:03 PM EDT","","","","","marcelycivilma@yahoo.com"
"Please DocuSign your TH insurance documents.-(561)542-7097 | 00753475 |  AG","Sent","Marcely  Civilma","Sent","7/9/2018 12:10:03 PM EDT","","","","","marcelycivilma@yahoo.com"
"Please DocuSign your UPCIC insurance documents.-(561)628-3525 | 00302980 | AG","Completed","Rhonda  Shoumate","Completed","7/9/2018 12:04:20 PM EDT","7/9/2018 7:04:35 PM EDT","7/9/2018 7:02:35 PM EDT","7/9/2018 7:08:46 PM EDT","7/9/2018 7:04:35 PM EDT","rhondamrg@yahoo.com"
"Please DocuSign your UPCIC insurance documents.-(561)628-3525 | 00302980 | AG","Completed","Kelly  Shoumate","Completed","7/9/2018 12:04:20 PM EDT","7/9/2018 7:08:46 PM EDT","7/9/2018 7:06:47 PM EDT","7/9/2018 7:08:46 PM EDT","7/9/2018 7:08:46 PM EDT","rhondamrg@yahoo.com"
"Please DocuSign your UPCIC insurance documents.-(203)233-3090| 00759262 | AG VO","Sent","Julie  Nicholason","Sent","7/9/2018 11:53:43 AM EDT","","","","","nichols47@hotmail.com"
"Please DocuSign your UPCIC insurance documents.-(203)233-3090| 00759262 | AG VO","Sent","German  Jimenez","Sent","7/12/2018 1:06:06 PM EDT","","","","","nichols47@hotmail.com"
"Please DocuSign your Allrisks insurance documents.- qt#3607557 ph#:786-423-5169 BB LU","Completed","Rafael Ruiz","Completed","7/9/2018 11:38:01 AM EDT","7/9/2018 3:32:21 PM EDT","7/9/2018 12:36:24 PM EDT","7/9/2018 3:32:21 PM EDT","7/9/2018 3:32:21 PM EDT","Miriamruiz98@yahoo.com"
"Please DocuSign your American Integrity insurance documents.-(407)221-2505| 00759255 | AG","Completed","Ida Mcants","Completed","7/9/2018 11:33:53 AM EDT","7/9/2018 4:57:24 PM EDT","7/9/2018 4:55:10 PM EDT","7/9/2018 5:01:35 PM EDT","7/9/2018 4:57:24 PM EDT","novey8@yahoo.com"
"Please DocuSign your American Integrity insurance documents.-(407)221-2505| 00759255 | AG","Completed","Roman Mcants","Completed","7/9/2018 11:33:53 AM EDT","7/9/2018 5:01:35 PM EDT","7/9/2018 4:58:19 PM EDT","7/9/2018 5:01:35 PM EDT","7/9/2018 5:01:35 PM EDT","novey8@yahoo.com"
"Please DocuSign your Velocity insurance documents.-(786)290-6858| 00759249 | LP","Completed","Vidya Maharaj","Completed","7/9/2018 11:13:27 AM EDT","7/9/2018 12:40:33 PM EDT","7/9/2018 12:32:26 PM EDT","7/9/2018 12:41:38 PM EDT","7/9/2018 12:40:33 PM EDT","vids786@bellsouth.net"
"Please DocuSign your Velocity insurance documents.-(786)290-6858| 00759249 | LP","Completed","Hiria Khan","Completed","7/9/2018 11:13:27 AM EDT","7/9/2018 12:41:38 PM EDT","7/9/2018 12:41:06 PM EDT","7/9/2018 12:41:38 PM EDT","7/9/2018 12:41:38 PM EDT","vids786@bellsouth.net"
"Please DocuSign your UPCIC insurance documents.-(812)453-7908| 00759243 | AG","Completed","Ben  Stilwell","Completed","7/9/2018 11:07:00 AM EDT","7/9/2018 11:28:38 AM EDT","7/9/2018 11:28:05 AM EDT","7/9/2018 11:28:38 AM EDT","7/9/2018 11:28:38 AM EDT","Ben.stilwell@ripkurrent.com"
"Please DocuSign Skipjack Premium Finance form.-(786)262-5262| 00603414 | AJ","Completed","St. Charles, Ann Marie","Completed","7/9/2018 10:58:57 AM EDT","7/10/2018 4:39:40 PM EDT","7/10/2018 4:34:59 PM EDT","7/10/2018 4:39:40 PM EDT","7/10/2018 4:39:40 PM EDT","stcharlesinternationalinc@gmail.com"
"Please DocuSign this policy change request.-(954)701-1102| 00612400 | SR","Completed","Robert Pollari","Completed","7/9/2018 8:51:27 AM EDT","7/9/2018 9:32:15 AM EDT","7/9/2018 9:31:52 AM EDT","7/9/2018 9:32:15 AM EDT","7/9/2018 9:32:15 AM EDT","pollfl@aol.com"
"Please DocuSign your UPCIC insurance documents.-(772)532-1459 | 00644806 | AG VO","Completed","Tamara  Brandes","Completed","7/6/2018 5:50:00 PM EDT","7/10/2018 3:28:10 PM EDT","7/8/2018 6:00:13 AM EDT","7/10/2018 9:27:12 PM EDT","7/10/2018 3:28:10 PM EDT","chriskbrandes@aol.com"
"Please DocuSign your UPCIC insurance documents.-(772)532-1459 | 00644806 | AG VO","Completed","CHRISTOPHER  BRANDES","Completed","7/6/2018 5:50:00 PM EDT","7/10/2018 9:27:12 PM EDT","7/8/2018 6:03:09 AM EDT","7/10/2018 9:27:12 PM EDT","7/10/2018 9:27:12 PM EDT","chriskbrandes@aol.com"
"Please DocuSign your Florida Peninsula  insurance documents.-(704)668-5056 | 00604085 | LU","Completed","VINCENT RANURO","Completed","7/6/2018 5:33:34 PM EDT","7/6/2018 5:58:14 PM EDT","7/6/2018 5:50:03 PM EDT","7/6/2018 5:58:14 PM EDT","7/6/2018 5:58:14 PM EDT","vinnman500@gmail.com"
"Please DocuSign your Velocity insurance documents.-(301)529-4753| 00490382 | LP VO","Voided","Marvin Riibner","Delivered","7/6/2018 5:18:31 PM EDT","","7/9/2018 2:31:20 PM EDT","7/14/2018 12:31:59 AM EDT","","Mriibner1@mac.com"
"Please DocuSign your Allrisks insurance documents.-(617)697-0611| 00759220 | LR KG","Completed","Abreu, Luiz","Completed","7/6/2018 5:04:55 PM EDT","7/6/2018 7:25:21 PM EDT","7/6/2018 7:15:14 PM EDT","7/6/2018 7:25:21 PM EDT","7/6/2018 7:25:21 PM EDT","Brotherabreu@hotmail.com"
"Please DocuSign your Prepared & ASI insurance documents.-(561)317-8221| 00759194 | LP AG","Completed","Fanny  Cardenas","Completed","7/6/2018 4:59:33 PM EDT","7/6/2018 5:06:47 PM EDT","7/6/2018 5:06:04 PM EDT","7/6/2018 5:06:47 PM EDT","7/6/2018 5:06:47 PM EDT","geralyn.cardenas@brightway.com"
"Please DocuSign your Prepared & ASI insurance documents.-(561)317-8221| 00759194 | LP AG","Voided","Fanny  Cardenas","Sent","7/6/2018 4:59:06 PM EDT","","","7/14/2018 12:30:53 AM EDT","","Fannycardenas@bellsouth.net"
"Please DocuSign your Capitol Preferred insurance documents.-(813)505-6636| 00547403 | LU VO","Completed","YENEY PENA GONZALEZ","Completed","7/6/2018 4:50:04 PM EDT","7/8/2018 8:11:41 AM EDT","7/8/2018 8:09:18 AM EDT","7/8/2018 8:11:41 AM EDT","7/8/2018 8:11:41 AM EDT","jaimedyenyd@yahoo.com"
"Please DocuSign Statement of No Loss form.- | 00597560 |  AJ","Voided","Schwartz, Julian","Sent","7/6/2018 4:29:43 PM EDT","","","7/14/2018 12:30:42 AM EDT","","jusyl77@aol.com"
"Please DocuSign your progressive insurance documents.-(519)980-7002| 00754023 |  LU","Voided","Natalia Ghilzon","Sent","7/6/2018 4:07:44 PM EDT","","","7/6/2018 4:13:07 PM EDT","","natalia18@hotmail.com"
"Please DocuSign your UPCIC insurance documents.-(207)890-3743 | 00759179 | AG","Completed","Donna Desalvo","Completed","7/6/2018 3:26:16 PM EDT","7/7/2018 8:48:18 AM EDT","7/7/2018 8:31:22 AM EDT","7/7/2018 8:48:18 AM EDT","7/7/2018 8:48:18 AM EDT","dmdesalvo@comcast.net"
"Please DocuSign your UPC insurance documents.-(904)955-2316| 00759167 | LP","Completed","SUSAN HOLMES","Completed","7/6/2018 3:05:13 PM EDT","7/6/2018 10:51:29 PM EDT","7/6/2018 10:47:43 PM EDT","7/6/2018 10:51:29 PM EDT","7/6/2018 10:51:29 PM EDT","srholmes1951@gmail.com"
"Please DocuSign your new ASI flood insurance application.-(407)435-6247| 00757537 | AG","Completed","Robert Murdoch","Completed","7/6/2018 2:59:22 PM EDT","7/7/2018 8:18:58 AM EDT","7/7/2018 8:08:37 AM EDT","7/7/2018 8:18:58 AM EDT","7/7/2018 8:18:58 AM EDT","chris6string@yahoo.com"
"Please DocuSign your UPCIC insurance documents.-(305)494-9036| 00532667 | AG","Completed","Bernice Davila","Completed","7/6/2018 2:55:37 PM EDT","7/10/2018 11:12:14 AM EDT","7/9/2018 9:15:46 AM EDT","7/10/2018 11:12:14 AM EDT","7/10/2018 11:12:14 AM EDT","Bxd345@med.miami.edu"
"Please DocuSign your Olympus insurance documents.-(786)389-1239 | 00759138 | LU","Completed","Kelvin Carnell Byrd","Completed","7/6/2018 2:42:03 PM EDT","7/7/2018 11:38:20 AM EDT","7/7/2018 8:03:03 AM EDT","7/7/2018 7:24:31 PM EDT","7/7/2018 11:38:20 AM EDT","Kcbyrd3@yahoo.com"
"Please DocuSign your Olympus insurance documents.-(786)389-1239 | 00759138 | LU","Completed","Constance Marie Byrd","Completed","7/6/2018 2:42:04 PM EDT","7/7/2018 7:24:31 PM EDT","7/6/2018 5:34:48 PM EDT","7/7/2018 7:24:31 PM EDT","7/7/2018 7:24:31 PM EDT","Kcbyrd3@yahoo.com"
"Please DocuSign your new ASI flood insurance application.-(732)995-1727| 00598865 |  AG","Completed","Josephine Hammond","Completed","7/6/2018 2:32:14 PM EDT","7/7/2018 8:48:10 AM EDT","7/7/2018 8:46:51 AM EDT","7/7/2018 8:48:10 AM EDT","7/7/2018 8:48:10 AM EDT","josephine@redpeppergroup.com"
"Please DocuSign Cancellation request form.-(754)244-2040| 00755676 | VO","Voided","Oscar A Romero","Sent","7/6/2018 2:26:28 PM EDT","","","7/14/2018 12:31:45 AM EDT","","oaromero30@gmail.com"
"Please DocuSign your UPCIC & ASI insurance documents.-(305)916-9076 | 00757580 |  AG LU","Completed","Charlene  Ameralis","Completed","7/6/2018 2:25:15 PM EDT","7/6/2018 3:06:03 PM EDT","7/6/2018 2:44:17 PM EDT","7/6/2018 3:06:03 PM EDT","7/6/2018 3:06:03 PM EDT","charleneameralis@yahoo.com"
"Please DocuSign your Edison insurance documents.-(772)878-2494| 00755824 | LR","Voided","CAROLE REID","Sent","7/6/2018 1:55:01 PM EDT","","","7/14/2018 12:31:00 AM EDT","","Kenshouldeen994@gmail.com"
"Please DocuSign Cancellation request form.-(561)351-4102 | 00752768 | VO","Completed","Chad Sepersaude","Completed","7/6/2018 1:36:45 PM EDT","7/11/2018 10:20:41 AM EDT","7/6/2018 1:44:16 PM EDT","7/11/2018 10:20:41 AM EDT","7/11/2018 10:20:41 AM EDT","sepersa@yahoo.com"
"Please DocuSign your Florida Specialty & Cat4 insurance documents.-(407)804-1591| 00688316 LP LU VO","Completed","JOAN BRESLIN","Completed","7/6/2018 1:27:15 PM EDT","7/6/2018 4:32:52 PM EDT","7/6/2018 4:12:40 PM EDT","7/6/2018 5:21:37 PM EDT","7/6/2018 4:32:52 PM EDT","JASPERS56@YAHOO.COM"
"Please DocuSign your Florida Specialty & Cat4 insurance documents.-(407)804-1591| 00688316 LP LU VO","Completed","Francis Breslin","Completed","7/6/2018 1:27:15 PM EDT","7/6/2018 5:21:37 PM EDT","7/6/2018 5:18:10 PM EDT","7/6/2018 5:21:37 PM EDT","7/6/2018 5:21:37 PM EDT","JASPERS56@YAHOO.COM"
"Please DocuSign Wind mitigation.-(561)309-2686| 00320314 |  LU","Completed","Martha Molter","Completed","7/6/2018 1:08:56 PM EDT","7/6/2018 6:49:40 PM EDT","7/6/2018 6:49:27 PM EDT","7/6/2018 6:49:40 PM EDT","7/6/2018 6:49:40 PM EDT","MM9757@gmail.com"
"Please DocuSign your Capitol Preferred insurance documents.-(603)339-7616| 00738981 | LR VO","Completed","Mary B Cappotto","Completed","7/6/2018 12:33:37 PM EDT","7/7/2018 8:08:48 AM EDT","7/7/2018 8:05:20 AM EDT","7/7/2018 8:11:13 AM EDT","7/7/2018 8:08:48 AM EDT","dcappotto@comcast.net"
"Please DocuSign your Capitol Preferred insurance documents.-(603)339-7616| 00738981 | LR VO","Completed","DENNIS B CAPPOTTO","Completed","7/6/2018 12:33:37 PM EDT","7/7/2018 8:11:13 AM EDT","7/7/2018 8:09:35 AM EDT","7/7/2018 8:11:13 AM EDT","7/7/2018 8:11:13 AM EDT","dcappotto@comcast.net"
"Please DocuSign your UPCIC insurance documents.-(321)795-9837| 00688157 | AG","Completed","Helen Ducille","Completed","7/6/2018 12:00:20 PM EDT","7/6/2018 2:21:40 PM EDT","7/6/2018 2:19:32 PM EDT","7/6/2018 2:21:40 PM EDT","7/6/2018 2:21:40 PM EDT","helenduci@gmail.com"
"CORRECTED: Please DocuSign your Peoples Trust insurance documents.-(423)309-3283| 00750478 | LU","Completed","ERIKA R JUNTUNEN","Completed","7/6/2018 11:33:20 AM EDT","7/10/2018 8:54:26 AM EDT","7/6/2018 12:06:00 PM EDT","7/10/2018 8:55:41 AM EDT","7/10/2018 8:54:26 AM EDT","bttrflygl79@aol.com"
"CORRECTED: Please DocuSign your Peoples Trust insurance documents.-(423)309-3283| 00750478 | LU","Completed","JOHN JUNTUNEN","Completed","7/6/2018 11:33:20 AM EDT","7/10/2018 8:55:41 AM EDT","7/6/2018 4:34:33 PM EDT","7/10/2018 8:55:41 AM EDT","7/10/2018 8:55:41 AM EDT","bttrflygl79@aol.com"
"Please DocuSign Skipjack Premium Finance form.-(786)262-5262| 00603414 | AJ","Voided","ST CHARLES, ANNE-MARIE","AutoResponded","7/6/2018 11:23:16 AM EDT","","","7/11/2018 12:01:52 PM EDT","","AStCharles.JHS@MIAMI.org"
"NEW: Please DocuSign your Peoples Trust insurance documents.-(917)239-2213| 00757386 | LR","Completed","Linda Lamb","Completed","7/6/2018 11:16:57 AM EDT","7/6/2018 12:51:45 PM EDT","7/6/2018 12:51:16 PM EDT","7/6/2018 12:51:45 PM EDT","7/6/2018 12:51:45 PM EDT","baron3595@yahoo.com"
"Please DocuSign Skipjack Premium Finance form.-(941)219-8609| 00718486 | AJ","Completed","Mira, George","Completed","7/6/2018 11:12:32 AM EDT","7/6/2018 6:07:56 PM EDT","7/6/2018 5:59:25 PM EDT","7/6/2018 6:07:56 PM EDT","7/6/2018 6:07:56 PM EDT","Gmira2@hotmail.com"
"Please DocuSign Cancellation request form.-(561)429-6466| 00407984 | KC","Completed","Kelly Michele","Completed","7/6/2018 11:10:24 AM EDT","7/6/2018 11:29:15 AM EDT","7/6/2018 11:28:53 AM EDT","7/6/2018 11:29:15 AM EDT","7/6/2018 11:29:15 AM EDT","mkelly0683@aol.com"
"Please DocuSign your Aspen insurance documents.-(240)938-7647| 00743435 | LR","Voided","Cavanaugh, Viviane","Delivered","7/6/2018 10:56:02 AM EDT","","7/7/2018 8:40:24 AM EDT","7/14/2018 12:30:46 AM EDT","","vivianeredondo@hotmail.com"
"Please DocuSign your BASS insurance documents.-(786)617-4850| 00750263 | DR LR","Voided","Nelson Cabral","Sent","7/6/2018 10:51:05 AM EDT","","","7/14/2018 12:30:52 AM EDT","","freshcabral@gmail.com"
"Please DocuSign: FLH-0008561 Inspection Letter.-(954)608-8985 | 00744929 |  LR","Completed","Matterella, Joseph","Completed","7/6/2018 10:49:50 AM EDT","7/8/2018 12:43:03 PM EDT","7/8/2018 12:42:54 PM EDT","7/8/2018 12:43:03 PM EDT","7/8/2018 12:43:03 PM EDT","jmobilemech1@gmail.com"
"Please DocuSign your CAT4 insurance documents.-(845)392-8181| 00759000 | LU","Completed","Leigh Scirbona","Completed","7/6/2018 10:25:22 AM EDT","7/6/2018 11:23:49 AM EDT","7/6/2018 11:21:41 AM EDT","7/6/2018 11:23:49 AM EDT","7/6/2018 11:23:49 AM EDT","Leigh_scir@hotmail.com"
"Please DocuSign your Capitol Preferred insurance documents.-(561)531-7019 | 00757924 | LR VO","Completed","NELSON GRULLON","Completed","7/6/2018 10:14:55 AM EDT","7/6/2018 12:48:28 PM EDT","7/6/2018 10:55:54 AM EDT","7/8/2018 12:23:21 PM EDT","7/6/2018 12:48:28 PM EDT","RAISAGRULLON0303@GMAIL.COM"
"Please DocuSign your Capitol Preferred insurance documents.-(561)531-7019 | 00757924 | LR VO","Completed","RAISA GRULLON","Completed","7/6/2018 10:14:56 AM EDT","7/8/2018 12:23:21 PM EDT","7/8/2018 11:38:42 AM EDT","7/8/2018 12:23:21 PM EDT","7/8/2018 12:23:21 PM EDT","raisagrullon0303@gmail.com"
"Please DocuSign your Velocity insurance documents.-(305)621-4873| 00212947 | LP","Voided","Albert Jackson","Sent","7/6/2018 10:05:23 AM EDT","","","7/14/2018 12:31:44 AM EDT","","albertjackjr@att.net"
"Please DocuSign your Velocity insurance documents.-(305)621-4873| 00212947 | LP","Voided","Willa Jackson","Delivered","7/6/2018 10:05:23 AM EDT","","7/6/2018 11:29:09 AM EDT","7/14/2018 12:31:44 AM EDT","","albertjackjr@att.net"
"Please DocuSign your home insurance documents.-(954)817-5468| 00444052 | LR VO","Completed","TERRANCE E CAMPBELL","Completed","7/6/2018 9:30:22 AM EDT","7/6/2018 10:10:58 AM EDT","7/6/2018 10:08:28 AM EDT","7/6/2018 5:06:16 PM EDT","7/6/2018 10:10:58 AM EDT","tc2pres@gmail.com"
"Please DocuSign your home insurance documents.-(954)817-5468| 00444052 | LR VO","Completed","Tamara Campbell","Completed","7/6/2018 9:30:22 AM EDT","7/6/2018 5:06:16 PM EDT","7/6/2018 5:06:05 PM EDT","7/6/2018 5:06:16 PM EDT","7/6/2018 5:06:16 PM EDT","tc2pres@gmail.com"
"Please DocuSign your UPCIC insurance documents.-(631)365-4579| 00758906 | AG","Completed","MARY BELLOTTI","Completed","7/6/2018 8:58:23 AM EDT","7/9/2018 5:48:16 PM EDT","7/8/2018 9:58:12 PM EDT","7/9/2018 5:48:16 PM EDT","7/9/2018 5:48:16 PM EDT","mbellotti12@gmail.com"
"Please DocuSign your UPCIC insurance documents.-(813)867-9252 | 00758914 | AG","Completed","WILLIAM HUSSEY","Completed","7/6/2018 8:53:20 AM EDT","7/6/2018 9:00:07 AM EDT","7/6/2018 8:59:11 AM EDT","7/8/2018 7:51:37 AM EDT","7/6/2018 9:00:07 AM EDT","Bill.Hussey@bicgraphic.com"
"Please DocuSign your UPCIC insurance documents.-(813)867-9252 | 00758914 | AG","Completed","GHADA HUSSEY","Completed","7/6/2018 8:53:20 AM EDT","7/8/2018 7:51:37 AM EDT","7/8/2018 7:51:05 AM EDT","7/8/2018 7:51:37 AM EDT","7/8/2018 7:51:37 AM EDT","Bill.Hussey@bicgraphic.com"
"Please DocuSign your new ASI flood insurance application.-(772)634-3481| 00518781 | AG","Completed","ANGEL ORTIZ","Completed","7/5/2018 3:50:34 PM EDT","7/5/2018 4:13:15 PM EDT","7/5/2018 4:12:54 PM EDT","7/5/2018 4:13:15 PM EDT","7/5/2018 4:13:15 PM EDT","oquendopainting@aol.com"
"Please DocuSign your Velocity insurance documents.-(561)512-9585| 00105221 | LP VO","Completed","Cristina Martin","Completed","7/5/2018 2:01:30 PM EDT","7/5/2018 3:33:42 PM EDT","7/5/2018 3:26:14 PM EDT","7/5/2018 3:44:55 PM EDT","7/5/2018 3:33:42 PM EDT","crissy64@hotmail.com"
"Please DocuSign your Velocity insurance documents.-(561)512-9585| 00105221 | LP VO","Completed","RICHARD MARTIN","Completed","7/5/2018 2:01:30 PM EDT","7/5/2018 3:44:55 PM EDT","7/5/2018 3:43:12 PM EDT","7/5/2018 3:44:55 PM EDT","7/5/2018 3:44:55 PM EDT","crissy64@hotmail.com"
"Please DocuSign your Geovera insurance documents.-(516)557-9962| 00758769 | LU DR","Completed","Timothy Simmons","Completed","7/5/2018 1:42:40 PM EDT","7/8/2018 2:43:19 PM EDT","7/8/2018 2:41:24 PM EDT","7/8/2018 2:43:19 PM EDT","7/8/2018 2:43:19 PM EDT","ajiabrenjustsims@aol.com"
"Please DocuSign your UPCIC insurance documents.-(817)937-2496| 00758758 | AG","Completed","Chris  Matchniff","Completed","7/5/2018 1:37:17 PM EDT","7/5/2018 2:17:30 PM EDT","7/5/2018 2:15:55 PM EDT","7/5/2018 2:17:30 PM EDT","7/5/2018 2:17:30 PM EDT","matchniff@yahoo.com"
"Please DocuSign your no loss & EFT withdrawals.-(423)309-3283| 00750478 | KG","Completed","ERIKA R JUNTUNEN","Completed","7/5/2018 1:14:30 PM EDT","7/5/2018 3:10:10 PM EDT","7/5/2018 3:08:47 PM EDT","7/5/2018 3:10:10 PM EDT","7/5/2018 3:10:10 PM EDT","bttrflygl79@aol.com"
"Please DocuSign your Automatic EFT Withdrawals-(917)239-2213| 00757386 LR","Completed","Linda Lamb","Completed","7/5/2018 1:06:22 PM EDT","7/5/2018 1:19:35 PM EDT","7/5/2018 1:07:20 PM EDT","7/5/2018 1:19:35 PM EDT","7/5/2018 1:19:35 PM EDT","baron3595@yahoo.com"
"Please DocuSign Statement of No Loss form.-(917)239-2213| 00757386 | LR","Completed","Linda Lamb","Completed","7/5/2018 11:42:55 AM EDT","7/5/2018 12:21:07 PM EDT","7/5/2018 12:20:41 PM EDT","7/5/2018 12:21:07 PM EDT","7/5/2018 12:21:07 PM EDT","baron3595@yahoo.com"
"Please DocuSign your Velocity  insurance documents.-(801)979-4824| 00749003 | LR","Voided","Adam Bakhouche","AutoResponded","7/5/2018 11:21:27 AM EDT","","","7/13/2018 12:29:36 AM EDT","","alec2ab@gmail.com"
"Please DocuSign this policy change request.-(305)461-6649| 00666185 |  LR","Completed","Anne-Sophie Colas","Completed","7/5/2018 11:19:51 AM EDT","7/5/2018 11:55:46 AM EDT","7/5/2018 11:49:06 AM EDT","7/5/2018 11:55:46 AM EDT","7/5/2018 11:55:46 AM EDT","ascolas@hotmail.com"
"Please DocuSign your Allrisks insurance documents.-(954)496-5517| 00750604 | LU BB","Completed","Samantha Reid","Completed","7/5/2018 11:15:30 AM EDT","7/5/2018 11:45:29 AM EDT","7/5/2018 11:43:32 AM EDT","7/5/2018 11:45:29 AM EDT","7/5/2018 11:45:29 AM EDT","jguess17@hotmail.com"
"Please DocuSign your UPCIC insurance documents.-(914)356-9833| 00758575 | AG","Voided","Marjorie  Brooks","Sent","7/5/2018 11:11:24 AM EDT","","","7/10/2018 4:18:03 PM EDT","","marjoriebrooks@hotmail.com"
"Please DocuSign your Federated National insurance documents.-(954)481-9921| 00758679 | LR","Completed","Dorota Kotowski","Completed","7/5/2018 11:00:09 AM EDT","7/12/2018 2:00:21 PM EDT","7/10/2018 1:48:23 PM EDT","7/12/2018 2:00:21 PM EDT","7/12/2018 2:00:21 PM EDT","eurodeli0200@yahoo.com"
"Please DocuSign this agent of record form.- (786)399-8038 | 00758514 |  GC","Completed","Wayman Pierce","Completed","7/5/2018 10:50:02 AM EDT","7/11/2018 12:40:55 PM EDT","7/11/2018 12:39:18 PM EDT","7/11/2018 12:40:55 PM EDT","7/11/2018 12:40:55 PM EDT","wpl1250@aol.com"
"Please DocuSign your Bass & Geovera insurance documents.-(954)520-9521| 00758613 |  LU DR VO","Voided","JAMES GORMAN","Sent","7/5/2018 10:46:58 AM EDT","","","7/13/2018 12:30:30 AM EDT","","harborseawall@yahoo.com"
"Please DocuSign your peoples trust insurance documents.-(954)803-3755| 00758604 | LR","Completed","SCOTT BRASSINGTON","Completed","7/5/2018 10:13:15 AM EDT","7/6/2018 8:11:57 AM EDT","7/6/2018 8:05:33 AM EDT","7/6/2018 8:11:57 AM EDT","7/6/2018 8:11:57 AM EDT","Scottiebrassington@yahoo.com"
"corrected:Please DocuSign your UPC insurance documents.-(305)988-9590| 00758591 | LP","Completed","EDUARDO ZBINDEN","Completed","7/5/2018 10:04:52 AM EDT","7/7/2018 9:42:53 AM EDT","7/5/2018 11:07:20 AM EDT","7/7/2018 9:43:45 AM EDT","7/7/2018 9:42:53 AM EDT","eduardo@harmonyfg.com"
"corrected:Please DocuSign your UPC insurance documents.-(305)988-9590| 00758591 | LP","Completed","CAMILIA MUNOZ","Completed","7/5/2018 10:04:52 AM EDT","7/7/2018 9:43:45 AM EDT","7/5/2018 11:06:42 AM EDT","7/7/2018 9:43:45 AM EDT","7/7/2018 9:43:45 AM EDT","eduardo@harmonyfg.com"
"Please DocuSign your UPCIC insurance documents.-(786)512-9536| 00758558 | AG","Voided","Ludena  Payne Pearlman","Delivered","7/5/2018 9:50:43 AM EDT","","7/7/2018 7:29:51 AM EDT","7/13/2018 12:30:07 AM EDT","","denapearlman@yahoo.com"
"Please DocuSign your UPCIC insurance documents.-(786)512-9536| 00758558 | AG","Voided","Joseph  E Pearlman","Sent","7/5/2018 9:50:43 AM EDT","","","7/13/2018 12:30:07 AM EDT","","joeypearlman@yahoo.com"
"Please DocuSign Cancellation request form.-(631)682-4539| 00751047 | VO","Completed","Russell H Boeger","Completed","7/5/2018 9:28:09 AM EDT","7/5/2018 9:30:18 AM EDT","7/5/2018 9:29:47 AM EDT","7/6/2018 8:52:30 AM EDT","7/5/2018 9:30:18 AM EDT","RESPGIRL26@GMAIL.COM"
"Please DocuSign Cancellation request form.-(631)682-4539| 00751047 | VO","Completed","PAULA  BOEGER","Completed","7/5/2018 9:28:09 AM EDT","7/6/2018 8:52:30 AM EDT","7/5/2018 9:49:58 PM EDT","7/6/2018 8:52:30 AM EDT","7/6/2018 8:52:30 AM EDT","RESPGIRL26@GMAIL.COM"
"CORRECTEDPlease DocuSign your Capitol Preferred insurance documents.-(727)810-0444| 00671344 | LR VO","Completed","Paul Salisz","Completed","7/3/2018 5:15:44 PM EDT","7/7/2018 8:13:43 AM EDT","7/3/2018 7:36:13 PM EDT","7/7/2018 8:13:43 AM EDT","7/7/2018 8:13:43 AM EDT","paulsalisz@gmail.com"
"Please DocuSign Cancellation request form.-(502)409-3406| 00757032 | VO","Completed","EMBRY, PRISCILLA","Completed","7/3/2018 4:33:29 PM EDT","7/3/2018 6:41:21 PM EDT","7/3/2018 6:40:59 PM EDT","7/3/2018 6:41:21 PM EDT","7/3/2018 6:41:21 PM EDT","Cmnw03@yahoo.com"
"Please DocuSign: HVH-0001735 Inspection Letter.-(754)422-9657 | 00715400 | KC LR","Voided","Hart, Elizabeth","Sent","7/3/2018 4:18:37 PM EDT","","","7/11/2018 12:30:12 AM EDT","","ehart208@gmail.com"
"Please DocuSign Cancellation request form.-(901)828-3458| 00530805 | VO","Voided","Loyd Ryan","Sent","7/3/2018 4:01:18 PM EDT","","","7/11/2018 12:30:35 AM EDT","","loydvols@gmail.com"
"Please DocuSign Cancellation request form.-(786)285-1108| 00749994 | VO","Voided","Marilyn Crucet","Sent","7/3/2018 3:54:36 PM EDT","","","7/11/2018 12:30:23 AM EDT","","sutra1111@aol.com"
"Please DocuSign Cancellation request form.-(206)450-1825| 00457159 | VO","Completed","Clinton Goodman","Completed","7/3/2018 3:28:29 PM EDT","7/3/2018 3:32:25 PM EDT","7/3/2018 3:30:28 PM EDT","7/3/2018 3:33:01 PM EDT","7/3/2018 3:32:25 PM EDT","cj809@hotmail.com"
"Please DocuSign Cancellation request form.-(206)450-1825| 00457159 | VO","Completed","Stephanie Goodman","Completed","7/3/2018 3:28:29 PM EDT","7/3/2018 3:33:01 PM EDT","7/3/2018 3:32:50 PM EDT","7/3/2018 3:33:01 PM EDT","7/3/2018 3:33:01 PM EDT","cj809@hotmail.com"
"Please DocuSign your UPCIC insurance documents.-(647)300-5461 | 00724370 |AG VO","Voided","Lan Jia","Delivered","7/3/2018 3:23:48 PM EDT","","7/10/2018 10:12:24 PM EDT","7/11/2018 12:29:38 AM EDT","","nancy.dreamhomes@gmail.com"
"Please DocuSign Cancellation request form.-(954)608-1303| 00201966 | VO","Completed","DEBORAH  KNEBEL-SMOLKA","Completed","7/3/2018 2:59:30 PM EDT","7/3/2018 3:22:58 PM EDT","7/3/2018 3:01:54 PM EDT","7/3/2018 3:23:57 PM EDT","7/3/2018 3:22:58 PM EDT","deborah.smolka@irs.gov"
"Please DocuSign Cancellation request form.-(954)608-1303| 00201966 | VO","Completed","JAMES  KNEBEL","Completed","7/3/2018 2:59:30 PM EDT","7/3/2018 3:23:57 PM EDT","7/3/2018 3:06:01 PM EDT","7/3/2018 3:23:57 PM EDT","7/3/2018 3:23:57 PM EDT","deborah.smolka@irs.gov"
"Please DocuSign Statement of No Loss form.-(813)992-9972| 00729416 | KC DR","Voided","Robert Broadwater","Delivered","7/3/2018 2:44:43 PM EDT","","7/5/2018 9:27:24 AM EDT","7/5/2018 9:49:13 AM EDT","","rbworkmail@gmail.com"
"Please DocuSign Cancellation request form.-(904)477-8582| 00730044 | VO","Completed","JAMES DAUTEL","Completed","7/3/2018 1:55:19 PM EDT","7/4/2018 8:30:10 AM EDT","7/4/2018 8:29:32 AM EDT","7/9/2018 8:23:57 AM EDT","7/4/2018 8:30:10 AM EDT","jameswdautel@gmail.com"
"Please DocuSign Cancellation request form.-(904)477-8582| 00730044 | VO","Completed","KATHLEEN DAUTEL","Completed","7/3/2018 1:55:19 PM EDT","7/9/2018 8:23:57 AM EDT","7/5/2018 8:02:52 AM EDT","7/9/2018 8:23:57 AM EDT","7/9/2018 8:23:57 AM EDT","jameswdautel@gmail.com"
"Please DocuSign your Southern fidelity insurance documents.-(954)274-2400| 00755654 | AG","Voided","Seims, Suzanne","Sent","7/3/2018 1:29:46 PM EDT","","","7/11/2018 12:30:30 AM EDT","","dakotars@hotmail.com"
"Please DocuSign this agent of record form.- GC JK","Completed","Wayman Pierce","Completed","7/3/2018 1:23:10 PM EDT","7/3/2018 2:04:33 PM EDT","7/3/2018 1:59:54 PM EDT","7/3/2018 2:04:33 PM EDT","7/3/2018 2:04:33 PM EDT","wpl1250@aol.com"
"Please DocuSign your Velocity insurance documents.-(954)422-3552| 00397882 |  LP","Completed","Aziz Jafferjee","Completed","7/3/2018 1:17:44 PM EDT","7/4/2018 10:23:01 AM EDT","7/4/2018 10:12:48 AM EDT","7/4/2018 10:29:14 AM EDT","7/4/2018 10:23:01 AM EDT","Azizjafferjee@gmail.com"
"Please DocuSign your Velocity insurance documents.-(954)422-3552| 00397882 |  LP","Completed","Amena Jafferjee","Completed","7/3/2018 1:17:44 PM EDT","7/4/2018 10:29:14 AM EDT","7/4/2018 10:26:38 AM EDT","7/4/2018 10:29:14 AM EDT","7/4/2018 10:29:14 AM EDT","Azizjafferjee@gmail.com"
"Please DocuSign your Progressive insurance documents.-(561)312-1156| 00758496 | LU","Completed","Kyle Smith","Completed","7/3/2018 1:10:11 PM EDT","7/4/2018 8:53:18 AM EDT","7/4/2018 8:52:32 AM EDT","7/4/2018 8:53:18 AM EDT","7/4/2018 8:53:18 AM EDT","2050syrup@gmail.com"
"Please DocuSign your Progressive insurance documents.-(561)537-0361| 00758434 | LU","Voided","KENNETH SANDT","Sent","7/3/2018 1:07:02 PM EDT","","","7/11/2018 12:30:32 AM EDT","","allsrvcrepair@yahoo.com"
"Please DocuSign your UPCIC insurance documents.-(954)245-6405| 00718425 | AG","Completed","ALIZA DAGA","Completed","7/3/2018 1:00:32 PM EDT","7/6/2018 4:22:34 PM EDT","7/6/2018 4:19:26 PM EDT","7/6/2018 4:22:34 PM EDT","7/6/2018 4:22:34 PM EDT","LIFLOWERS05@GMAIL.COM"
"Please DocuSign your American Integrity insurance documents.-(561)503-3566 | 00758423 | AG","Completed","Canh Tran","Completed","7/3/2018 12:54:27 PM EDT","7/5/2018 3:10:36 PM EDT","7/5/2018 3:10:07 PM EDT","7/5/2018 3:11:39 PM EDT","7/5/2018 3:10:36 PM EDT","van.nguyen@cardinalfinancial.com"
"Please DocuSign your American Integrity insurance documents.-(561)503-3566 | 00758423 | AG","Completed","Nghia Tran","Completed","7/3/2018 12:54:27 PM EDT","7/5/2018 3:11:39 PM EDT","7/5/2018 3:10:56 PM EDT","7/5/2018 3:11:39 PM EDT","7/5/2018 3:11:39 PM EDT","van.nguyen@cardinalfinancial.com"
"Please DocuSign your UPC insurance documents.-(317)750-9523 | 00758402 | LP","Completed","RAMONA THOMAS","Completed","7/3/2018 12:45:08 PM EDT","7/4/2018 9:31:18 AM EDT","7/4/2018 9:30:34 AM EDT","7/4/2018 9:33:16 AM EDT","7/4/2018 9:31:18 AM EDT","hpthomas41@hotmail.com"
"Please DocuSign your UPC insurance documents.-(317)750-9523 | 00758402 | LP","Completed","HENRY THOMAS","Completed","7/3/2018 12:45:08 PM EDT","7/4/2018 9:33:16 AM EDT","7/4/2018 9:31:57 AM EDT","7/4/2018 9:33:16 AM EDT","7/4/2018 9:33:16 AM EDT","hpthomas41@hotmail.com"
"Please DocuSign your Peoples Trust insurance documents.-(772)634-3858| 00602419 | LR","Completed","DAVID JONES","Completed","7/3/2018 12:19:39 PM EDT","7/5/2018 3:58:56 PM EDT","7/3/2018 5:28:21 PM EDT","7/5/2018 3:58:56 PM EDT","7/5/2018 3:58:56 PM EDT","littleman4551@gmail.com"
"Please DocuSign your Capitol Preferred insurance documents.-(561)693-8773 | 00758323 |  LU","Completed","Tara J.K. Gonzalez","Completed","7/3/2018 12:07:03 PM EDT","7/5/2018 2:03:56 AM EDT","7/5/2018 1:55:51 AM EDT","7/5/2018 2:03:56 AM EDT","7/5/2018 2:03:56 AM EDT","tarajkgonzalez@gmail.com"
"Please DocuSign: NVH-0005198 Inspection Letter.-(305)915-0962| 00746839 | LR","Completed","Gilfillian, Orville","Completed","7/3/2018 11:49:40 AM EDT","7/5/2018 5:30:03 PM EDT","7/5/2018 5:27:04 PM EDT","7/5/2018 5:30:03 PM EDT","7/5/2018 5:30:03 PM EDT","orvillegilfillian@aol.com"
"Please DocuSign your Progressive insurance documents.-(305)302-1143| 00403124 | LU","Completed","Brendan A Okeefe              Brendan A Okeefe","Completed","7/3/2018 11:47:20 AM EDT","7/6/2018 12:26:42 PM EDT","7/4/2018 10:57:53 AM EDT","7/6/2018 12:26:42 PM EDT","7/6/2018 12:26:42 PM EDT","BrendanAOkeefe@comcast.net"
"Please DocuSign your Bass insurance documents.-(954)854-2987| 00757813 | LU","Voided","Edir Silva","Sent","7/3/2018 11:43:35 AM EDT","","","7/11/2018 12:30:03 AM EDT","","marinasilvausa@yahoo.com"
"Please DocuSign your Wind Mitigation inspection.-(954)608-1418| 00758276 | LP","Voided","Jerry Haigler","Sent","7/3/2018 11:31:34 AM EDT","","","7/11/2018 12:30:24 AM EDT","","glassdaddypro@gmail.com"
"Please DocuSign your Peoples Trust insurance documents.-(786)346-7926| 00758259 | LU","Completed","Ryan Myers","Completed","7/3/2018 11:26:01 AM EDT","7/5/2018 11:01:39 AM EDT","7/5/2018 10:59:32 AM EDT","7/5/2018 11:01:39 AM EDT","7/5/2018 11:01:39 AM EDT","rmyers1994@aol.com"
"CORRECTED: Please DocuSign Replacement cost estimator form.-(407)496-1325| 00757958 |LU","Completed","Brent Cunningham","Completed","7/3/2018 11:15:52 AM EDT","7/8/2018 7:27:22 PM EDT","7/3/2018 11:17:29 AM EDT","7/8/2018 7:27:22 PM EDT","7/8/2018 7:27:22 PM EDT","btc11235@netzero.net"
"Please DocuSign Statement of No Loss form.-(561)800-5529| 00742725 | UM","Voided","Brenny's Sweet Treats, LLC","Sent","7/3/2018 11:12:22 AM EDT","","","7/11/2018 12:30:27 AM EDT","","wahidmahmood@ymail.com"
"Please DocuSign your Seacoast insurance documents.-(786)419-0341 | 00753995 |  LU","Completed","Fritz Louis","Completed","7/3/2018 10:22:30 AM EDT","7/4/2018 2:10:00 AM EDT","7/4/2018 2:06:16 AM EDT","7/4/2018 2:10:00 AM EDT","7/4/2018 2:10:00 AM EDT","godchildamazing@yahoo.com"
"Please DocuSign your Velocity insurance documents.-(407)443-3704 | 00357876 | LP","Completed","Sonal Brito","Completed","7/3/2018 9:36:13 AM EDT","7/3/2018 9:56:39 AM EDT","7/3/2018 9:47:42 AM EDT","7/3/2018 9:58:02 AM EDT","7/3/2018 9:56:39 AM EDT","sonalbrito@gmail.com"
"Please DocuSign your Velocity insurance documents.-(407)443-3704 | 00357876 | LP","Completed","SUNEETA BRITO","Completed","7/3/2018 9:36:14 AM EDT","7/3/2018 9:58:02 AM EDT","7/3/2018 9:57:48 AM EDT","7/3/2018 9:58:02 AM EDT","7/3/2018 9:58:02 AM EDT","sonalbrito@gmail.com"
"Please DocuSign your UPCIC insurance documents.-(561)360-7492| 00693764 | AG","Voided","Chrejeneve T Laurent","Sent","7/3/2018 8:37:48 AM EDT","","","7/11/2018 12:29:32 AM EDT","","ctlaurentt@gmail.com"
"Please DocuSign your UPCIC insurance documents.-(503)970-6291| 00554783 | AG","Voided","Jeffrey  Martin","Delivered","7/2/2018 4:39:57 PM EDT","","7/7/2018 10:24:35 AM EDT","7/10/2018 12:26:15 AM EDT","","jmartinone@icloud.com"
"Please DocuSign your UPCIC insurance documents.-(503)970-6291| 00554783 | AG","Voided","Deborah  Martin","Sent","7/2/2018 4:39:57 PM EDT","","","7/10/2018 12:26:15 AM EDT","","jmartinone@icloud.com"
"Please DocuSign this agent of record form.-(845)226-6107| 00757928 | KC","Completed","Ann Pooler","Completed","7/2/2018 4:28:06 PM EDT","7/2/2018 4:34:15 PM EDT","7/2/2018 4:33:48 PM EDT","7/2/2018 4:34:15 PM EDT","7/2/2018 4:34:15 PM EDT","apooler@aol.com"
"Please DocuSign your Seacoast insurance documents.-(863)585-4211| 00754405 | LR","Voided","GAVIRIA, MARINA","Delivered","7/2/2018 3:10:00 PM EDT","","7/2/2018 3:21:04 PM EDT","7/10/2018 12:25:42 AM EDT","","gavimar4@aol.com"
"Please DocuSign your Aspen insurance documents.-(617)244-5554| 00759105 |  LR SR","Completed","Frances  Leib","Completed","7/2/2018 3:09:16 PM EDT","7/7/2018 12:08:52 PM EDT","7/2/2018 4:28:56 PM EDT","7/7/2018 12:08:52 PM EDT","7/7/2018 12:08:52 PM EDT","pgprop@Aol.com"
"Please DocuSign your Allriks insurance documents.-(305)824-1242| 00758249 | LR BB","Completed","Pablo Soto","Completed","7/2/2018 2:52:54 PM EDT","7/3/2018 10:37:28 AM EDT","7/3/2018 10:32:43 AM EDT","7/3/2018 10:37:28 AM EDT","7/3/2018 10:37:28 AM EDT","pudgyws@hotmail.com"
"Please DocuSign your ALLRISKS insurance documents.-(561)574-6954 | 00629579 | LR BB","Completed","Tropical Garden Villas Inc.","Completed","7/2/2018 2:45:37 PM EDT","7/2/2018 3:02:17 PM EDT","7/2/2018 3:00:40 PM EDT","7/2/2018 3:02:17 PM EDT","7/2/2018 3:02:17 PM EDT","richardmc31@icloud.com"
"Please DocuSign your Allrisks insurance documents.-(305)444-5929| 00758154 | LR BB","Completed","Roger Breault","Completed","7/2/2018 2:35:39 PM EDT","7/5/2018 7:51:57 PM EDT","7/5/2018 7:48:12 PM EDT","7/5/2018 7:51:57 PM EDT","7/5/2018 7:51:57 PM EDT","cookiebreault@gmail.com"
"Please DocuSign your Progressive  insurance documents.-(727)326-5405| 00585117 | LU","Completed","William Termini","Completed","7/2/2018 2:21:54 PM EDT","7/2/2018 2:36:02 PM EDT","7/2/2018 2:33:30 PM EDT","7/2/2018 2:36:02 PM EDT","7/2/2018 2:36:02 PM EDT","TerminiRhonda@gmail.com"
"Please DocuSign your UPC insurance documents.-(863)816-5954 | 00758179 | LP","Completed","Kevin S Childers","Completed","7/2/2018 2:14:13 PM EDT","7/2/2018 3:31:16 PM EDT","7/2/2018 3:19:32 PM EDT","7/2/2018 3:33:10 PM EDT","7/2/2018 3:31:16 PM EDT","kchilders11@tampabay.rr.com"
"Please DocuSign your UPC insurance documents.-(863)816-5954 | 00758179 | LP","Completed","Jessica Childers","Completed","7/2/2018 2:14:13 PM EDT","7/2/2018 3:33:10 PM EDT","7/2/2018 3:32:31 PM EDT","7/2/2018 3:33:10 PM EDT","7/2/2018 3:33:10 PM EDT","kchilders11@tampabay.rr.com"
"Please DocuSign your American Integrity insurance documents.-(845)226-6107| 00757928 |LR","Completed","Ann Pooler","Completed","7/2/2018 1:04:59 PM EDT","7/2/2018 1:20:59 PM EDT","7/2/2018 1:19:37 PM EDT","7/2/2018 1:20:59 PM EDT","7/2/2018 1:20:59 PM EDT","apooler@aol.com"
"Please DocuSign your Bankers insurance documents.-(727)612-5644| 00757487 | LR","Completed","Dao, Tai","Completed","7/2/2018 12:59:00 PM EDT","7/4/2018 10:01:21 PM EDT","7/4/2018 9:59:38 PM EDT","7/4/2018 10:01:21 PM EDT","7/4/2018 10:01:21 PM EDT","lavandanails@yahoo.com"
"Please DocuSign this policy change request.- SR","Completed","Matthew D Mccullen","Completed","7/2/2018 12:52:09 PM EDT","7/2/2018 5:20:37 PM EDT","7/2/2018 5:20:18 PM EDT","7/2/2018 5:20:37 PM EDT","7/2/2018 5:20:37 PM EDT","MATTHEWMCMULLEN727@gmail.com"
"Please DocuSign your UPCIC insurance documents.-(954)608-1303| 00201966 | AG","Completed","DEBORAH  KNEBEL-SMOLKA","Completed","7/2/2018 12:21:41 PM EDT","7/3/2018 12:48:55 PM EDT","7/3/2018 12:29:43 PM EDT","7/3/2018 12:51:30 PM EDT","7/3/2018 12:48:55 PM EDT","deborah.smolka@irs.gov"
"Please DocuSign your UPCIC insurance documents.-(954)608-1303| 00201966 | AG","Completed","JAMES  KNEBEL","Completed","7/2/2018 12:21:42 PM EDT","7/3/2018 12:51:30 PM EDT","7/3/2018 12:50:12 PM EDT","7/3/2018 12:51:30 PM EDT","7/3/2018 12:51:30 PM EDT","deborah.smolka@irs.gov"
"Please DocuSign your UPCIC insurance documents.-(305)785-2458| 00758114 | AG","Completed","SHONDELLE  SOLOMON- MILES","Completed","7/2/2018 11:54:29 AM EDT","7/2/2018 12:26:30 PM EDT","7/2/2018 12:24:00 PM EDT","7/2/2018 12:29:55 PM EDT","7/2/2018 12:26:30 PM EDT","shondelle@crossfit954.com"
"Please DocuSign your UPCIC insurance documents.-(305)785-2458| 00758114 | AG","Completed","RONALD  MILES","Completed","7/2/2018 11:54:30 AM EDT","7/2/2018 12:29:55 PM EDT","7/2/2018 12:28:58 PM EDT","7/2/2018 12:29:55 PM EDT","7/2/2018 12:29:55 PM EDT","shondelle@crossfit954.com"
"Please DocuSign your Velocity insurance documents.-(305)409-1305| 00758105 | LP","Completed","Adi Gal","Completed","7/2/2018 11:45:58 AM EDT","7/6/2018 9:59:01 AM EDT","7/6/2018 9:58:01 AM EDT","7/6/2018 9:59:01 AM EDT","7/6/2018 9:59:01 AM EDT","adigalrealtor@gmail.com"
"NEW: Please DocuSign Statement of No Loss form.-(407)435-6925 | 00714306 | AG","Voided","James Bonnett","Sent","7/2/2018 11:37:16 AM EDT","","","7/10/2018 12:25:18 AM EDT","","Ka2zsajames8@yahoo.com"
"Please DocuSign your Velocity insurance documents.-(772)231-6057 | 00758100 | LP","Completed","Christopher Ruby","Completed","7/2/2018 10:58:35 AM EDT","7/2/2018 12:20:38 PM EDT","7/2/2018 12:18:51 PM EDT","7/2/2018 12:25:27 PM EDT","7/2/2018 12:20:38 PM EDT","tracy.ruby@att.net"
"Please DocuSign your Velocity insurance documents.-(772)231-6057 | 00758100 | LP","Completed","Tracy Ruby","Completed","7/2/2018 10:58:35 AM EDT","7/2/2018 12:25:27 PM EDT","7/2/2018 12:22:01 PM EDT","7/2/2018 12:25:27 PM EDT","7/2/2018 12:25:27 PM EDT","tracy.ruby@att.net"
"Please DocuSign your Progressive insurance documents.-(561)702-0931| 00757971 | LU","Completed","Traci Powell","Completed","7/2/2018 10:45:18 AM EDT","7/8/2018 9:33:15 AM EDT","7/8/2018 9:29:16 AM EDT","7/8/2018 9:33:15 AM EDT","7/8/2018 9:33:15 AM EDT","BeautypaysTP@gmail.com"
"Please DocuSign your Foremost insurance documents.-(786)873-5917| 00757965 | LU","Completed","GEOFFREY GRANT","Completed","7/2/2018 10:37:00 AM EDT","7/2/2018 1:02:43 PM EDT","7/2/2018 12:58:21 PM EDT","7/2/2018 1:02:43 PM EDT","7/2/2018 1:02:43 PM EDT","geoffreygrant1985@gmail.com"
"Please DocuSign your Velocity  insurance documents.-(703)424-1336| 00755831 | LP","Completed","Luz Chang","Completed","7/2/2018 10:33:15 AM EDT","7/2/2018 11:37:53 AM EDT","7/2/2018 11:24:35 AM EDT","7/2/2018 11:37:53 AM EDT","7/2/2018 11:37:53 AM EDT","lucerochang4@gmail.com"
"Please DocuSign your Florida insurance documents.-(917)816-3165| 00752148 | LP","Voided","Katherine Espositio","Sent","7/2/2018 10:11:00 AM EDT","","","7/10/2018 12:26:11 AM EDT","","cathiesto@gmail.com"
"Please DocuSign your Sagesure insurance documents.-(407)496-1325 | 00757958 | LU","Completed","Brent Cunningham","Completed","7/2/2018 10:02:52 AM EDT","7/2/2018 10:47:59 AM EDT","7/2/2018 10:46:29 AM EDT","7/2/2018 10:48:47 AM EDT","7/2/2018 10:47:59 AM EDT","btc11235@netzero.net"
"Please DocuSign your Sagesure insurance documents.-(407)496-1325 | 00757958 | LU","Completed","ZUZANA CUNNINGHAM","Completed","7/2/2018 10:02:52 AM EDT","7/2/2018 10:48:47 AM EDT","7/2/2018 10:48:18 AM EDT","7/2/2018 10:48:47 AM EDT","7/2/2018 10:48:47 AM EDT","btc11235@netzero.net"
"Please DocuSign Cancellation request form & RCE.-(954)839-9592| 00757945 | VO LR","Voided","Joseph Falzone","Sent","7/2/2018 9:36:38 AM EDT","","","7/10/2018 12:27:29 AM EDT","","Bluparrot9@aol.com"
"Please DocuSign your Velocity insurance documents.-(301)332-9661| 00693138 | LP","Voided","Eric W Franklin","Delivered","7/2/2018 9:19:25 AM EDT","","7/2/2018 12:06:33 PM EDT","7/10/2018 12:26:25 AM EDT","","efranklinmd@gmail.com"
"Please DocuSign your new Wright flood insurance application.-(401)480-6152| 00679510 | AG","Completed","William DeMagistris","Completed","7/2/2018 9:04:18 AM EDT","7/3/2018 6:33:27 PM EDT","7/3/2018 6:31:51 PM EDT","7/3/2018 6:33:27 PM EDT","7/3/2018 6:33:27 PM EDT","bilden@cox.net"
"Please DocuSign Statement of No Loss form.-(954)914-5968 | 00672796 |  KC AMY","Completed","Cedric Straker","Completed","7/2/2018 8:52:08 AM EDT","7/5/2018 2:52:36 PM EDT","7/5/2018 2:51:35 PM EDT","7/5/2018 2:52:36 PM EDT","7/5/2018 2:52:36 PM EDT","cedricstraker@yahoo.com"