"Subject","Status","Recipient Name","Action","Sent On","Completed On","View Date","Status Changed Date","Sign Date","Recipient Email"
"Please DocuSign your insurance documents.- (561)676-5464   | 00705618 |  LR MO","Sent","Charles Rein ","Sent","11/3/2017 9:23:02 PM EST","","","","","ropedadad@aol.com"
"Please DocuSign your insurance documents.- (561)676-5464   | 00705618 |  LR MO","Sent","Marsha Rein ","Sent","11/3/2017 9:23:02 PM EST","","","","","ropedadad@aol.com"
"Please DocuSign your insurance documents.- (561)676-5464   | 00705618 |  LR MO","Sent","Chris Cole","Completed","11/3/2017 9:23:02 PM EST","11/3/2017 9:23:27 PM EST","11/3/2017 9:23:17 PM EST","","11/3/2017 9:23:27 PM EST","kerry.clinton@brightway.com"
"Please DocuSign your SeaCoast Brokers insurance documents.-(321)527-4662| 00610350 |LR","Sent","Cliff Weisner","Sent","11/3/2017 5:03:58 PM EST","","","","","cliffw2112@gmail.com"
"Please DocuSign Premium Finance form (321)527-4662  | 00610350 |   LR","Completed","Andrew Spivey","Completed","11/3/2017 4:45:10 PM EST","11/3/2017 5:11:22 PM EST","11/3/2017 5:10:49 PM EST","11/3/2017 5:11:22 PM EST","11/3/2017 5:11:22 PM EST","bspivey8307@gmail.com"
"Please DocuSign your Olympus insurance documents.-(305)510-5717 | 00705538 |LR","Delivered","Laura Sidor","Delivered","11/3/2017 4:39:13 PM EST","","11/5/2017 10:57:55 AM EST","","","laurapusnar@aol.com"
"Please DocuSign your AllRisk insurance documents.-(786)738-2800| 00705551 |LR","Completed","Doris Rosa","Completed","11/3/2017 4:33:20 PM EST","11/3/2017 5:52:01 PM EST","11/3/2017 4:44:33 PM EST","11/4/2017 3:16:14 PM EST","11/3/2017 5:52:01 PM EST","anibal.flecha@gmail.com"
"Please DocuSign your AllRisk insurance documents.-(786)738-2800| 00705551 |LR","Completed","Anibal Flecha Viera","Completed","11/3/2017 4:24:08 PM EST","11/4/2017 3:16:14 PM EST","11/4/2017 3:12:38 PM EST","11/4/2017 3:16:14 PM EST","11/4/2017 3:16:14 PM EST","anibal.flecha@gmail.com"
"Please DocuSign your US Coastal insurance documents.-(619)857-7919| 00704966 |SB","Completed","Renee Joseph","Completed","11/3/2017 4:20:37 PM EST","11/4/2017 6:42:05 AM EST","11/4/2017 6:39:52 AM EST","11/4/2017 6:42:06 AM EST","11/4/2017 6:42:05 AM EST","rjoey660@yahoo.com"
"Please DocuSign your ASI insurance documents.-(239)223-9861| 00656072 |LR","Completed","Linda Shue","Completed","11/3/2017 4:12:51 PM EST","11/5/2017 7:04:12 AM EST","11/3/2017 4:31:42 PM EST","11/5/2017 7:17:20 AM EST","11/5/2017 7:04:12 AM EST","dlsunfun@msn.com"
"Please DocuSign your ASI insurance documents.-(239)223-9861| 00656072 |LR","Completed","Doug Shue","Completed","11/3/2017 4:12:51 PM EST","11/5/2017 7:17:20 AM EST","11/5/2017 7:09:01 AM EST","11/5/2017 7:17:20 AM EST","11/5/2017 7:17:20 AM EST","dlsunfun@msn.com"
"Please DocuSign your AllRisk insurance documents.-(305)978-4079| 00705395 |LR","Completed","Alicia Sneij","Completed","11/3/2017 4:07:56 PM EST","11/4/2017 8:59:05 AM EST","11/3/2017 4:10:23 PM EST","11/4/2017 8:59:06 AM EST","11/4/2017 8:59:05 AM EST","a.sneij@gmail.com"
"Please DocuSign your ASI flood insurance application.-(954)729-4211| 00552659 |LR","Sent","Karen Prigg","Sent","11/3/2017 4:02:55 PM EST","","","","","karenwernick@gmail.com"
"Please DocuSign your Aspen insurance documents.-(561)293-9928| 00705318 | SB","Sent","Desha Turner","Sent","11/3/2017 3:42:18 PM EST","","","","","deshaturner@gmail.com"
"Please DocuSign your Geovera insurance documents.-(727)461-4400| 00705501 |SB","Sent","Susan Wallace","Sent","11/3/2017 3:37:57 PM EST","","","","","susanw@cccheart.com"
"Please DocuSign your Aspen insurance documents.-.-(305)218-4904| 00496227 |","Sent","Jacelyn Dalce","Sent","11/3/2017 3:33:24 PM EST","","","","","jocelynd@baptisthealth.net"
"Please DocuSign your Aspen insurance documents.-.-(305)218-4904| 00496227 |","Sent","Dawn Jocelyn","Sent","11/3/2017 3:53:24 PM EST","","","","","jocelynd@baptisthealth.net"
"Please DocuSign Cancellation request form.-(561)909-9884| 00692537 | MO","Completed","Aaron Nagler","Completed","11/3/2017 3:23:13 PM EST","11/3/2017 7:42:20 PM EST","11/3/2017 7:41:58 PM EST","11/3/2017 7:42:21 PM EST","11/3/2017 7:42:20 PM EST","risingsunpoolswpb@gmail.com"
"Please DocuSign Cancellation request form.-(561)236-7249| 00305712 |MO","Completed","Marisol Delcid","Completed","11/3/2017 3:15:55 PM EST","11/3/2017 5:59:18 PM EST","11/3/2017 5:58:43 PM EST","11/3/2017 5:59:18 PM EST","11/3/2017 5:59:18 PM EST","cubgirl27@aol.com"
"Please DocuSign your Universal P&C insurance documents.-phn#813-389-1046pc#1501-1706-2680 LR","Sent","Vincent Graham","Sent","11/3/2017 3:10:06 PM EST","","","","","ahavin1@hotmail.com"
"Please DocuSign this policy change request.-(561)313-4338 | 00080965 |SZ","Completed","Sherry Goff","Completed","11/3/2017 2:35:55 PM EST","11/3/2017 4:47:15 PM EST","11/3/2017 4:44:14 PM EST","11/3/2017 4:47:16 PM EST","11/3/2017 4:47:15 PM EST","sherrygoff.rdh@gmail.com"
"Please DocuSign your Allrisk insurance documents.-(561)248-5107| 00702339 |SR","Completed","John Russo","Completed","11/3/2017 2:29:08 PM EST","11/3/2017 7:46:09 PM EST","11/3/2017 7:39:05 PM EST","11/3/2017 7:46:09 PM EST","11/3/2017 7:46:09 PM EST","russoracing52@gmail.com"
"Please DocuSign your AllRisk insurance documents.-qt#3157177 SR","Sent","Lillian Young","Sent","11/3/2017 1:36:41 PM EST","","","","","lilwil@bellsouth.net"
"Please DocuSign your Certificate of Condition. BB LL","Completed","Laura Sidor","Completed","11/3/2017 1:15:04 PM EST","11/3/2017 1:17:23 PM EST","11/3/2017 1:15:54 PM EST","11/3/2017 1:17:24 PM EST","11/3/2017 1:17:23 PM EST","laurapusnar@aol.com"
"Please DocuSign your Federated National insurance documents.-phone#(786)369-6401acc#00684520  SB","Completed","Luis Salazar","Completed","11/3/2017 12:51:09 PM EST","11/3/2017 6:40:10 PM EST","11/3/2017 6:27:07 PM EST","11/3/2017 6:40:11 PM EST","11/3/2017 6:40:10 PM EST","lsalazar@uniglobetravel.com.ve"
"Please DocuSign your Universal P&C insurance documents.-phone# (954)592-1317acc# 00681079 TM","Sent","Roosevelt Delica","Sent","11/3/2017 12:33:31 PM EST","","","","","fran582@aol.com"
"Please DocuSign your Universal P&C insurance documents.-phone# (954)592-1317acc# 00681079 TM","Sent","Franciane Delica","Sent","11/3/2017 12:33:31 PM EST","","","","","fran582@aol.com"
"Please DocuSign your Universal P&C insurance documents.- (407)234-9835| 00702808 |LR","Sent","Jessica Sha","Sent","11/3/2017 12:29:34 PM EST","","","","","dsha@flcancer.com"
"Please DocuSign your Universal P&C insurance documents.- (407)234-9835| 00702808 |LR","Sent","David Sha","Sent","11/3/2017 12:29:35 PM EST","","","","","dsha@flcancer.com"
"Please DocuSign your AllRisk insurance documents.-(786)859-7388| 00703171 | SR","Sent","Abdul Kamara","Sent","11/3/2017 11:55:43 AM EST","","","","","abdulkamara735@yahoo.com"
"Please DocuSign your No Loss Statement. | 00558225 |(704)621-3397 PR","Sent","Maria Oliveria","Sent","11/3/2017 11:38:19 AM EST","","","","","maria.schultz@thegraphmobile.com"
"Please DocuSign your No Loss Statement. | 00558225 |(704)621-3397 PR","Sent","Dercilio Oliveria","Sent","11/3/2017 11:38:20 AM EST","","","","","maria.schultz@thegraphmobile.com"
"Please DocuSign your new ASI insurance application.-(561)856-7568| 00680990 |","Completed","Frank Arnold","Completed","11/3/2017 11:19:38 AM EST","11/3/2017 1:27:26 PM EST","11/3/2017 1:20:37 PM EST","11/3/2017 1:27:27 PM EST","11/3/2017 1:27:26 PM EST","mrpalmbeach11@gmail.com"
"Please DocuSign your new flood insurance application.--phn#(305)968-3033acc#00552632  SB","Completed","ANTONY FRIEDMAN","Completed","11/3/2017 11:07:12 AM EST","11/3/2017 11:41:37 AM EST","11/3/2017 11:37:38 AM EST","11/3/2017 11:41:37 AM EST","11/3/2017 11:41:37 AM EST","zzlangerhans@gmail.com"
"Please DocuSign your No Loss Statement. | 00558225 |(704)621-3397 PR","Completed","Maria Oliveria","Completed","11/3/2017 10:53:26 AM EST","11/3/2017 10:59:44 AM EST","11/3/2017 10:58:58 AM EST","11/3/2017 10:59:44 AM EST","11/3/2017 10:59:44 AM EST","maria.schultz@thegraphmobile.com"
"Please DocuSign: FLH-0005533 Inspection Letter.phn#(786)704-7500| 00659170 | SZ","Sent","Patricia Smith","Sent","11/3/2017 10:46:48 AM EST","","","","","womenofpurpose49@gmail.com"
"Please DocuSign your St.Jhonson insurance documents.-(561)216-9106| 00672670 |MO LR","Completed","Catherine Lopez","Completed","11/3/2017 10:43:48 AM EST","11/3/2017 10:46:00 AM EST","11/3/2017 10:44:09 AM EST","11/3/2017 10:46:00 AM EST","11/3/2017 10:46:00 AM EST","lopez.catherine87@yahoo.com"
"Updated Please DocuSign your new ASI insurance application.-(561)498-9524| 00329831 | TM","Sent","Stanley Nowak","Sent","11/3/2017 9:34:39 AM EST","","","","","cappop@aol.com"
"Please DocuSign Replacement cost estimator form | 00488082 |(305)491-3071 LR","Completed","Gabriel Garcia","Completed","11/3/2017 9:17:17 AM EST","11/5/2017 7:01:34 AM EST","11/5/2017 7:00:56 AM EST","11/5/2017 7:01:35 AM EST","11/5/2017 7:01:34 AM EST","gabo2982@gmail.com"
"Please DocuSign Cancellation request form.-phn#(305)968-3033acc#00552632 MO SB","Completed","ANTONY FRIEDMAN","Completed","11/2/2017 5:14:58 PM EST","11/3/2017 2:39:15 AM EST","11/3/2017 2:38:55 AM EST","11/3/2017 2:39:15 AM EST","11/3/2017 2:39:15 AM EST","zzlangerhans@gmail.com"
"Please DocuSign your St. Jhonson insurance documents.- (954)802-8862| 00705292 |SB","Completed","Elissa Pacheco","Completed","11/2/2017 4:23:28 PM EST","11/2/2017 4:49:02 PM EST","11/2/2017 4:39:02 PM EST","11/2/2017 5:01:15 PM EST","11/2/2017 4:49:02 PM EST","alanardh@gmail.com"
"Please DocuSign your St. Jhonson insurance documents.- (954)802-8862| 00705292 |SB","Completed","Alana Dean","Completed","11/2/2017 4:23:28 PM EST","11/2/2017 5:01:14 PM EST","11/2/2017 4:37:49 PM EST","11/2/2017 5:01:15 PM EST","11/2/2017 5:01:14 PM EST","alanardh@gmail.com"
"Please DocuSign your UPC insurance documents.-(321)877-1389 | 00705118 | LR","Sent","Daniel Rzucidlo","Sent","11/2/2017 4:15:59 PM EST","","","","","wdrzbankrs@aol.com"
"Please DocuSign your AllRosk insurance documents.-(407)497-2441 | 00705121 | LR","Declined","Alexander Pagan","Declined","11/2/2017 4:09:50 PM EST","","11/2/2017 4:10:47 PM EST","11/5/2017 8:09:37 AM EST","","Bliever16@gmail.com"
"Please DocuSign your home insurance documents.-(305)395-0483| 00705046 |SB","Completed","William King","Completed","11/2/2017 4:03:59 PM EST","11/3/2017 7:11:13 AM EST","11/3/2017 7:09:29 AM EST","11/3/2017 7:11:13 AM EST","11/3/2017 7:11:13 AM EST","boatxpert@live.com"
"Please DocuSign your UPC insurance documents.-.-(561)246-1125| 00302701 |MO","Completed","NATHAN BERNSTEIN","Completed","11/2/2017 3:43:51 PM EST","11/3/2017 9:48:15 AM EST","11/3/2017 9:43:29 AM EST","11/3/2017 9:48:16 AM EST","11/3/2017 9:48:15 AM EST","NATB11577@AOL.COM"
"Please DocuSign your Universal P&C insurance documents.-phn#(561)318-5298acc#00698448 LR","Sent","Pauline Granville-wallace","Sent","11/2/2017 3:35:57 PM EST","","","","","Pauline.granville4@gmail.com"
"Please DocuSign your Universal P&C insurance documents.-phn#(561)318-5298acc#00698448 LR","Sent","Keno Wallace","Completed","11/2/2017 3:35:57 PM EST","11/4/2017 2:49:57 PM EST","11/4/2017 2:49:00 PM EST","","11/4/2017 2:49:57 PM EST","Pauline.granville4@gmail.com"
"Please DocuSign your All Risk insurance documents.-(786)439-8277| 00700612 |MO SR","Voided","Barbara Valdes","Sent","11/2/2017 3:31:00 PM EST","","","11/2/2017 3:33:53 PM EST","","barbievaldes@bellsouth.net"
"Please DocuSign your Geovera insurance documents.-(253)314-8612| 00705265 | SB","Delivered","Shelly Kleeman","Delivered","11/2/2017 3:15:48 PM EST","","11/2/2017 8:32:22 PM EST","","","shellykleeman@yahoo.com"
"Please DocuSign your Universal P&C insurance documents.-(561)541-7425| 00705248 |LR","Completed","Katherine E Curran","Completed","11/2/2017 3:09:57 PM EST","11/2/2017 3:24:20 PM EST","11/2/2017 3:22:12 PM EST","11/2/2017 3:25:49 PM EST","11/2/2017 3:24:20 PM EST","rick_morick@yahoo.com"
"Please DocuSign your Universal P&C insurance documents.-(561)541-7425| 00705248 |LR","Completed","Richard J Morick","Completed","11/2/2017 3:09:57 PM EST","11/2/2017 3:25:49 PM EST","11/2/2017 3:24:50 PM EST","11/2/2017 3:25:49 PM EST","11/2/2017 3:25:49 PM EST","rick_morick@yahoo.com"
"Please DocuSign your AllRisk insurance documents.-(561)676-9317| 00705202 |LR","Completed","Wendy Hobbie","Completed","11/2/2017 2:59:23 PM EST","11/2/2017 3:56:00 PM EST","11/2/2017 3:51:39 PM EST","11/2/2017 3:56:00 PM EST","11/2/2017 3:56:00 PM EST","wendyseapine@yahoo.com"
"Please DocuSign your Universal P&C insurance documents.-(813)846-5561 | 00703088 |LR","Delivered","Marian Black","Delivered","11/2/2017 2:54:23 PM EST","","11/2/2017 2:59:20 PM EST","","","MBTAMPABAY@YAHOO.COM"
"Please DocuSign your Edison, Vertus & cancellation insurance documents.(561)767-6145|00705084|MOSBSR","Completed","Thomas Tolbert","Completed","11/2/2017 2:45:04 PM EST","11/3/2017 12:58:32 PM EST","11/3/2017 12:55:00 PM EST","11/3/2017 1:00:05 PM EST","11/3/2017 12:58:32 PM EST","tommyt762@aol.com"
"Please DocuSign your Edison, Vertus & cancellation insurance documents.(561)767-6145|00705084|MOSBSR","Completed","Jennifer Rodriguez","Completed","11/2/2017 2:45:05 PM EST","11/3/2017 1:00:05 PM EST","11/3/2017 12:59:43 PM EST","11/3/2017 1:00:05 PM EST","11/3/2017 1:00:05 PM EST","tommyt762@aol.com"
"Please DocuSign your AllRisk insurance documents.-| 00705067 | (321)768-8451 LR","Sent","William Craycraft","Sent","11/2/2017 2:19:17 PM EST","","","","","billctwa2@netscape.net"
"Please DocuSign your AllrRisk insurance documents.-(239)440-3104 | 00705028 |LR","Completed","Jeanne Saint Louis","Completed","11/2/2017 2:12:25 PM EST","11/3/2017 2:50:20 AM EST","11/3/2017 2:17:40 AM EST","11/3/2017 2:50:20 AM EST","11/3/2017 2:50:20 AM EST","jeannelouis001@yahoo.com"
"Please DocuSign your UPC insurance documents.-(562)537-4983| 00702031 |TM MO","Delivered","George Searles","Delivered","11/2/2017 12:57:36 PM EST","","11/2/2017 12:59:14 PM EST","","","flyboyuc35@yahoo.com"
"Please DocuSign your UPC insurance documents.-(562)537-4983| 00702031 |TM MO","Delivered","Kerry Clinton","Completed","11/2/2017 12:57:36 PM EST","11/2/2017 12:58:26 PM EST","11/2/2017 12:58:07 PM EST","","11/2/2017 12:58:26 PM EST","kerry.clinton@brightway.com"
"Please DocuSign your Universal P&C & Cancellation insurance documents.-(561)609-3285 |00705015|MO LR","Completed","Barbara Duffy","Completed","11/2/2017 12:45:31 PM EST","11/4/2017 7:29:34 AM EST","11/4/2017 7:23:15 AM EST","11/4/2017 12:14:22 PM EST","11/4/2017 7:29:34 AM EST","barbiesuel@aol.com"
"Please DocuSign your Universal P&C & Cancellation insurance documents.-(561)609-3285 |00705015|MO LR","Completed","Michael Duffy","Completed","11/2/2017 12:45:31 PM EST","11/4/2017 12:14:22 PM EST","11/4/2017 12:11:18 PM EST","11/4/2017 12:14:22 PM EST","11/4/2017 12:14:22 PM EST","barbiesuel@aol.com"
"Please DocuSign your Tower Hill and ASI insurance documents.-(203)213-8288| 00134230 | LR SB","Completed","Dana Montada","Completed","11/2/2017 12:16:49 PM EST","11/2/2017 3:48:18 PM EST","11/2/2017 12:56:21 PM EST","11/2/2017 3:48:19 PM EST","11/2/2017 3:48:18 PM EST","corvette1117@yahoo.com"
"Please DocuSign your Geovera insurance documents.-(954)829-6358acc#00704988 |SB","Completed","Doris Wallace","Completed","11/2/2017 11:49:35 AM EST","11/3/2017 5:55:09 PM EST","11/3/2017 5:50:48 PM EST","11/3/2017 5:55:10 PM EST","11/3/2017 5:55:09 PM EST","robinsturn@gmail.com"
"Please DocuSign Peoples trust Cancellation request form.-(772)571-3853| 00700240 |MO","Completed","Gregory Hilliard","Completed","11/2/2017 11:22:48 AM EST","11/2/2017 11:43:27 AM EST","11/2/2017 11:43:15 AM EST","11/2/2017 11:44:00 AM EST","11/2/2017 11:43:27 AM EST","babyrnbetty63@aol.com"
"Please DocuSign Peoples trust Cancellation request form.-(772)571-3853| 00700240 |MO","Completed","Betty Hilliard","Completed","11/2/2017 11:22:48 AM EST","11/2/2017 11:43:59 AM EST","11/2/2017 11:43:53 AM EST","11/2/2017 11:44:00 AM EST","11/2/2017 11:43:59 AM EST","babyrnbetty63@aol.com"
"Please DocuSign your US Coastal insurance documents.-(847)482-2171 00563585 |LR MO","Sent","Lloyd Henry","Sent","11/2/2017 11:13:11 AM EST","","","","","bathway165@gmail.com"
"Please DocuSign your AllRisk insurance documents.-(305)915-7715 | 00704937 | LR","Completed","Maria Delgado","Completed","11/2/2017 10:22:52 AM EST","11/2/2017 10:55:59 AM EST","11/2/2017 10:54:36 AM EST","11/2/2017 10:56:00 AM EST","11/2/2017 10:55:59 AM EST","siorin@dadeschools.net"
"Please DocuSign your Universal P&C insurance documents.-(786)285-6238| 00704926 |LR","Sent","Gurliene Bastien","Sent","11/2/2017 9:14:36 AM EST","","","","","miamiguirlene@gmail.com"
"Please DocuSign this agent of record form.-Pc#PFL138089 phn# (786) 360-9056MariaC DB LL","Delivered","Viviana del valle","Delivered","11/1/2017 5:03:11 PM EST","","11/3/2017 1:54:16 AM EST","","","vivianaez@yahoo.com"
"Please DocuSign your Change request & Statement Of Variance forms (321)402-7919| 00673941 | SR","Completed","Kenton Smeltzer","Completed","11/1/2017 4:54:14 PM EST","11/2/2017 8:27:42 PM EST","11/2/2017 8:25:17 PM EST","11/2/2017 8:27:42 PM EST","11/2/2017 8:27:42 PM EST","ksmeltzer@gmail.com"
"Please DocuSign Cancellation request form.-(561)246-1125| 00302701 |MO","Completed","Jacqueline Bernstein Nathan Bernstein","Completed","11/1/2017 4:45:56 PM EST","11/1/2017 6:48:45 PM EST","11/1/2017 6:46:39 PM EST","11/1/2017 6:51:13 PM EST","11/1/2017 6:48:45 PM EST","NATB11577@AOL.COM"
"Please DocuSign Cancellation request form.-(561)246-1125| 00302701 |MO","Completed","NATHAN BERNSTEIN","Completed","11/1/2017 4:45:56 PM EST","11/1/2017 6:51:13 PM EST","11/1/2017 6:49:27 PM EST","11/1/2017 6:51:13 PM EST","11/1/2017 6:51:13 PM EST","NATB11577@AOL.COM"
"Please DocuSign Cancellation request forms.-(561)207-1155| 00552668 | MO","Completed","Alex Ali","Completed","11/1/2017 4:37:25 PM EST","11/3/2017 10:50:39 AM EST","11/3/2017 10:49:59 AM EST","11/3/2017 10:50:40 AM EST","11/3/2017 10:50:39 AM EST","mr.alexali@gmail.com"
"Please DocuSign People'sTrust statement of noloss Cancellation request form.-(401)487-32|00546603|MO","Sent","Ellen Robinson","Sent","11/1/2017 4:28:33 PM EST","","","","","ellenvrobinson@aol.com"
"Please DocuSign Missing an Initial-(561)309-5630 | 00700936 |SB","Completed","Nicole Rohee","Completed","11/1/2017 3:31:54 PM EST","11/1/2017 3:33:33 PM EST","11/1/2017 3:33:19 PM EST","11/1/2017 3:33:33 PM EST","11/1/2017 3:33:33 PM EST","nicole.rohee@gmail.com"
"Please DocuSign Cancellation request form.--(954)868-1580| 00141513 MO","Completed","LESLIE STEWART","Completed","11/1/2017 2:44:40 PM EST","11/2/2017 7:51:12 AM EST","11/2/2017 7:51:00 AM EST","11/2/2017 7:51:13 AM EST","11/2/2017 7:51:12 AM EST","d_stewart58@live.com"
"Please DocuSign Cancellation request form.-.-(561)432-4073| 00561288 | MO","Completed","William Campbell","Completed","11/1/2017 1:52:21 PM EST","11/1/2017 2:17:57 PM EST","11/1/2017 2:17:44 PM EST","11/1/2017 2:17:57 PM EST","11/1/2017 2:17:57 PM EST","billsoup@aol.com"
"Please DocuSign your AllRisk insurance documents.-qt# 3167757phn#561-966-1971 LR","Completed","Charles Fayles","Completed","11/1/2017 1:37:30 PM EST","11/1/2017 1:45:24 PM EST","11/1/2017 1:43:27 PM EST","11/1/2017 1:45:25 PM EST","11/1/2017 1:45:24 PM EST","cafayles@gmail.com"
"Please DocuSign your Universal P&C insurance documents.-(301)254-2274| 00704909 |LR","Completed","Lyndesy Persutti","Completed","11/1/2017 1:18:58 PM EST","11/1/2017 2:01:10 PM EST","11/1/2017 1:22:29 PM EST","11/1/2017 2:01:10 PM EST","11/1/2017 2:01:10 PM EST","mrmotacars@gmail.com"
"Please DocuSign your Geovera insurance documents.-(302)258-5523| 00704844 |SB","Completed","CARLYNE MESIDOR","Completed","11/1/2017 12:00:06 PM EST","11/1/2017 1:42:24 PM EST","11/1/2017 1:37:15 PM EST","11/1/2017 1:42:25 PM EST","11/1/2017 1:42:24 PM EST","carlynemesidor@icloud.com"
"Please DocuSign your home insurance documents.-(440)829-3420| 00704816 |SB","Completed","David Persing","Completed","11/1/2017 11:51:46 AM EST","11/2/2017 9:49:15 PM EST","11/1/2017 4:12:07 PM EST","11/2/2017 9:49:16 PM EST","11/2/2017 9:49:15 PM EST","djpersing@yahoo.com"
"Please DocuSign your capitol Preferred insurance documents.-(516)528-4060| 00704711 | SB","Completed","Merri Passet","Completed","11/1/2017 11:33:07 AM EST","11/1/2017 2:11:00 PM EST","11/1/2017 2:07:55 PM EST","11/1/2017 2:11:01 PM EST","11/1/2017 2:11:00 PM EST","mpasset529@yahoo.com"
"Please DocuSign your UPC and Cancellation insurance documents.-(321)268-9767| 00704688 |MO SB","Completed","William Specht","Completed","11/1/2017 11:17:54 AM EST","11/1/2017 1:05:28 PM EST","11/1/2017 1:03:52 PM EST","11/1/2017 1:05:29 PM EST","11/1/2017 1:05:28 PM EST","bspecht@tgocsa.com"
"Please DocuSign your AllRisk insurance documents.-(305)322-0621 | 00704889 | LR","Delivered","Dolores Mathis","Delivered","11/1/2017 11:05:01 AM EST","","11/2/2017 11:24:35 AM EST","","","chryljohnson@gmail.com"
"Please DocuSign your Bass, ASI and Vertus insurance documents.-(904)765-9472 | 00704763 | SR LR","Delivered","Francis Hicks","Delivered","11/1/2017 10:48:21 AM EST","","11/1/2017 8:20:23 PM EST","","","fyvonnehicks@aol.com"
"Please DocuSign your Monarch National insurance documents.-(352)445-2825| 00704803 |SB","Completed","Maria Otero","Completed","11/1/2017 10:03:05 AM EST","11/2/2017 12:03:36 PM EST","11/2/2017 11:42:17 AM EST","11/2/2017 12:03:36 PM EST","11/2/2017 12:03:36 PM EST","sapphire4142@yahoo.com"
"Please DocuSign your UPCIP and Cancellation insurance documents.-(407)868-6811| 00704791 | LR","Sent","Hiram Rivera","Sent","11/1/2017 9:50:02 AM EST","","","","","river519@hotmail.com"
"Please DocuSign your UPCIP and Cancellation insurance documents.-(407)868-6811| 00704791 | LR","Sent","Jo-Ann Rivera","Sent","11/1/2017 9:50:03 AM EST","","","","","river519@hotmail.com"