"Subject","Status","Recipient Name","Action","Sent On","Completed On","View Date","Status Changed Date","Sign Date","Recipient Email"
"Please DocuSign your allrisk insurance documents.-KDurham","Completed","JEREMY CAHILL","Completed","","1/5/2018 5:37:16 PM EST","1/5/2018 5:25:14 PM EST","1/5/2018 5:37:17 PM EST","1/5/2018 5:37:16 PM EST","JKINVESTMENTVENTURES@OUTLOOK.COM"
"Please DocuSign your UPCIC insurance documents.-(786)302-9713 | 00629597 | AG","Sent","Grecia Sardinas","Sent","","","","","","Grecia1887@yahoo.com"
": Please DocuSign your Tower Hill insurance documents.-(804)398-8845 | 00716689 | LR","Completed","Michael McDougall","Completed","","1/5/2018 8:39:52 PM EST","1/5/2018 8:30:50 PM EST","1/5/2018 9:03:10 PM EST","1/5/2018 8:39:52 PM EST","mtminva@gmail.com"
": Please DocuSign your Tower Hill insurance documents.-(804)398-8845 | 00716689 | LR","Completed","Shirley McDougall","Completed","","1/5/2018 9:03:09 PM EST","1/5/2018 8:41:59 PM EST","1/5/2018 9:03:10 PM EST","1/5/2018 9:03:09 PM EST","mtminva@gmail.com"
"Please DocuSign your Allrisk insurance documents.-phn#772-801-4557qt#3256617 SR","Delivered","Debra Garrison","Delivered","","","1/5/2018 6:18:23 PM EST","","","debrongarrison@att.net"
"Please DocuSign your AllRisk insurance documents.-(305)623-7677| 00716655 |SR","Sent","Richard Pine","Sent","","","","","","pinelynn24@gmail.com"
"Please DocuSign your Bass insurance documents.-(646)306-8389| 00716570 | SR","Sent","Fredricka Jones","Sent","","","","","","Fvjon23@gmail.com"
"Please DocuSign your ICAT insurance documents.-(808)729-0094| 00716563 |SR","Sent","Kenneth Peer","Sent","","","","","","kenneth.r.peer@gmail.com"
"Please DocuSign: Statement of No Loss.(305)469-0216| 00429467 | SZ","Sent","Samantha Ebanks","Sent","","","","","","Luchey_pooh305@yahoo.com"
"Please DocuSign your Lexington insurance documents.-(305)951-4186 | 00716640 |SR","Sent","Shelley Stroleny","Sent","","","","","","stroleny_gwc@yahoo.com"
"Please DocuSign your Peolple's Trust insurance documents.-(252)481-2111| 00716616 | LR","Delivered","Gerry Kesselbach","Delivered","","","1/5/2018 4:34:09 PM EST","","","kbach252@gmail.com"
"Please DocuSign your Seacost insurance documents.-(561)558-3115 | 00716583 | LR","Completed","EMMANUAL RIVERA","Completed","","1/5/2018 9:32:03 PM EST","1/5/2018 9:29:28 PM EST","1/5/2018 9:32:03 PM EST","1/5/2018 9:32:03 PM EST","erivera1234514@yahoo.com"
"NEw: Please DocuSign Statement of No Loss form(305)879-0226| 00636239 | AT","Sent","Ana Oyler","Sent","1/5/2018 2:35:02 PM EST","","","","","jaryselle3@gmail.com"
"Please DocuSign your UPCIC insurance documents.-(386)290-8096| 00716447 |LL","Completed","Kyle Deery","Completed","1/5/2018 2:19:20 PM EST","1/5/2018 5:20:33 PM EST","1/5/2018 5:18:30 PM EST","1/5/2018 6:39:20 PM EST","1/5/2018 5:20:33 PM EST","kylebdeery@gmail.com"
"Please DocuSign your UPCIC insurance documents.-(386)290-8096| 00716447 |LL","Completed","Thomas Deery","Completed","1/5/2018 2:19:20 PM EST","1/5/2018 6:39:20 PM EST","1/5/2018 5:16:07 PM EST","1/5/2018 6:39:20 PM EST","1/5/2018 6:39:20 PM EST","kylebdeery@gmail.com"
"Correct: Please DocuSign your UPCIC insurance documents.-(561)699-3003| 00716196 |AG","Sent","Tova Reznik","Sent","1/5/2018 12:42:43 PM EST","","","","","Tova.reznik@terracescc.com"
"Please DocuSign your new flood ASI insurance application.-(954)389-1314 | 00705292 | LR","Delivered","Alana Dean","Delivered","1/5/2018 12:29:58 PM EST","","1/5/2018 2:46:54 PM EST","","","alanardh@gmail.com"
"Please DocuSign employee warning notice KC","Completed","Kerry Clinton","Completed","1/5/2018 12:01:37 PM EST","1/5/2018 12:01:46 PM EST","1/5/2018 12:01:43 PM EST","1/5/2018 12:07:12 PM EST","1/5/2018 12:01:46 PM EST","kerry.clinton@brightway.com"
"Please DocuSign employee warning notice KC","Completed","Damion Brown","Completed","1/5/2018 12:01:36 PM EST","1/5/2018 12:07:12 PM EST","1/5/2018 12:06:41 PM EST","1/5/2018 12:07:12 PM EST","1/5/2018 12:07:12 PM EST","damion.brown@brightway.com"
"Please DocuSign Employee warning notice. KC","Completed","Kerry Clinton","Completed","1/5/2018 11:59:38 AM EST","1/5/2018 11:59:47 AM EST","1/5/2018 11:59:43 AM EST","1/5/2018 12:04:07 PM EST","1/5/2018 11:59:47 AM EST","kerry.clinton@brightway.com"
"Please DocuSign Employee warning notice. KC","Completed","Manny Clinton","Completed","1/5/2018 11:59:38 AM EST","1/5/2018 12:04:07 PM EST","1/5/2018 12:03:21 PM EST","1/5/2018 12:04:07 PM EST","1/5/2018 12:04:07 PM EST","manny.clinton@brightway.com"
"Please Docusign your Employee Warning Notice KC","Completed","Kerry Clinton","Completed","1/5/2018 11:54:52 AM EST","1/5/2018 11:55:04 AM EST","1/5/2018 11:54:59 AM EST","1/5/2018 12:01:01 PM EST","1/5/2018 11:55:04 AM EST","kerry.clinton@brightway.com"
"Please Docusign your Employee Warning Notice KC","Completed","Caseus Collman","Completed","1/5/2018 11:54:52 AM EST","1/5/2018 12:01:01 PM EST","1/5/2018 12:00:48 PM EST","1/5/2018 12:01:01 PM EST","1/5/2018 12:01:01 PM EST","caseus.collman@brightway.com"
"Please DocuSign your Bass insurance documents.-(646)633-8904| 00714306 |SR MClinton","Sent","James Bonnett","Sent","1/5/2018 11:22:37 AM EST","","","","","Ka2zsajames8@yahoo.com"
"Please DocuSign No Loss Statement.(954)328-1907| 00390662 | PR","Sent","Rosollino Passalacqua","Sent","1/5/2018 10:48:12 AM EST","","","","","santaparla@yahoo.com"
"Please DocuSign your UPCIC insurance documents.-(954)531-4435| 00713916 | LR","Sent","Leroy Barrett","Sent","1/5/2018 10:03:35 AM EST","","","","","lillianwoodall@ymail.com"
"Please DocuSign your UPCIC insurance documents.-(954)531-4435| 00713916 | LR","Sent","Mae J Barrett","Sent","1/5/2018 10:03:35 AM EST","","","","","lillianwoodall@ymail.com"
"Please DocuSign this document: BVH-0000887 Inspection Letter.phn#(786)344-3067acc#00674685  LR","Sent","Reginald Jones","Sent","1/5/2018 9:58:05 AM EST","","","","","regijones1@gmail.com"
"Please DocuSign Cancellation request form.-(561)901-0156| 00322652  |MO","Sent","Elizabeth Broadard","Sent","1/5/2018 9:56:33 AM EST","","","","","broadard@att.net"
"Please DocuSign your UPC insurance documents.-(561)254-8693| 00179069 |LR","Sent","Aleen Rosenheim","Sent","1/5/2018 9:47:07 AM EST","","","","","rosenheima@gmail.com"
"Please DocuSign your Tower Hill insurance documents.-(347)724-3778 | 00713871 |LR","Sent","Donnett Ferguson","Sent","1/5/2018 9:42:00 AM EST","","","","","jpatfave@yahoo.com"
"Please DocuSign your Tower Hill insurance documents.-(347)724-3778 | 00713871 |LR","Sent","Oscar Ferguson","Sent","1/5/2018 9:42:00 AM EST","","","","","jpatfave@yahoo.com"
"Please DocuSign your UPCIC insurance documents.-(786)514-2390| 00711609 |LR","Sent","JOSEPH H DESIR","Sent","1/5/2018 9:39:24 AM EST","","","","","josephdesir01@yahoo.com"
"Please DocuSign your UPCIC insurance documents.-(786)514-2390| 00711609 |LR","Sent","MARIA DESIR","Sent","1/5/2018 9:39:24 AM EST","","","","","josephdesir01@yahoo.com"
"Please DocuSign: KLH-0002433 Inspection Letter.phn#(786)806-6589acc#00563940  LR","Sent","Anthony Martin","Sent","1/5/2018 9:37:27 AM EST","","","","","11martin27webb12foundation@gmail.com"
"Please DocuSign you Geovera insurance documents.-(772)233-3528| 00716419 | SR","Completed","Chase Zobec","Completed","1/5/2018 8:56:14 AM EST","1/5/2018 2:12:57 PM EST","1/5/2018 11:52:01 AM EST","1/5/2018 2:12:58 PM EST","1/5/2018 2:12:57 PM EST","banksllunit@yahoo.com"
"Please DocuSign: FLH-0007146  Inspection Letter.(239)440-3104 | 00705028 LR","Sent","Jeanne Saint Louis","Sent","1/4/2018 5:01:23 PM EST","","","","","jeannelouis001@yahoo.com"
"Please DocuSign: CLH-0007299 Inspection Letter.-(305)763-1336| 00699217 LR","Completed","Angela I. Garcia","Completed","1/4/2018 4:51:23 PM EST","1/5/2018 12:30:50 AM EST","1/5/2018 12:30:20 AM EST","1/5/2018 12:30:51 AM EST","1/5/2018 12:30:50 AM EST","garcia.angela17@yahoo.com"
"Please DocuSign Cancellation request form.-706)614-1931 | 00619912 MO","Sent","Angie Polly","Sent","1/4/2018 4:44:03 PM EST","","","","","TIPTOP.ROOFING@YAHOO.COM"
"Please DocuSign Cancellation request form.-706)614-1931 | 00619912 MO","Sent","Donnie Polly","Sent","1/4/2018 4:44:03 PM EST","","","","","TIPTOP.ROOFING@YAHOO.COM"
"Please DocuSign yourUPCIC insurance documents.-(954)471-4921| 00716383 | AG","Sent","Yoselin A Kawas","Delivered","1/4/2018 4:43:41 PM EST","","1/4/2018 6:16:55 PM EST","","","yosekawas@gmail.com"
"Please DocuSign yourUPCIC insurance documents.-(954)471-4921| 00716383 | AG","Sent","Yajaira Kawas","Sent","1/4/2018 4:43:42 PM EST","","","","","yosekawas@gmail.com"
"Please DocuSign your AllRisk insurance documents.-(352)472-5718| 00600794 | LR","Voided","Carolyn Mitchell","Sent","1/4/2018 4:28:00 PM EST","","","1/5/2018 3:15:06 PM EST","","dixiemach@att.net"
"Please DocuSign NAMED EXCLUDED DRIVER ELECTION form(561)271-4622 | 00114255 | MCabrera","Delivered","Donald Weinberg","Delivered","1/4/2018 4:20:56 PM EST","","1/5/2018 2:26:43 AM EST","","","Donald@crjewelers.com"
"Please DocuSign your AllRisk insurance documents.-(407)921-0855| 00572822 |SR MO","Sent","Julio Vasquez","Sent","1/4/2018 4:14:56 PM EST","","","","","Vasquez.julio862@gmail.com"
"Please DocuSign your Allrisk insurance documents.-(305)216-1276| 00270914 |SR","Delivered","Mack Wiggins","Delivered","1/4/2018 3:41:48 PM EST","","1/5/2018 9:49:43 AM EST","","","mtwiggins3@yahoo.com"
"Please DocuSign this policy change request.-(561)373-3321 | 00510088  KC","Completed","Mary Louise Stoney","Completed","1/4/2018 3:20:09 PM EST","1/4/2018 3:25:47 PM EST","1/4/2018 3:24:51 PM EST","1/4/2018 3:25:47 PM EST","1/4/2018 3:25:47 PM EST","louise.stoney@gmail.com"
"Please DocuSign your Geovera insurance documents.-(801)430-0699| 00716340 | SR","Completed","Steven Harris","Completed","1/4/2018 2:47:04 PM EST","1/5/2018 7:53:50 AM EST","1/5/2018 7:18:00 AM EST","1/5/2018 7:53:50 AM EST","1/5/2018 7:53:50 AM EST","whleddie@outlook.com"
"Please DocuSign this policy change request.-(954)328-3455| 00715853 KC","Voided","Rochelle Mitchell","Sent","1/4/2018 2:37:18 PM EST","","","1/4/2018 2:40:58 PM EST","","i_shell8@hotmail.com"
"Please DocuSign this agent of record form.-pc00638198#ph#561-707-5643 LL DB","Completed","Gerardo Fernandez","Completed","1/4/2018 2:30:54 PM EST","1/4/2018 3:05:42 PM EST","1/4/2018 3:04:01 PM EST","1/4/2018 3:05:42 PM EST","1/4/2018 3:05:42 PM EST","Gerardo72cuba@aol.com"
"Please DocuSign your UPCIC insurances documents.-(407)810-5297 | 00716324 | AG","Sent","Joseph Pac","Sent","1/4/2018 2:14:49 PM EST","","","","","josephgpac@gmail.com"
"Please DocuSign your UPCIC insurances documents.-(407)810-5297 | 00716324 | AG","Sent","Quaolan Shen","Completed","1/4/2018 2:14:49 PM EST","1/4/2018 11:54:06 PM EST","1/4/2018 11:52:55 PM EST","","1/4/2018 11:54:06 PM EST","josephgpac@gmail.com"
"Please DocuSign your Bass insurance documents.-phn#813-340-7524pc#AGP1224026 SR","Completed","Carlos Velasco","Completed","1/4/2018 1:47:16 PM EST","1/4/2018 3:41:21 PM EST","1/4/2018 3:33:56 PM EST","1/4/2018 3:41:22 PM EST","1/4/2018 3:41:21 PM EST","cvelasco2010@gmail.com"
"Please DocuSign Cancellation request form.-.-phn#603455-3576 | 00715749 | MO","Completed","Janet Hanson","Completed","1/4/2018 1:06:50 PM EST","1/4/2018 1:51:19 PM EST","1/4/2018 1:50:44 PM EST","1/4/2018 1:52:15 PM EST","1/4/2018 1:51:19 PM EST","benfranklin3812@hotmail.com"
"Please DocuSign Cancellation request form.-.-phn#603455-3576 | 00715749 | MO","Completed","Linda Hanson","Completed","1/4/2018 1:06:50 PM EST","1/4/2018 1:52:15 PM EST","1/4/2018 1:47:14 PM EST","1/4/2018 1:52:15 PM EST","1/4/2018 1:52:15 PM EST","benfranklin3812@hotmail.com"
"Please DocuSign your AllRisk insurance documents.-(954)204-7273| 00457421 |SR MO","Completed","Magna Rojas","Completed","1/4/2018 11:56:17 AM EST","1/5/2018 3:31:57 PM EST","1/5/2018 3:27:39 PM EST","1/5/2018 3:31:57 PM EST","1/5/2018 3:31:57 PM EST","rojas15@aol.com"
"NEW: Please DocuSign this policy change request.--(305)989-2087| 00710273 |LL DB","Completed","Allan Robin Suarez","Completed","1/4/2018 10:03:03 AM EST","1/4/2018 10:03:49 AM EST","1/4/2018 10:03:35 AM EST","1/4/2018 10:03:49 AM EST","1/4/2018 10:03:49 AM EST","allan.suarez82@gmail.com"
"Please DocuSign your Bass insurance documents.-pc#AGP1220006phn#813-340-5476 SR","Completed","Watson Ragin","Completed","1/4/2018 9:22:26 AM EST","1/5/2018 4:56:05 PM EST","1/4/2018 4:12:31 PM EST","1/5/2018 4:56:06 PM EST","1/5/2018 4:56:05 PM EST","Watson.ragin@gmail.com"
"Please DocuSign Cancellation request form.-(863)697-6198| 00706005 MO","Sent","Travis Vonderau","Sent","1/4/2018 9:16:53 AM EST","","","","","Vannaokchb8@hotmail.com"
"Please DocuSign Cancellation request form.-(863)697-6198| 00706005 MO","Sent","Vanna Vonderau","Sent","1/4/2018 9:16:53 AM EST","","","","","Vannaokchb8@hotmail.com"
"Please DocuSign your Bass insurance documents.-(561)302-5128| 00711943 |SR","Delivered","Hayes Henson","Delivered","1/4/2018 9:15:11 AM EST","","1/5/2018 10:10:32 AM EST","","","hayesh9@yahoo.com"
"Please DocuSign: CLH-0006821 Inspection Letter.| 00699498 | (561)542-2866 LR","Sent","Mora Newman","Sent","1/4/2018 9:08:25 AM EST","","","","","newmanmora@aol.com"
"Please DocuSign your UPCIC insurance documents.-(850)207-9146| 00713329 |MO LR","Sent","Charles Bonifay","Sent","1/4/2018 8:57:56 AM EST","","","","","fergiexoxo11@gmail.com"
"Please DocuSign your UPCIC insurance documents.-(850)207-9146| 00713329 |MO LR","Sent","Mary Bonifay","Sent","1/4/2018 8:57:57 AM EST","","","","","fergiexoxo11@gmail.com"
"Please DocuSign Cancellation request form.-(321)961-9496| 00683575 | MO","Completed","Margaret Acra","Completed","1/4/2018 8:33:39 AM EST","1/4/2018 9:09:43 AM EST","1/4/2018 9:08:46 AM EST","1/4/2018 9:09:43 AM EST","1/4/2018 9:09:43 AM EST","margaretacra@yahoo.com"
"Please DocuSign your AllRisk insurance documents.-(561)398-6330| 00235213 |KC","Completed","Calenh Walsh","Completed","1/3/2018 5:00:43 PM EST","1/5/2018 1:50:10 PM EST","1/5/2018 1:40:56 PM EST","1/5/2018 1:50:10 PM EST","1/5/2018 1:50:10 PM EST","Walsh220@hotmail.com"
"Please DocuSign your AllRisk & Geovera insurance documents.-(305)253-4288| 00426037 | MO KC","Sent","Errol Campbell","Sent","1/3/2018 4:36:04 PM EST","","","","","Tonypuff@att.net"
"Please DocuSign: FLH-0007197 Inspection Letter (786)868-7550| 00708760 |SR","Completed","THOMAS ALLEN","Completed","1/3/2018 4:10:41 PM EST","1/3/2018 5:28:31 PM EST","1/3/2018 5:27:08 PM EST","1/3/2018 5:28:32 PM EST","1/3/2018 5:28:31 PM EST","acookyes@yahoo.com"
"Please DocuSign: FLH-0007139 Inspection Letter.(305)790-4492| 00707726 | LR","Completed","Maxy Pierre","Completed","1/3/2018 3:47:42 PM EST","1/4/2018 6:03:41 PM EST","1/3/2018 4:20:12 PM EST","1/4/2018 6:03:42 PM EST","1/4/2018 6:03:41 PM EST","maxypierremp@gmail.com"
"Please DocuSign Cancellation request form.--(954)328-3455| 00715853 | MO","Completed","Rochelle Mitchell","Completed","1/3/2018 3:43:32 PM EST","1/3/2018 8:46:45 PM EST","1/3/2018 4:18:08 PM EST","1/3/2018 8:46:46 PM EST","1/3/2018 8:46:45 PM EST","i_shell8@hotmail.com"
"Updated: Please DocuSign your Allrisk insurance documents.-(954)673-6163| 00712074 |SR","Completed","NANCY SERRANO","Completed","1/3/2018 3:19:18 PM EST","1/3/2018 4:16:27 PM EST","1/3/2018 4:15:01 PM EST","1/3/2018 4:16:27 PM EST","1/3/2018 4:16:27 PM EST","nancyserrano@bellsouth.net"
"Please DocuSign Cancellation request form.-(561)225-1557| 00385665 | MO","Completed","ROGER Kinney","Completed","1/3/2018 3:07:12 PM EST","1/3/2018 6:08:23 PM EST","1/3/2018 6:06:55 PM EST","1/3/2018 6:10:17 PM EST","1/3/2018 6:08:23 PM EST","akinney235@att.net"
"Please DocuSign Cancellation request form.-(561)225-1557| 00385665 | MO","Completed","Anna  Kinney","Completed","1/3/2018 3:07:12 PM EST","1/3/2018 6:10:16 PM EST","1/3/2018 6:09:11 PM EST","1/3/2018 6:10:17 PM EST","1/3/2018 6:10:16 PM EST","akinney235@att.net"
"Please DocuSign your UPCIC insurance documents.-(772)999-2145 | 00716001 | AG","Sent","LISA WALKER","Sent","1/3/2018 2:58:21 PM EST","","","","","lisawalker0251@gmail.com"
"Please DocuSign your UPCIC insurance documents.-(772)999-2145 | 00716001 | AG","Sent","JOHN A WALKER","Sent","1/3/2018 2:58:21 PM EST","","","","","lisawalker0251@gmail.com"
"Please DocuSign your AllRisk and ASI insurance documents.-phn#754-422-9657qt#3238033 SR SP","Completed","Elizabeth Hart","Completed","1/3/2018 1:53:09 PM EST","1/3/2018 1:56:23 PM EST","1/3/2018 1:54:12 PM EST","1/3/2018 1:56:23 PM EST","1/3/2018 1:56:23 PM EST","ehart33026@yahoo.com"
"Please DocuSign your UPCIC insurance documents.-(905)399-1392 | 00715095 | AG","Completed","Dany Labonte","Completed","1/3/2018 1:21:01 PM EST","1/4/2018 3:00:47 PM EST","1/4/2018 3:00:15 PM EST","1/4/2018 3:03:31 PM EST","1/4/2018 3:00:47 PM EST","jeff57us@gmail.com"
"Please DocuSign your UPCIC insurance documents.-(905)399-1392 | 00715095 | AG","Completed","Jeff Maddox","Completed","1/3/2018 1:21:00 PM EST","1/4/2018 3:03:31 PM EST","1/3/2018 3:01:03 PM EST","1/4/2018 3:03:31 PM EST","1/4/2018 3:03:31 PM EST","jeff57us@gmail.com"
"corrected: Please DocuSign your UPCIC insurance documents.-(863)660-9613 | 00715764 |AG","Sent","Kolby J Nance","Delivered","1/3/2018 1:10:34 PM EST","","1/5/2018 8:59:44 AM EST","","","kolbyjnance@gmail.com"
"corrected: Please DocuSign your UPCIC insurance documents.-(863)660-9613 | 00715764 |AG","Sent","Megan R Nance","Sent","1/3/2018 1:10:35 PM EST","","","","","kolbyjnance@gmail.com"
"Please DocuSign your AllRisk insurance documents.-(954)448-2178| 00715857 |MO KC","Sent","Curtis Riley","Sent","1/3/2018 12:48:36 PM EST","","","","","panther1250@gmail.com"
"Please DocuSign your AllRisk insurance documents.-(954)448-2178| 00715857 |MO KC","Sent","Wanda Riley","Sent","1/3/2018 12:48:36 PM EST","","","","","panther1250@gmail.com"
"Please DocuSign your new ASI insurance application.-(305)972-4900 | 00659014 | LR MO","Completed","Ines Santana","Completed","1/3/2018 12:34:37 PM EST","1/3/2018 1:12:38 PM EST","1/3/2018 1:05:30 PM EST","1/3/2018 1:12:39 PM EST","1/3/2018 1:12:38 PM EST","s.mulata@yahoo.com"
"Please DocuSign your Peolple's Trust insurance documents.-(561)306-2606| 00709412 | SB","Completed","Jason Moan","Completed","1/3/2018 12:05:56 PM EST","1/3/2018 12:29:40 PM EST","1/3/2018 12:29:16 PM EST","1/3/2018 12:29:40 PM EST","1/3/2018 12:29:40 PM EST","jasonmoan@gmail.com"
"Please DocuSign your ICAT insurance documents.-(954)328-3455| 00715853 | KC","Completed","Rochelle Mitchell","Completed","1/3/2018 10:27:26 AM EST","1/3/2018 10:54:15 AM EST","1/3/2018 10:51:50 AM EST","1/3/2018 10:54:15 AM EST","1/3/2018 10:54:15 AM EST","i_shell8@hotmail.com"
"Please DocuSign your allrisk insurance documents.-(347)282-4168| 00715884 |  SR","Sent","Mara Cordal","Sent","1/3/2018 10:19:06 AM EST","","","","","cordalmarar@gmail.com"
"Please DocuSign your Aspen insurance documents.-(305)510-7355 | 00715905 | SR","Completed","Cristina T. Alvarez","Completed","1/3/2018 10:15:51 AM EST","1/5/2018 12:48:29 PM EST","1/5/2018 12:42:03 PM EST","1/5/2018 12:48:29 PM EST","1/5/2018 12:48:29 PM EST","cristyalvarez@aol.com"
"Please DocuSign Cancellation request form.-(832)730-2854| 00427635 | KG","Completed","KRISTIAN CARLSON","Completed","1/3/2018 10:00:47 AM EST","1/3/2018 10:36:04 AM EST","1/3/2018 10:35:47 AM EST","1/3/2018 10:36:05 AM EST","1/3/2018 10:36:04 AM EST","kcarlson@lcgdiscovery.com"
"Please DocuSign your AllRisk insurance documents.-(727)224-7972| 00715847 | LR","Completed","Michael Hudgins","Completed","1/2/2018 5:01:33 PM EST","1/3/2018 7:50:19 AM EST","1/2/2018 6:28:30 PM EST","1/3/2018 7:50:19 AM EST","1/3/2018 7:50:19 AM EST","mike.hudgins@aol.com"
"Corrected: Please DocuSign your Wind Mitigation inspection(561)373-3321 | 00510088 | PR","Completed","Mary Louise Stoney","Completed","1/2/2018 4:55:39 PM EST","1/3/2018 11:25:22 AM EST","1/2/2018 5:14:06 PM EST","1/3/2018 11:25:22 AM EST","1/3/2018 11:25:22 AM EST","louise.stoney@gmail.com"
"Please DocuSign your Wind Mitigation inspection.(954)560-9598| 00701838 |SB","Completed","Jundel Abel","Completed","1/2/2018 4:47:05 PM EST","1/2/2018 6:04:13 PM EST","1/2/2018 5:50:25 PM EST","1/2/2018 6:04:13 PM EST","1/2/2018 6:04:13 PM EST","AJABEL78@GMAIL.COM"
"Please DocuSign your UPC insurance documents.-(954)296-0049 | 00715768 |KC","Completed","Anthony Williams","Completed","1/2/2018 4:42:57 PM EST","1/2/2018 5:44:55 PM EST","1/2/2018 5:33:43 PM EST","1/2/2018 5:51:51 PM EST","1/2/2018 5:44:55 PM EST","walkertl3@hotmail.com"
"Please DocuSign your UPC insurance documents.-(954)296-0049 | 00715768 |KC","Completed","Tenesha Williams","Completed","1/2/2018 4:42:57 PM EST","1/2/2018 5:51:51 PM EST","1/2/2018 5:45:26 PM EST","1/2/2018 5:51:51 PM EST","1/2/2018 5:51:51 PM EST","walkertl3@hotmail.com"
"New: Please DocuSign this policy change request.-(281)851-8774 | 00555440 |SR","Completed","Ed Hamala","Completed","1/2/2018 4:06:16 PM EST","1/2/2018 4:12:24 PM EST","1/2/2018 4:11:53 PM EST","1/2/2018 4:12:24 PM EST","1/2/2018 4:12:24 PM EST","ewh579@gmail.com"
"Please DocuSign your UPCIC insurance documents.-(786)355-9165| 00715785 |","Completed","Mona Remilien","Completed","1/2/2018 3:58:13 PM EST","1/3/2018 11:55:22 AM EST","1/3/2018 9:08:37 AM EST","1/3/2018 11:55:22 AM EST","1/3/2018 11:55:22 AM EST","mremilien@aol.com"
"Please DocuSign your ASI insurance documents.-(407)496-0751 | 00513677 | MO AG","Completed","Salma Kausar","Completed","1/2/2018 3:38:04 PM EST","1/2/2018 4:04:08 PM EST","1/2/2018 3:59:48 PM EST","1/2/2018 4:05:25 PM EST","1/2/2018 4:04:08 PM EST","salmakausar786@yahoo.com"
"Please DocuSign your ASI insurance documents.-(407)496-0751 | 00513677 | MO AG","Completed","Nasir Iqbal","Completed","1/2/2018 3:38:04 PM EST","1/2/2018 4:05:25 PM EST","1/2/2018 4:01:46 PM EST","1/2/2018 4:05:25 PM EST","1/2/2018 4:05:25 PM EST","salmakausar786@yahoo.com"
"Please DocuSign your florida Specialty insurance documents.-(631)764-1316| 00582290 | LR","Completed","Lawrence Burke","Completed","1/2/2018 3:19:31 PM EST","1/2/2018 7:13:58 PM EST","1/2/2018 7:08:08 PM EST","1/2/2018 7:22:27 PM EST","1/2/2018 7:13:58 PM EST","adayofgolf@aol.com"
"Please DocuSign your florida Specialty insurance documents.-(631)764-1316| 00582290 | LR","Completed","Karen Becker","Completed","1/2/2018 3:19:31 PM EST","1/2/2018 7:22:26 PM EST","1/2/2018 7:21:34 PM EST","1/2/2018 7:22:27 PM EST","1/2/2018 7:22:26 PM EST","adayofgolf@aol.com"
"Please DocuSign your Progressive insurance documents.-(561)271-2677| 00715775 |  MClinton","Sent","LAURA WHITE","Sent","1/2/2018 2:31:16 PM EST","","","","","laurawonluv2@aol.com"
"Please DocuSign your UPC insurance documents.-(516)477-7242 | 00714678 | LR","Completed","Salvatore Valentinetti","Completed","1/2/2018 1:55:05 PM EST","1/2/2018 2:19:57 PM EST","1/2/2018 2:18:18 PM EST","1/2/2018 2:19:58 PM EST","1/2/2018 2:19:57 PM EST","ana@uniqueelementsrealty.com"
"Please DocuSign your UPCIC insurance documents.-(386)792-3784| 00714520 | LR","Completed","Matthew Armstead","Completed","1/2/2018 1:50:20 PM EST","1/3/2018 10:34:46 AM EST","1/3/2018 10:31:13 AM EST","1/3/2018 10:36:57 AM EST","1/3/2018 10:34:46 AM EST","MattArmstead58@yahoo.com"
"Please DocuSign your UPCIC insurance documents.-(386)792-3784| 00714520 | LR","Completed","Frances Armstead","Completed","1/2/2018 1:50:20 PM EST","1/3/2018 10:36:57 AM EST","1/3/2018 10:35:44 AM EST","1/3/2018 10:36:57 AM EST","1/3/2018 10:36:57 AM EST","MattArmstead58@yahoo.com"
"Please DocuSign your new flood wright insurance application.-(305)793-9867 | 00714249 |LR","Delivered","WALLY PROENZA","Delivered","1/2/2018 1:05:18 PM EST","","1/2/2018 1:06:00 PM EST","","","wproenzaa@gmail.com"
"Please DocuSign your Tower Hill insurance documents.-(561)644-8640| 00547214 |LR","Sent","Elizabeth Bennett","Sent","1/2/2018 1:04:34 PM EST","","","","","dreamdesign@comcast.net"
"Please DocuSign your UPC insurance documents.| 00708636 |ph#321-799-2953 LR MO","Sent","Susan Pelakh","Sent","1/2/2018 1:02:58 PM EST","","","","","pelakh@yahoo.com"
"Please DocuSign your UPC insurance documents.| 00708636 |ph#321-799-2953 LR MO","Sent","Boris Pelakh","Sent","1/2/2018 1:02:58 PM EST","","","","","pelakh@yahoo.com"
"Please DocuSign your UPC insurance documents.-phn#561-307-4300pc#UHF 1632433 LL","Sent","Clarence Williams","Sent","1/2/2018 12:58:39 PM EST","","","","","dwilliamsc@hotmail.com"
"Please DocuSign your UPC insurance documents.-phn#603455-3576pc#UHF1652818 LL","Completed","Janet Hanson","Completed","1/2/2018 12:50:28 PM EST","1/2/2018 4:55:52 PM EST","1/2/2018 4:41:32 PM EST","1/2/2018 4:58:46 PM EST","1/2/2018 4:55:52 PM EST","benfranklin3812@hotmail.com"
"Please DocuSign your UPC insurance documents.-phn#603455-3576pc#UHF1652818 LL","Completed","Linda Hanson","Completed","1/2/2018 12:50:28 PM EST","1/2/2018 4:58:46 PM EST","1/2/2018 4:57:53 PM EST","1/2/2018 4:58:46 PM EST","1/2/2018 4:58:46 PM EST","benfranklin3812@hotmail.com"
"Please DocuSign your AlRisk insurance documents.-(631)728-5530 | 00709183 |KDurham","Completed","KATHLEEN DESANTI","Completed","1/2/2018 11:53:40 AM EST","1/2/2018 1:42:53 PM EST","1/2/2018 1:40:42 PM EST","1/2/2018 1:42:54 PM EST","1/2/2018 1:42:53 PM EST","K728ASEY@AOL.COM"
"Please DocuSign your one time eCheck ACH payment authorization-(443)632-8282| 00521618 | KC","Voided","Linda Ruth","Sent","1/2/2018 11:22:07 AM EST","","","1/3/2018 9:08:43 AM EST","","lindaaruth47@comcast.net"
"Please DocuSign your UPCIC insurance documents.-(786)556-2627| 00711396 | SB","Completed","Judith M Prophete","Completed","1/2/2018 9:32:09 AM EST","1/3/2018 12:52:36 PM EST","1/2/2018 10:54:09 AM EST","1/3/2018 12:53:32 PM EST","1/3/2018 12:52:36 PM EST","jprophete@gmail.com"
"Please DocuSign your UPCIC insurance documents.-(786)556-2627| 00711396 | SB","Completed","Esther Prophete","Completed","1/2/2018 9:32:10 AM EST","1/3/2018 12:53:32 PM EST","1/3/2018 12:53:10 PM EST","1/3/2018 12:53:32 PM EST","1/3/2018 12:53:32 PM EST","jprophete@gmail.com"