"Subject","Status","Recipient Name","Action","Sent On","Completed On","View Date","Status Changed Date","Sign Date","Recipient Email"
"Please DocuSign your Capitol Preferred insurance documents.-(727)810-0444| 00671344 | LR VO","Delivered","Paul Salisz","Delivered","","","7/3/2018 7:36:13 PM EDT","","","paulsalisz@gmail.com"
"Please DocuSign Cancellation request form.-(502)409-3406| 00757032 | VO","Completed","EMBRY, PRISCILLA","Completed","7/3/2018 4:33:29 PM EDT","7/3/2018 6:41:21 PM EDT","7/3/2018 6:40:59 PM EDT","7/3/2018 6:41:21 PM EDT","7/3/2018 6:41:21 PM EDT","Cmnw03@yahoo.com"
"Please DocuSign: HVH-0001735 Inspection Letter.-(754)422-9657 | 00715400 | KC LR","Sent","Hart, Elizabeth","Sent","7/3/2018 4:18:37 PM EDT","","","","","ehart208@gmail.com"
"Please DocuSign Cancellation request form.-(901)828-3458| 00530805 | VO","Sent","Loyd Ryan","Sent","7/3/2018 4:01:18 PM EDT","","","","","loydvols@gmail.com"
"Please DocuSign Cancellation request form.-(786)285-1108| 00749994 | VO","Sent","Marilyn Crucet","Sent","7/3/2018 3:54:36 PM EDT","","","","","sutra1111@aol.com"
"Please DocuSign Cancellation request form.-(206)450-1825| 00457159 | VO","Completed","Clinton Goodman","Completed","7/3/2018 3:28:29 PM EDT","7/3/2018 3:32:25 PM EDT","7/3/2018 3:30:28 PM EDT","7/3/2018 3:33:01 PM EDT","7/3/2018 3:32:25 PM EDT","cj809@hotmail.com"
"Please DocuSign Cancellation request form.-(206)450-1825| 00457159 | VO","Completed","Stephanie Goodman","Completed","7/3/2018 3:28:29 PM EDT","7/3/2018 3:33:01 PM EDT","7/3/2018 3:32:50 PM EDT","7/3/2018 3:33:01 PM EDT","7/3/2018 3:33:01 PM EDT","cj809@hotmail.com"
"Please DocuSign your UPCIC insurance documents.-(647)300-5461 | 00724370 |AG VO","Sent","Lan Jia","Sent","7/3/2018 3:23:48 PM EDT","","","","","nancy.dreamhomes@gmail.com"
"Please DocuSign Cancellation request form.-(954)608-1303| 00201966 | VO","Completed","DEBORAH  KNEBEL-SMOLKA","Completed","7/3/2018 2:59:30 PM EDT","7/3/2018 3:22:58 PM EDT","7/3/2018 3:01:54 PM EDT","7/3/2018 3:23:57 PM EDT","7/3/2018 3:22:58 PM EDT","deborah.smolka@irs.gov"
"Please DocuSign Cancellation request form.-(954)608-1303| 00201966 | VO","Completed","JAMES  KNEBEL","Completed","7/3/2018 2:59:30 PM EDT","7/3/2018 3:23:57 PM EDT","7/3/2018 3:06:01 PM EDT","7/3/2018 3:23:57 PM EDT","7/3/2018 3:23:57 PM EDT","deborah.smolka@irs.gov"
"Please DocuSign Statement of No Loss form.-(813)992-9972| 00729416 | KC DR","Sent","Robert Broadwater","Sent","7/3/2018 2:44:43 PM EDT","","","","","rbworkmail@gmail.com"
"Please DocuSign Cancellation request form.-(904)477-8582| 00730044 | VO","Sent","JAMES DAUTEL","Sent","7/3/2018 1:55:19 PM EDT","","","","","jameswdautel@gmail.com"
"Please DocuSign Cancellation request form.-(904)477-8582| 00730044 | VO","Sent","KATHLEEN DAUTEL","Sent","7/3/2018 1:55:19 PM EDT","","","","","jameswdautel@gmail.com"
"Please DocuSign your Southern fidelity insurance documents.-(954)274-2400| 00755654 | AG","Sent","Seims, Suzanne","Sent","7/3/2018 1:29:46 PM EDT","","","","","dakotars@hotmail.com"
"Please DocuSign this agent of record form.- GC JK","Completed","Wayman Pierce","Completed","7/3/2018 1:23:10 PM EDT","7/3/2018 2:04:33 PM EDT","7/3/2018 1:59:54 PM EDT","7/3/2018 2:04:33 PM EDT","7/3/2018 2:04:33 PM EDT","wpl1250@aol.com"
"Please DocuSign your Velocity insurance documents.-(954)422-3552| 00397882 |  LP","Sent","Aziz Jafferjee","Sent","7/3/2018 1:17:44 PM EDT","","","","","Azizjafferjee@gmail.com"
"Please DocuSign your Velocity insurance documents.-(954)422-3552| 00397882 |  LP","Sent","Amena Jafferjee","Sent","7/3/2018 1:17:44 PM EDT","","","","","Azizjafferjee@gmail.com"
"Please DocuSign your Progressive insurance documents.-(561)312-1156| 00758496 | LU","Sent","Kyle Smith","Sent","7/3/2018 1:10:11 PM EDT","","","","","2050syrup@gmail.com"
"Please DocuSign your Progressive insurance documents.-(561)537-0361| 00758434 | LU","Sent","KENNETH SANDT","Sent","7/3/2018 1:07:02 PM EDT","","","","","allsrvcrepair@yahoo.com"
"Please DocuSign your UPCIC insurance documents.-(954)245-6405| 00718425 | AG","Sent","ALIZA DAGA","Sent","7/3/2018 1:00:32 PM EDT","","","","","LIFLOWERS05@GMAIL.COM"
"Please DocuSign your American Integrity insurance documents.-(561)503-3566 | 00758423 | AG","Delivered","Nghia Tran","Delivered","7/3/2018 12:54:27 PM EDT","","7/3/2018 1:01:04 PM EDT","","","nghiatran0406@icloud.com"
"Please DocuSign your American Integrity insurance documents.-(561)503-3566 | 00758423 | AG","Delivered","Canh Tran","Delivered","7/3/2018 12:54:27 PM EDT","","7/3/2018 1:03:34 PM EDT","","","nghiatran0406@icloud.com"
"Please DocuSign your UPC insurance documents.-(317)750-9523 | 00758402 | LP","Sent","HENRY THOMAS","Sent","7/3/2018 12:45:08 PM EDT","","","","","hpthomas41@hotmail.com"
"Please DocuSign your UPC insurance documents.-(317)750-9523 | 00758402 | LP","Sent","RAMONA THOMAS","Sent","7/3/2018 12:45:08 PM EDT","","","","","hpthomas41@hotmail.com"
"Please DocuSign your Peoples Trust insurance documents.-(772)634-3858| 00602419 | LR","Delivered","DAVID JONES","Delivered","7/3/2018 12:19:39 PM EDT","","7/3/2018 5:28:21 PM EDT","","","littleman4551@gmail.com"
"Please DocuSign your Capitol Preferred insurance documents.-(561)693-8773 | 00758323 |  LU","Sent","Tara J.K. Gonzalez","Sent","7/3/2018 12:07:03 PM EDT","","","","","tarajkgonzalez@gmail.com"
"Please DocuSign: NVH-0005198 Inspection Letter.-(305)915-0962| 00746839 | LR","Sent","Gilfillian, Orville","Sent","7/3/2018 11:49:40 AM EDT","","","","","orvillegilfillian@aol.com"
"Please DocuSign your Progressive insurance documents.-(305)302-1143| 00403124 | LU","Sent","Brendan A Okeefe","Sent","7/3/2018 11:47:20 AM EDT","","","","","BrendanAOkeefe@comcast.net"
"Please DocuSign your Bass insurance documents.-(954)854-2987| 00757813 | LU","Sent","Edir Silva","Sent","7/3/2018 11:43:35 AM EDT","","","","","marinasilvausa@yahoo.com"
"Please DocuSign your Wind Mitigation inspection.-(954)608-1418| 00758276 | LP","Sent","Jerry Haigler","Sent","7/3/2018 11:31:34 AM EDT","","","","","glassdaddypro@gmail.com"
"Please DocuSign your Peoples Trust insurance documents.-(786)346-7926| 00758259 | LU","Sent","Ryan Myers","Sent","7/3/2018 11:26:01 AM EDT","","","","","rmyers1994@aol.com"
"CORRECTED: Please DocuSign Replacement cost estimator form.-(407)496-1325| 00757958 |LU","Delivered","Brent Cunningham","Delivered","7/3/2018 11:15:52 AM EDT","","7/3/2018 11:17:29 AM EDT","","","btc11235@netzero.net"
"Please DocuSign Statement of No Loss form.-(561)800-5529| 00742725 | UM","Sent","Brenny's Sweet Treats, LLC","Sent","7/3/2018 11:12:22 AM EDT","","","","","wahidmahmood@ymail.com"
"Please DocuSign your Seacoast insurance documents.-(786)419-0341 | 00753995 |  LU","Sent","Fritz Louis","Sent","7/3/2018 10:22:30 AM EDT","","","","","godchildamazing@yahoo.com"
"Please DocuSign your Velocity insurance documents.-(407)443-3704 | 00357876 | LP","Completed","Sonal Brito","Completed","7/3/2018 9:36:13 AM EDT","7/3/2018 9:56:39 AM EDT","7/3/2018 9:47:42 AM EDT","7/3/2018 9:58:02 AM EDT","7/3/2018 9:56:39 AM EDT","sonalbrito@gmail.com"
"Please DocuSign your Velocity insurance documents.-(407)443-3704 | 00357876 | LP","Completed","SUNEETA BRITO","Completed","7/3/2018 9:36:14 AM EDT","7/3/2018 9:58:02 AM EDT","7/3/2018 9:57:48 AM EDT","7/3/2018 9:58:02 AM EDT","7/3/2018 9:58:02 AM EDT","sonalbrito@gmail.com"
"Please DocuSign your UPCIC insurance documents.-(561)360-7492| 00693764 | AG","Sent","Chrejeneve T Laurent","Sent","7/3/2018 8:37:48 AM EDT","","","","","ctlaurentt@gmail.com"
"Please DocuSign your UPCIC insurance documents.-(503)970-6291| 00554783 | AG","Sent","Deborah  Martin","Sent","7/2/2018 4:39:57 PM EDT","","","","","jmartinone@icloud.com"
"Please DocuSign your UPCIC insurance documents.-(503)970-6291| 00554783 | AG","Sent","Jeffrey  Martin","Sent","7/2/2018 4:39:57 PM EDT","","","","","jmartinone@icloud.com"
"Please DocuSign this agent of record form.-(845)226-6107| 00757928 | KC","Completed","Ann Pooler","Completed","7/2/2018 4:28:06 PM EDT","7/2/2018 4:34:15 PM EDT","7/2/2018 4:33:48 PM EDT","7/2/2018 4:34:15 PM EDT","7/2/2018 4:34:15 PM EDT","apooler@aol.com"
"Please DocuSign your Seacoast insurance documents.-(863)585-4211| 00754405 | LR","Delivered","GAVIRIA, MARINA","Delivered","7/2/2018 3:10:00 PM EDT","","7/2/2018 3:21:04 PM EDT","","","gavimar4@aol.com"
"Please DocuSign your Aspen insurance documents.- ph#: (617) 244-5554  SR LR","Delivered","Frances  Leib","Delivered","7/2/2018 3:09:16 PM EDT","","7/2/2018 4:28:56 PM EDT","","","pgprop@Aol.com"
"Please DocuSign your Allriks insurance documents.-(305)824-1242| 00758249 | LR BB","Completed","Pablo Soto","Completed","7/2/2018 2:52:54 PM EDT","7/3/2018 10:37:28 AM EDT","7/3/2018 10:32:43 AM EDT","7/3/2018 10:37:28 AM EDT","7/3/2018 10:37:28 AM EDT","pudgyws@hotmail.com"
"Please DocuSign your ALLRISKS insurance documents.-(561)574-6954 | 00629579 | LR BB","Completed","Tropical Garden Villas Inc.","Completed","7/2/2018 2:45:37 PM EDT","7/2/2018 3:02:17 PM EDT","7/2/2018 3:00:40 PM EDT","7/2/2018 3:02:17 PM EDT","7/2/2018 3:02:17 PM EDT","richardmc31@icloud.com"
"Please DocuSign your Allrisks insurance documents.-(305)444-5929| 00758154 | LR BB","Sent","Roger Breault","Sent","7/2/2018 2:35:39 PM EDT","","","","","cookiebreault@gmail.com"
"Please DocuSign your Progressive  insurance documents.-(727)326-5405| 00585117 | LU","Completed","William Termini","Completed","7/2/2018 2:21:54 PM EDT","7/2/2018 2:36:02 PM EDT","7/2/2018 2:33:30 PM EDT","7/2/2018 2:36:02 PM EDT","7/2/2018 2:36:02 PM EDT","TerminiRhonda@gmail.com"
"Please DocuSign your UPC insurance documents.-(863)816-5954 | 00758179 | LP","Completed","Kevin S Childers","Completed","7/2/2018 2:14:13 PM EDT","7/2/2018 3:31:16 PM EDT","7/2/2018 3:19:32 PM EDT","7/2/2018 3:33:10 PM EDT","7/2/2018 3:31:16 PM EDT","kchilders11@tampabay.rr.com"
"Please DocuSign your UPC insurance documents.-(863)816-5954 | 00758179 | LP","Completed","Jessica Childers","Completed","7/2/2018 2:14:13 PM EDT","7/2/2018 3:33:10 PM EDT","7/2/2018 3:32:31 PM EDT","7/2/2018 3:33:10 PM EDT","7/2/2018 3:33:10 PM EDT","kchilders11@tampabay.rr.com"
"Please DocuSign your American Integrity insurance documents.-(845)226-6107| 00757928 |LR","Completed","Ann Pooler","Completed","7/2/2018 1:04:59 PM EDT","7/2/2018 1:20:59 PM EDT","7/2/2018 1:19:37 PM EDT","7/2/2018 1:20:59 PM EDT","7/2/2018 1:20:59 PM EDT","apooler@aol.com"
"Please DocuSign your Bankers insurance documents.-(727)612-5644| 00757487 | LR","Sent","Dao, Tai","Sent","7/2/2018 12:59:00 PM EDT","","","","","lavandanails@yahoo.com"
"Please DocuSign this policy change request.- SR","Completed","Matthew D Mccullen","Completed","7/2/2018 12:52:09 PM EDT","7/2/2018 5:20:37 PM EDT","7/2/2018 5:20:18 PM EDT","7/2/2018 5:20:37 PM EDT","7/2/2018 5:20:37 PM EDT","MATTHEWMCMULLEN727@gmail.com"
"Please DocuSign your UPCIC insurance documents.-(954)608-1303| 00201966 | AG","Completed","DEBORAH  KNEBEL-SMOLKA","Completed","7/2/2018 12:21:41 PM EDT","7/3/2018 12:48:55 PM EDT","7/3/2018 12:29:43 PM EDT","7/3/2018 12:51:30 PM EDT","7/3/2018 12:48:55 PM EDT","deborah.smolka@irs.gov"
"Please DocuSign your UPCIC insurance documents.-(954)608-1303| 00201966 | AG","Completed","JAMES  KNEBEL","Completed","7/2/2018 12:21:42 PM EDT","7/3/2018 12:51:30 PM EDT","7/3/2018 12:50:12 PM EDT","7/3/2018 12:51:30 PM EDT","7/3/2018 12:51:30 PM EDT","deborah.smolka@irs.gov"
"Please DocuSign your UPCIC insurance documents.-(305)785-2458| 00758114 | AG","Completed","SHONDELLE  SOLOMON- MILES","Completed","7/2/2018 11:54:29 AM EDT","7/2/2018 12:26:30 PM EDT","7/2/2018 12:24:00 PM EDT","7/2/2018 12:29:55 PM EDT","7/2/2018 12:26:30 PM EDT","shondelle@crossfit954.com"
"Please DocuSign your UPCIC insurance documents.-(305)785-2458| 00758114 | AG","Completed","RONALD  MILES","Completed","7/2/2018 11:54:30 AM EDT","7/2/2018 12:29:55 PM EDT","7/2/2018 12:28:58 PM EDT","7/2/2018 12:29:55 PM EDT","7/2/2018 12:29:55 PM EDT","shondelle@crossfit954.com"
"Please DocuSign your Velocity insurance documents.-(305)409-1305| 00758105 | LP","Sent","Adi Gal","Sent","7/2/2018 11:45:58 AM EDT","","","","","adigalrealtor@gmail.com"
"NEW: Please DocuSign Statement of No Loss form.-(407)435-6925 | 00714306 | AG","Sent","James Bonnett","Sent","7/2/2018 11:37:16 AM EDT","","","","","Ka2zsajames8@yahoo.com"
"Please DocuSign your Velocity insurance documents.-(772)231-6057 | 00758100 | LP","Completed","Christopher Ruby","Completed","7/2/2018 10:58:35 AM EDT","7/2/2018 12:20:38 PM EDT","7/2/2018 12:18:51 PM EDT","7/2/2018 12:25:27 PM EDT","7/2/2018 12:20:38 PM EDT","tracy.ruby@att.net"
"Please DocuSign your Velocity insurance documents.-(772)231-6057 | 00758100 | LP","Completed","Tracy Ruby","Completed","7/2/2018 10:58:35 AM EDT","7/2/2018 12:25:27 PM EDT","7/2/2018 12:22:01 PM EDT","7/2/2018 12:25:27 PM EDT","7/2/2018 12:25:27 PM EDT","tracy.ruby@att.net"
"Please DocuSign your Progressive insurance documents.-(561)702-0931| 00757971 | LU","Sent","Traci Powell","Sent","7/2/2018 10:45:18 AM EDT","","","","","BeautypaysTP@gmail.com"
"Please DocuSign your Foremost insurance documents.-(786)873-5917| 00757965 | LU","Completed","GEOFFREY GRANT","Completed","7/2/2018 10:37:00 AM EDT","7/2/2018 1:02:43 PM EDT","7/2/2018 12:58:21 PM EDT","7/2/2018 1:02:43 PM EDT","7/2/2018 1:02:43 PM EDT","geoffreygrant1985@gmail.com"
"Please DocuSign your Velocity  insurance documents.-(703)424-1336| 00755831 | LP","Completed","Luz Chang","Completed","7/2/2018 10:33:15 AM EDT","7/2/2018 11:37:53 AM EDT","7/2/2018 11:24:35 AM EDT","7/2/2018 11:37:53 AM EDT","7/2/2018 11:37:53 AM EDT","lucerochang4@gmail.com"
"Please DocuSign your Florida insurance documents.-(917)816-3165| 00752148 | LP","Sent","Katherine Espositio","Sent","7/2/2018 10:11:00 AM EDT","","","","","cathiesto@gmail.com"
"Please DocuSign your Sagesure insurance documents.-(407)496-1325 | 00757958 | LU","Completed","Brent Cunningham","Completed","7/2/2018 10:02:52 AM EDT","7/2/2018 10:47:59 AM EDT","7/2/2018 10:46:29 AM EDT","7/2/2018 10:48:47 AM EDT","7/2/2018 10:47:59 AM EDT","btc11235@netzero.net"
"Please DocuSign your Sagesure insurance documents.-(407)496-1325 | 00757958 | LU","Completed","ZUZANA CUNNINGHAM","Completed","7/2/2018 10:02:52 AM EDT","7/2/2018 10:48:47 AM EDT","7/2/2018 10:48:18 AM EDT","7/2/2018 10:48:47 AM EDT","7/2/2018 10:48:47 AM EDT","btc11235@netzero.net"
"Please DocuSign Cancellation request form & RCE.-(954)839-9592| 00757945 | VO LR","Sent","Joseph Falzone","Sent","7/2/2018 9:36:38 AM EDT","","","","","Bluparrot9@aol.com"
"Please DocuSign your Velocity insurance documents.-(301)332-9661| 00693138 | LP","Delivered","Eric W Franklin","Delivered","7/2/2018 9:19:25 AM EDT","","7/2/2018 12:06:33 PM EDT","","","efranklinmd@gmail.com"
"Please DocuSign your new Wright flood insurance application.-(401)480-6152| 00679510 | AG","Completed","William DeMagistris","Completed","7/2/2018 9:04:18 AM EDT","7/3/2018 6:33:27 PM EDT","7/3/2018 6:31:51 PM EDT","7/3/2018 6:33:27 PM EDT","7/3/2018 6:33:27 PM EDT","bilden@cox.net"
"Please DocuSign Statement of No Loss form.-(954)914-5968 | 00672796 |  KC AMY","Sent","Cedric Straker","Sent","7/2/2018 8:52:08 AM EDT","","","","","cedricstraker@yahoo.com"