"Subject","Status","Recipient Name","Action","Sent On","Completed On","View Date","Status Changed Date","Sign Date","Recipient Email"
"Please DocuSign this agent of record form.-Pc#PFL138089 MariaC DB LL","Sent","Viviana del valle","Sent","11/1/2017 5:03:11 PM EDT","","","","","vivianaez@yahoo.com"
"Please DocuSign your Change request & Statement Of Variance forms (321)402-7919| 00673941 | SR","Sent","Kenton Smeltzer","Sent","11/1/2017 4:54:14 PM EDT","","","","","ksmeltzer@gmail.com"
"Please DocuSign Cancellation request form.-(561)246-1125| 00302701 |MO","Completed","Jacqueline Bernstein Nathan Bernstein","Completed","11/1/2017 4:45:56 PM EDT","11/1/2017 6:48:45 PM EDT","11/1/2017 6:46:39 PM EDT","11/1/2017 6:51:13 PM EDT","11/1/2017 6:48:45 PM EDT","NATB11577@AOL.COM"
"Please DocuSign Cancellation request form.-(561)246-1125| 00302701 |MO","Completed","NATHAN BERNSTEIN","Completed","11/1/2017 4:45:56 PM EDT","11/1/2017 6:51:13 PM EDT","11/1/2017 6:49:27 PM EDT","11/1/2017 6:51:13 PM EDT","11/1/2017 6:51:13 PM EDT","NATB11577@AOL.COM"
"Please DocuSign Cancellation request forms.-(561)207-1155| 00552668 | MO","Sent","Alex Ali","Sent","11/1/2017 4:37:25 PM EDT","","","","","mr.alexali@gmail.com"
"Please DocuSign People'sTrust statement of noloss Cancellation request form.-(401)487-32|00546603|MO","Sent","Ellen Robinson","Sent","11/1/2017 4:28:33 PM EDT","","","","","ellenvrobinson@aol.com"
"Please DocuSign Missing an Initial-(561)309-5630 | 00700936 |SB","Completed","Nicole Rohee","Completed","11/1/2017 3:31:54 PM EDT","11/1/2017 3:33:33 PM EDT","11/1/2017 3:33:19 PM EDT","11/1/2017 3:33:33 PM EDT","11/1/2017 3:33:33 PM EDT","nicole.rohee@gmail.com"
"Please DocuSign Cancellation request form.--(954)868-1580| 00141513 MO","Sent","Leslie Stewart","Sent","11/1/2017 2:44:40 PM EDT","","","","","d_stewart58@live.com"
"Please DocuSign Cancellation request form.-.-(561)432-4073| 00561288 | MO","Completed","William Campbell","Completed","11/1/2017 1:52:21 PM EDT","11/1/2017 2:17:57 PM EDT","11/1/2017 2:17:44 PM EDT","11/1/2017 2:17:57 PM EDT","11/1/2017 2:17:57 PM EDT","billsoup@aol.com"
"Please DocuSign your AllRisk insurance documents.-qt# 3167757phn#561-966-1971 LR","Completed","Charles Fayles","Completed","11/1/2017 1:37:30 PM EDT","11/1/2017 1:45:24 PM EDT","11/1/2017 1:43:27 PM EDT","11/1/2017 1:45:25 PM EDT","11/1/2017 1:45:24 PM EDT","cafayles@gmail.com"
"Please DocuSign your Universal P&C insurance documents.-(301)254-2274| 00704909 |LR","Completed","Lyndesy Persutti","Completed","11/1/2017 1:18:58 PM EDT","11/1/2017 2:01:10 PM EDT","11/1/2017 1:22:29 PM EDT","11/1/2017 2:01:10 PM EDT","11/1/2017 2:01:10 PM EDT","mrmotacars@gmail.com"
"Please DocuSign your Geovera insurance documents.-(302)258-5523| 00704844 |SB","Completed","CARLYNE MESIDOR","Completed","11/1/2017 12:00:06 PM EDT","11/1/2017 1:42:24 PM EDT","11/1/2017 1:37:15 PM EDT","11/1/2017 1:42:25 PM EDT","11/1/2017 1:42:24 PM EDT","carlynemesidor@icloud.com"
"Please DocuSign your home insurance documents.-(440)829-3420| 00704816 |SB","Delivered","David Persing","Delivered","11/1/2017 11:51:46 AM EDT","","11/1/2017 4:12:07 PM EDT","","","djpersing@yahoo.com"
"Please DocuSign your capitol Preferred insurance documents.-(516)528-4060| 00704711 | SB","Completed","Merri Passet","Completed","11/1/2017 11:33:07 AM EDT","11/1/2017 2:11:00 PM EDT","11/1/2017 2:07:55 PM EDT","11/1/2017 2:11:01 PM EDT","11/1/2017 2:11:00 PM EDT","mpasset529@yahoo.com"
"Please DocuSign your UPC and Cancellation insurance documents.-(321)268-9767| 00704688 |MO SB","Completed","William Specht","Completed","11/1/2017 11:17:54 AM EDT","11/1/2017 1:05:28 PM EDT","11/1/2017 1:03:52 PM EDT","11/1/2017 1:05:29 PM EDT","11/1/2017 1:05:28 PM EDT","bspecht@tgocsa.com"
"Please DocuSign your AllRisk insurance documents.-(305)322-0621 | 00704889 | LR","Sent","Dolores Mathis","Sent","11/1/2017 11:05:01 AM EDT","","","","","chryljohnson@gmail.com"
"Please DocuSign your Bass, ASI and Vertus insurance documents.-(904)765-9472 | 00704763 | SR LR","Delivered","Francis Hicks","Delivered","11/1/2017 10:48:21 AM EDT","","11/1/2017 8:20:23 PM EDT","","","fyvonnehicks@aol.com"
"Please DocuSign your Monarch National insurance documents.-(352)445-2825| 00704803 |SB","Sent","Maria Otero","Sent","11/1/2017 10:03:05 AM EDT","","","","","sapphire4142@yahoo.com"
"Please DocuSign your UPCIP and Cancellation insurance documents.-(407)868-6811| 00704791 | LR","Sent","Hiram Rivera","Sent","11/1/2017 9:50:02 AM EDT","","","","","river519@hotmail.com"
"Please DocuSign your UPCIP and Cancellation insurance documents.-(407)868-6811| 00704791 | LR","Sent","Jo-Ann Rivera","Sent","11/1/2017 9:50:03 AM EDT","","","","","river519@hotmail.com"