"Subject","Status","Recipient Name","Action","Sent On","Completed On","View Date","Status Changed Date","Sign Date","Recipient Email"
"Please DocuSign your allrisks  insurance documents.-(561)508-1108| 00729185 | AG HH","Sent","Luis Sarti","Sent","","","","","","chefasarti@yahoo.com"
"Please DocuSign your SeaCoast  insurance documents.-(561)469-9880| 00724228 | SB AG","Sent","Rashida Tariq","Sent","","","","","","lakeworthautotech1@yahoo.com"
"Please DocuSign your SeaCoast  insurance documents.-(561)469-9880| 00724228 | SB","Sent","Rashida Tariq","Sent","","","","","","lakeworthautotech1@yahoo.com"
"Please DocuSign your TH insurance documents.-(201)965-2295| 00729054 |LR","Sent","Joanne Oltmanns","Sent","","","","","","joltmanns@optonline.net"
"Please DocuSign your UPC insurance documents.-(404)518-4129| 00729238 |LR","Delivered","Omar Vargas","Delivered","","","3/5/2018 8:20:03 PM EST","","","russell.kurland@hotmail.com"
"Please DocuSign your UPCIC insurance documents.-(386)405-3956 | 00729156 | LR","Completed","Marjory Ackley","Completed","","3/5/2018 5:04:35 PM EST","3/5/2018 4:59:18 PM EST","3/5/2018 5:04:35 PM EST","3/5/2018 5:04:35 PM EST","mackley1970@gmail.com"
"NEW: Please DocuSign your AllRisk insurance documents.-(401)374-7826 | 00713437 | AG","Completed","David Genest","Completed","","3/5/2018 8:07:54 PM EST","3/5/2018 8:05:48 PM EST","3/5/2018 8:07:54 PM EST","3/5/2018 8:07:54 PM EST","dagen84@gmail.com"
"Please DocuSign your CP insurance documents.-(386)753-5192 | 00726848 | LR","Sent","Louise Summerall","Sent","","","","","","louisesummerall1947@gmail.com"
"Please DocuSign your Velocity insurance documents.-(305)609-6519 | 00445319 | LR","Sent","Kirk P Dunlop","Sent","","","","","","Kdunlop464@gmail.com"
"Please DocuSign your Velocity insurance documents.-(305)609-6519 | 00445319 | LR","Sent","Judith Dunlop","Sent","","","","","","Kdunlop464@gmail.com"
"corrected: Please DocuSign this agent of record form.-(954)720-6976 | 00722595 | LR","Sent","JACQUELINE CASSIO","Sent","","","","","","jacknskip@att.net"
"corrected: Please DocuSign this agent of record form.-(954)720-6976 | 00722595 | LR","Sent","JOSEPH CASSIO","Sent","","","","","","jacknskip@att.net"
"Please DocuSign this policy change request.-(973)543-6250 | 00443676 |LL","Completed","Rudy Valli","Completed","","3/5/2018 5:29:19 PM EST","3/5/2018 5:28:27 PM EST","3/5/2018 5:29:19 PM EST","3/5/2018 5:29:19 PM EST","rvalli@valmarassociates.com"
"Please DocuSign your UPC insurance documents.-(561)860-7637| 00725570 | LR","Sent","Jason Litt","Sent","","","","","","jscoderre@aol.com"
"Please DocuSign your Foremost insurance documents.-pc#not assigned yet Phn#561-255-0563Manny","Sent","TONI THOMAS","Sent","","","","","","tonithomas390@yahoo.com"
"Please DocuSign your Prepared & Vertus insurance documents.-(410)608-4053| 00201248 | LR","Completed","Debra Jackson","Completed","","3/5/2018 4:47:08 PM EST","3/5/2018 4:30:32 PM EST","3/5/2018 4:47:08 PM EST","3/5/2018 4:47:08 PM EST","dcjackson919@gmail.com"
"Please DocuSign your Seacoast insurance documents.-(786)317-9244| 00708855 |LR","Sent","Heaven Desir","Sent","","","","","","HEAVENDESIR@ICLOUD.COM"
"Please DocuSign your AllRisk, Geovera & Vertus insurance documents.-(305)248-2142 | 00728904 | AG","Completed","August Silva","Completed","","3/5/2018 3:50:00 PM EST","3/5/2018 3:39:23 PM EST","3/5/2018 3:50:00 PM EST","3/5/2018 3:50:00 PM EST","asilv4119@outlook.com"
"Please DocuSign your TH insurance documents.-(561)330-9898| 00709004 |SB","Completed","James Wardlow","Completed","","3/5/2018 5:59:39 PM EST","3/5/2018 5:52:33 PM EST","3/5/2018 5:59:39 PM EST","3/5/2018 5:59:39 PM EST","wardlowjames@yahoo.com"
"Please DocuSign your Allrisk insurance documents.-(727)310-9523 | 00726406 |SR","Completed","Herbert Minor","Completed","3/5/2018 2:59:23 PM EST","3/5/2018 3:46:20 PM EST","3/5/2018 3:44:56 PM EST","3/5/2018 3:46:20 PM EST","3/5/2018 3:46:20 PM EST","herbandcora@gmail.com"
"Please DocuSign your Allrisks insurance documents.-(305)233-3412 | 00729137 | AG BB","Completed","Santerre, Kenneth","Completed","3/5/2018 2:52:15 PM EST","3/5/2018 3:56:48 PM EST","3/5/2018 3:38:23 PM EST","3/5/2018 3:56:48 PM EST","3/5/2018 3:56:48 PM EST","kjsanterre@aol.com"
"Please DocuSign your AllRisk insurance documents.-(786)246-3876| 00728899 |LR","Sent","Yuniet Guerrero","Sent","3/5/2018 2:49:28 PM EST","","","","","mshauling.fl@gmail.com"
"Please DocuSign your AllRisk insurance documents.-(786)246-3876| 00728899 |LR","Sent","Tania R Huet","Delivered","3/5/2018 2:49:28 PM EST","","3/5/2018 11:01:59 PM EST","","","mshauling.fl@gmail.com"
"Please DocuSign your UPCIC insurance documents.-(786)226-7156| 00728883 | LR","Sent","Judith Cooper","Sent","3/5/2018 2:34:45 PM EST","","","","","judie.cooper@gmx.com"
"Please DocuSign Cancellation request form.-(908)377-7128 | 00476667 | MO","Completed","CARNOT-WISNOWSKI, LORI","Completed","3/5/2018 2:33:25 PM EST","3/5/2018 7:34:52 PM EST","3/5/2018 7:33:45 PM EST","3/5/2018 7:36:43 PM EST","3/5/2018 7:34:52 PM EST","loribethcarnot@gmail.com"
"Please DocuSign Cancellation request form.-(908)377-7128 | 00476667 | MO","Completed","Joshua Wisnowski","Completed","3/5/2018 2:33:25 PM EST","3/5/2018 7:36:43 PM EST","3/5/2018 7:35:55 PM EST","3/5/2018 7:36:43 PM EST","3/5/2018 7:36:43 PM EST","loribethcarnot@gmail.com"
"Please DocuSign your Cap pre insurance documents.-(609)751-4849 | 00728877 | SB","Sent","Isaac Brown","Sent","3/5/2018 2:24:44 PM EST","","","","","Zackc62@comcast.net"
"Please DocuSign your AllRisk insurance documents.-(321)773-2948 | 00728836 |AG MD","Sent","Deborah Johnson","Sent","3/5/2018 2:20:14 PM EST","","","","","SATELLITEDEB9@YAHOO.COM"
"Please DocuSign your UPC insurance documents.-(561)718-8283 | 00728712 | SB","Sent","GENE GIBSON","Sent","3/5/2018 1:44:55 PM EST","","","","","Gene.j.gibson@uscg.mil"
"Please DocuSign your Cabrillo insurance documents.-(631)742-8622(631)742-8622 AG","Delivered","Susan Wade","Delivered","3/5/2018 1:40:19 PM EST","","3/5/2018 6:22:55 PM EST","","","susanwade220@gmail.com"
"Please sign your written complience form JK","Completed","Mary Maratta","Completed","3/5/2018 1:32:04 PM EST","3/5/2018 3:20:37 PM EST","3/5/2018 3:10:20 PM EST","3/5/2018 3:20:37 PM EST","3/5/2018 3:20:37 PM EST","mmaratta23@gmail.com"
"NEW: Please DocuSign your UPC insurance documents.-(904)553-7588 | 00712925 | LR","Sent","ARDELLE JAMES LAMFERS","Sent","3/5/2018 1:28:22 PM EST","","","","","rabindranath13@gmail.com"
"NEW: Please DocuSign your UPC insurance documents.-(904)553-7588 | 00712925 | LR","Sent","SARAH SAMMANTHA LAMFERS","Completed","3/5/2018 1:28:22 PM EST","3/5/2018 3:12:26 PM EST","3/5/2018 3:12:11 PM EST","","3/5/2018 3:12:26 PM EST","rabindranath13@gmail.com"
"New:Please DocuSign your Geovera insurance documents.-(813)373-9088 | 00727772 | AG DR","Completed","William Workman","Completed","3/5/2018 1:17:09 PM EST","3/5/2018 1:18:32 PM EST","3/5/2018 1:18:02 PM EST","3/5/2018 1:18:32 PM EST","3/5/2018 1:18:32 PM EST","surfwtw@gmail.com"
"Please DocuSign your Allrisk insurance documents.-(786)525-1077 | 00728972 | AG BB","Completed","Akeels Blyden","Completed","3/5/2018 12:58:08 PM EST","3/5/2018 1:49:16 PM EST","3/5/2018 1:46:38 PM EST","3/5/2018 1:49:16 PM EST","3/5/2018 1:49:16 PM EST","empress053102@gmail.com"
"Please DocuSign your florida specialtyinsurance documents.-(404)379-9713| 00728790 | LR","Sent","Frank Rojas","Sent","3/5/2018 12:45:55 PM EST","","","","","fnjrojas@live.com"
"Please DocuSign your florida specialtyinsurance documents.-(404)379-9713| 00728790 | LR","Sent","Noemia Santos","Sent","3/5/2018 12:45:55 PM EST","","","","","fnjrojas@live.com"
"Please DocuSign your Allrisk insurance documents.-(786)532-5991 | 00728886 | SR BB","Completed","Pedro Gelaz","Completed","3/5/2018 12:37:18 PM EST","3/5/2018 1:39:11 PM EST","3/5/2018 1:35:22 PM EST","3/5/2018 1:39:11 PM EST","3/5/2018 1:39:11 PM EST","ipgelaz@yahoo.com"
"Please DocuSign your Tower Hill insurance documents.-no phone| 00721413 | SB","Sent","Seymond Pierrelouis","Sent","3/5/2018 12:27:01 PM EST","","","","","babymarsha@yahoo.com"
"Please DocuSign your Tower Hill insurance documents.-no phone| 00721413 | SB","Sent","Marsha Elme","Sent","3/5/2018 12:27:01 PM EST","","","","","babymarsha@yahoo.com"
"Please DocuSign Cancellation request form.-.-(954)429-1773 | 00723174 |SR MO","Voided","Ermin Dammetis","Delivered","3/5/2018 11:29:25 AM EST","","3/5/2018 3:10:48 PM EST","3/5/2018 3:47:42 PM EST","","barbie44@bellsouth.net"
"Please DocuSign your AllRisk insurance documents.-phn#305-251-6593qt#3326927 SR DR","Sent","Tim Watson","Sent","3/5/2018 11:17:50 AM EST","","","","","tkckwatson@comcast.net"
"Please DocuSign Cancellation request form.-(727)647-7149| 00579111 | MO","Completed","Cheryl Pinto","Completed","3/5/2018 11:09:36 AM EST","3/5/2018 6:31:59 PM EST","3/5/2018 6:31:28 PM EST","3/5/2018 6:32:55 PM EST","3/5/2018 6:31:59 PM EST","vap123@tampabay.rr.com"
"Please DocuSign Cancellation request form.-(727)647-7149| 00579111 | MO","Completed","Ventura Pinto","Completed","3/5/2018 11:09:36 AM EST","3/5/2018 6:32:55 PM EST","3/5/2018 6:32:39 PM EST","3/5/2018 6:32:55 PM EST","3/5/2018 6:32:55 PM EST","vap123@tampabay.rr.com"
"Please DocuSign Cancellation request form.-(603)387-7770| 00728064 | MO","Completed","PHYLLIS WHITNEY","Completed","3/5/2018 10:58:24 AM EST","3/5/2018 12:54:15 PM EST","3/5/2018 11:38:58 AM EST","3/5/2018 12:56:13 PM EST","3/5/2018 12:54:15 PM EST","pwhitney09@gmail.com"
"Please DocuSign Cancellation request form.-(603)387-7770| 00728064 | MO","Completed","Paul Whitney","Completed","3/5/2018 10:58:24 AM EST","3/5/2018 12:56:13 PM EST","3/5/2018 11:47:30 AM EST","3/5/2018 12:56:13 PM EST","3/5/2018 12:56:13 PM EST","pwhitney09@gmail.com"
"Please DocuSign Cancellation request form.-(727)492-4725 | 00728186 | MO","Completed","JEAN W GREENLEAF","Completed","3/5/2018 10:45:58 AM EST","3/5/2018 12:33:31 PM EST","3/5/2018 12:32:09 PM EST","3/5/2018 12:35:53 PM EST","3/5/2018 12:33:31 PM EST","greenleafjb@yahoo.com"
"Please DocuSign Cancellation request form.-(727)492-4725 | 00728186 | MO","Completed","ROBERT A GREENLEAF","Completed","3/5/2018 10:45:58 AM EST","3/5/2018 12:35:53 PM EST","3/5/2018 12:34:38 PM EST","3/5/2018 12:35:53 PM EST","3/5/2018 12:35:53 PM EST","greenleafjb@yahoo.com"
"Please DocuSign your allrisks insurance documents. -(352)343-0311 | 00728802 | AG Kory  MO","Sent","Lottie Anne Heilesen","Sent","3/5/2018 10:38:44 AM EST","","","","","tcandla@yahoo.com"
"Please DocuSign your allrisks insurance documents. -(352)343-0311 | 00728802 | AG Kory  MO","Sent","Theodore Heilesen","Sent","3/5/2018 10:38:44 AM EST","","","","","tcandla@yahoo.com"
"Please DocuSign Cancellation request form.-(561)889-4342 | 00728342 | MO","Sent","MARVINE DESSALINES","Sent","3/5/2018 10:30:22 AM EST","","","","","MARVINEDESSALINES@YAHOO.COM"
"Please DocuSign Cancellation request form.-(754)302-8344| 00724345 | MO","Completed","Kimberly McDonald","Completed","3/5/2018 10:10:30 AM EST","3/5/2018 12:08:50 PM EST","3/5/2018 10:36:32 AM EST","3/5/2018 12:08:50 PM EST","3/5/2018 12:08:50 PM EST","kmcdo005@fiu.edu"
"Please DocuSign Cancellation request form.-(305)842-1608| 00718692 | MO","Completed","Ana Wigand P. Rodrigues","Completed","3/5/2018 9:35:28 AM EST","3/5/2018 10:00:06 AM EST","3/5/2018 9:59:18 AM EST","3/5/2018 10:00:45 AM EST","3/5/2018 10:00:06 AM EST","Baron.becker@gmail.com"
"Please DocuSign Cancellation request form.-(305)842-1608| 00718692 | MO","Completed","Baron Becker","Completed","3/5/2018 9:35:28 AM EST","3/5/2018 10:00:45 AM EST","3/5/2018 10:00:34 AM EST","3/5/2018 10:00:45 AM EST","3/5/2018 10:00:45 AM EST","Baron.becker@gmail.com"
"Missing initials :Please DocuSign your UPCIC insurance documents.- (561)207-1222| 00728326 | AG","Sent","Valer Devuyst","Sent","3/5/2018 9:24:40 AM EST","","","","","depd35@yahoo.com"
"Please DocuSig Bulldog Premium Finance form.-(239)674-9544 | 00724704 | Manny","Completed","Peter Dubeau","Completed","3/5/2018 9:05:31 AM EST","3/5/2018 5:09:15 PM EST","3/5/2018 5:01:40 PM EST","3/5/2018 5:09:15 PM EST","3/5/2018 5:09:15 PM EST","petdub@hotmail.com"
"Please DocuSign your Safeco insurance documents.-(908)377-7128| 00476667 | LL","Completed","Joshua Wisnowski","Completed","3/2/2018 6:00:49 PM EST","3/3/2018 10:36:40 AM EST","3/2/2018 11:38:49 PM EST","3/3/2018 10:36:40 AM EST","3/3/2018 10:36:40 AM EST","loribethcarnot@gmail.com"
"Please DocuSign your CPIC insurance documents.-(469)831-7534 | 00728506 | LR MO","Completed","Kenneth Mayon","Completed","3/2/2018 5:50:54 PM EST","3/2/2018 7:39:26 PM EST","3/2/2018 7:38:32 PM EST","3/2/2018 7:43:30 PM EST","3/2/2018 7:39:26 PM EST","Kmayon72@yahoo.com"
"Please DocuSign your CPIC insurance documents.-(469)831-7534 | 00728506 | LR MO","Completed","KARI M MAYON","Completed","3/2/2018 5:50:54 PM EST","3/2/2018 7:43:30 PM EST","3/2/2018 7:42:52 PM EST","3/2/2018 7:43:30 PM EST","3/2/2018 7:43:30 PM EST","Kmayon72@yahoo.com"
"Please DocuSign your AllRisk insurance documents","Delivered","suei yeun lien","Delivered","3/2/2018 5:31:31 PM EST","","3/5/2018 7:30:30 PM EST","","","edosushi@yahoo.com"
"Please DocuSign Cancellation request form.-(702)281-2941 | 00706248 |MO","Completed","Evelyne Butler","Completed","3/2/2018 5:22:39 PM EST","3/4/2018 11:46:08 AM EST","3/4/2018 11:45:27 AM EST","3/4/2018 11:47:01 AM EST","3/4/2018 11:46:08 AM EST","vhguillemette@gmail.com"
"Please DocuSign Cancellation request form.-(702)281-2941 | 00706248 |MO","Completed","Virginie Dalby","Completed","3/2/2018 5:22:39 PM EST","3/4/2018 11:47:01 AM EST","3/4/2018 11:46:41 AM EST","3/4/2018 11:47:01 AM EST","3/4/2018 11:47:01 AM EST","vhguillemette@gmail.com"
"Please DocuSign Cancellation request form.-(561)309-1364 | 00280147 | MO","Completed","Bryan Janney","Completed","3/2/2018 5:16:57 PM EST","3/2/2018 5:38:04 PM EST","3/2/2018 5:34:57 PM EST","3/2/2018 5:39:19 PM EST","3/2/2018 5:38:04 PM EST","janneyb@bellsouth.net"
"Please DocuSign Cancellation request form.-(561)309-1364 | 00280147 | MO","Completed","Randy Green","Completed","3/2/2018 5:16:57 PM EST","3/2/2018 5:39:19 PM EST","3/2/2018 5:38:32 PM EST","3/2/2018 5:39:19 PM EST","3/2/2018 5:39:19 PM EST","janneyb@bellsouth.net"
"Please DocuSign Cancellation request form.-(954)829-4858| 00722688 | MO","Delivered","DONNA SIMMONS","Delivered","3/2/2018 5:00:44 PM EST","","3/5/2018 11:25:28 AM EST","","","penfowl@aol.com"
"Please DocuSign Cancellation request form.-(954)829-4858| 00722688 | MO","Delivered","CHRISTHOPHER SIMMONS","Completed","3/2/2018 5:00:44 PM EST","3/5/2018 11:24:14 AM EST","3/5/2018 11:23:48 AM EST","","3/5/2018 11:24:14 AM EST","penfowl@aol.com"
"Please DocuSign this policy change request.-(703)623-1551| 00728201 |SB","Completed","Kenneth Brand","Completed","3/2/2018 4:52:44 PM EST","3/2/2018 5:47:16 PM EST","3/2/2018 5:46:59 PM EST","3/2/2018 5:47:16 PM EST","3/2/2018 5:47:16 PM EST","krbrand@gmail.com"
"Please DocuSign your UPC insurance documents.-(904)553-7588 | 00712925 | LR","Completed","SARAH SAMMANTHA LAMFERS","Completed","3/2/2018 4:44:01 PM EST","3/2/2018 5:45:21 PM EST","3/2/2018 5:43:54 PM EST","3/2/2018 5:48:05 PM EST","3/2/2018 5:45:21 PM EST","rabindranath13@gmail.com"
"Please DocuSign your UPC insurance documents.-(904)553-7588 | 00712925 | LR","Completed","ARDELLE JAMES LAMFERS","Completed","3/2/2018 4:44:01 PM EST","3/2/2018 5:48:05 PM EST","3/2/2018 5:46:43 PM EST","3/2/2018 5:48:05 PM EST","3/2/2018 5:48:05 PM EST","rabindranath13@gmail.com"
"Please DocuSign Cancellation request form. (352)207-6128 | 00723848 | MO","Completed","GIELBEDA, ALEIDA","Completed","3/2/2018 4:38:22 PM EST","3/5/2018 10:09:03 AM EST","3/2/2018 5:54:50 PM EST","3/5/2018 10:12:36 AM EST","3/5/2018 10:09:03 AM EST","giel1231@gmail.com"
"Please DocuSign Cancellation request form. (352)207-6128 | 00723848 | MO","Completed","ONEILL, MIRIAM","Completed","3/2/2018 4:38:22 PM EST","3/5/2018 10:12:36 AM EST","3/4/2018 5:23:55 AM EST","3/5/2018 10:12:36 AM EST","3/5/2018 10:12:36 AM EST","giel1231@gmail.com"
"Please DocuSign your Bass insurance documents.-(941)743-5758| 00728738 |AG","Completed","William Harshaw","Completed","3/2/2018 4:01:51 PM EST","3/2/2018 4:11:19 PM EST","3/2/2018 4:09:12 PM EST","3/2/2018 4:11:19 PM EST","3/2/2018 4:11:19 PM EST","Wharshaw51@gmail.com"
"Please DocuSign Cancellation request form.-(850)494-9944 | 00726511 | MO","Sent","STEVEN M DEOLA","Sent","3/2/2018 3:53:01 PM EST","","","","","hurishield@cox.net"
"Please DocuSign Cancellation request form.-(850)494-9944 | 00726511 | MO","Sent","SUSAN DEOLA","Sent","3/2/2018 3:53:01 PM EST","","","","","hurishield@cox.net"
"Please DocuSign your Lexington insurance documents.-phn#561-306-0735pc#Q2228279BB SR","Completed","Anna Bierstock","Completed","3/2/2018 3:29:51 PM EST","3/2/2018 3:48:03 PM EST","3/2/2018 3:46:22 PM EST","3/2/2018 3:54:33 PM EST","3/2/2018 3:48:03 PM EST","sam.bierstock@gmail.com"
"Please DocuSign your Lexington insurance documents.-phn#561-306-0735pc#Q2228279BB SR","Completed","Samuel Bierstock","Completed","3/2/2018 3:29:51 PM EST","3/2/2018 3:54:33 PM EST","3/2/2018 3:48:45 PM EST","3/2/2018 3:54:33 PM EST","3/2/2018 3:54:33 PM EST","sam.bierstock@gmail.com"
"Please DocuSign your Bass insurance documents.-(941)743-5758| 00728738 |AG","Completed","Samuel Bierstock","Completed","3/2/2018 3:11:49 PM EST","3/2/2018 3:24:41 PM EST","3/2/2018 3:21:30 PM EST","3/2/2018 3:24:41 PM EST","3/2/2018 3:24:41 PM EST","Wharshaw51@gmail.com"
"Please DocuSign your St.Johns insurance documents.-(787)677-8088| 00728594 | SB","Completed","Orangel Morales","Completed","3/2/2018 2:54:59 PM EST","3/4/2018 10:26:20 AM EST","3/4/2018 10:24:55 AM EST","3/4/2018 10:26:20 AM EST","3/4/2018 10:26:20 AM EST","ojmorales1@hotmail.com"
"Please DocuSign your UPCIC insurance documents.-(786)498-9462 | 00728404 |AG","Completed","Carlos Batista","Completed","3/2/2018 2:49:21 PM EST","3/2/2018 2:57:05 PM EST","3/2/2018 2:55:15 PM EST","3/2/2018 2:57:05 PM EST","3/2/2018 2:57:05 PM EST","HLHCarlos@gmail.com"
"Please DocuSign your Cancellation request form.-(813)500-7459| 00722175 |MO","Sent","Juan C Perez","Sent","3/2/2018 2:33:48 PM EST","","","","","Jcjuanca14@yahoo.com"
"Corrected:Please DocuSign your UPCIC insurance documents.-(978)807-6959 | 00727745 | AG","Completed","Michael Broomfield","Completed","3/2/2018 1:46:21 PM EST","3/5/2018 10:44:34 AM EST","3/2/2018 1:49:37 PM EST","3/5/2018 10:44:34 AM EST","3/5/2018 10:44:34 AM EST","mbandreamgt@Yahoo.com"
"Please DocuSign Cancellation request form.-(407)921-4072| 00727557 | MO","Completed","Thomas Jojo","Completed","3/2/2018 1:33:07 PM EST","3/2/2018 11:01:35 PM EST","3/2/2018 11:01:11 PM EST","3/2/2018 11:01:35 PM EST","3/2/2018 11:01:35 PM EST","jojothomas11@gmail.com"
"Please DocuSign Cancellation request form.- (786)547-7865 | 00722065 | MO","Sent","Delton Melon","Sent","3/2/2018 1:20:14 PM EST","","","","","moleon32@hotmail.com"
"Please DocuSign Skipjack Premium Finance form KC Manny","Sent","Rhonda James","AutoResponded","3/2/2018 12:39:51 PM EST","","","","","rhondadj@dadeschools.net"
"Please DocuSign your home insurance documents.-(586)854-5216 | 00728395 | SR BB","Completed","Edward Gantzer","Completed","3/2/2018 12:03:35 PM EST","3/2/2018 12:06:03 PM EST","3/2/2018 12:04:31 PM EST","3/2/2018 12:06:03 PM EST","3/2/2018 12:06:03 PM EST","egantzer@yahoo.com"
"Please DocuSign: FLH-0007457 Inspection Letter.(772)444-0005 | 00714480 | LR","Sent","Lefebvre, Nancy","Sent","3/2/2018 11:54:37 AM EST","","","","","nancylefebvre1@gmail.com"
"Please DocuSign FLH0007459 inspection letter. (407)575-9522| 00709515 | SR","Completed","Aungst, John","Completed","3/2/2018 11:05:34 AM EST","3/4/2018 3:41:36 AM EST","3/4/2018 3:39:59 AM EST","3/4/2018 3:41:36 AM EST","3/4/2018 3:41:36 AM EST","philaungst0509@gmail.com"
"Please DocuSign HVH-0001613 inspection letter. (954)328-9749 | 00714346 | LR","Sent","Jeri Ginsberg","Sent","3/2/2018 10:52:00 AM EST","","","","","pandjginsberg@comcast.net"
"Please DocuSign your Prepared insurance documents.-(786)271-5996| 00728471 | LR","Completed","Daniel Hoffman","Completed","3/2/2018 9:52:29 AM EST","3/5/2018 12:39:11 PM EST","3/3/2018 7:55:49 PM EST","3/5/2018 12:39:11 PM EST","3/5/2018 12:39:11 PM EST","danielevy86@gmail.com"
"Please DocuSign your Federated National insurance documents.- (954)552-5084  | 00728457 | SB","Completed","Guillermo Reyes","Completed","3/2/2018 9:27:10 AM EST","3/2/2018 11:32:10 AM EST","3/2/2018 11:05:28 AM EST","3/2/2018 11:34:00 AM EST","3/2/2018 11:32:10 AM EST","memo_84@msn.com"
"Please DocuSign your Federated National insurance documents.- (954)552-5084  | 00728457 | SB","Completed","Grace Reyes","Completed","3/2/2018 9:27:10 AM EST","3/2/2018 11:34:00 AM EST","3/2/2018 11:33:04 AM EST","3/2/2018 11:34:00 AM EST","3/2/2018 11:34:00 AM EST","memo_84@msn.com"
"Please DocuSign your safeco insurance documents.-pc#F3346766 LL Maria","Completed","Amy Lahr","Completed","3/1/2018 4:32:42 PM EST","3/1/2018 6:14:50 PM EST","3/1/2018 6:12:25 PM EST","3/1/2018 6:14:50 PM EST","3/1/2018 6:14:50 PM EST","email@kevinlahr.com"
"Please DocuSign CLF-0004185 Inspection Letter.(256)476-1942| 00709169 | LR SR","Completed","Benny Poole","Completed","3/1/2018 3:53:14 PM EST","3/2/2018 4:57:54 AM EST","3/2/2018 4:56:01 AM EST","3/2/2018 4:57:54 AM EST","3/2/2018 4:57:54 AM EST","poolebh@gmail.com"
"Please DocuSign this agent of record form.-(386)935-4808 | 00719574 | KC DB","Completed","Arlene Hedgespeth","Completed","3/1/2018 3:42:51 PM EST","3/2/2018 6:39:07 AM EST","3/2/2018 6:38:16 AM EST","3/2/2018 6:39:07 AM EST","3/2/2018 6:39:07 AM EST","shortstuffarlene@yahoo.com"
"Please DocuSign this agent of record form.-Phn#786-218-6110Pc# HCPC-HO3-306772-8 DB DR","Completed","Jacob Liro","Completed","3/1/2018 3:30:56 PM EST","3/5/2018 8:34:46 AM EST","3/5/2018 8:33:04 AM EST","3/5/2018 8:34:46 AM EST","3/5/2018 8:34:46 AM EST","amyliro@yahoo.com"
"Please DocuSign your Wright Flood insurance documents.-(561)452-4744 | 00715418 | LR","Completed","Sherilynne Luther","Completed","3/1/2018 2:28:08 PM EST","3/1/2018 3:20:25 PM EST","3/1/2018 3:17:26 PM EST","3/1/2018 3:20:25 PM EST","3/1/2018 3:20:25 PM EST","sherilynneluther@yahoo.com"
"Please DocuSign your American Strategic insurance documents.-(561)889-4342 | 00728342 | LR","Completed","Marvine Dessalines","Completed","3/1/2018 2:14:28 PM EST","3/5/2018 3:49:52 AM EST","3/5/2018 3:47:38 AM EST","3/5/2018 3:49:52 AM EST","3/5/2018 3:49:52 AM EST","MARVINEDESSALINES@YAHOO.COM"
"Please DocuSign your new ASI flood insurance application.-(561)333-2215| 00359488 | LL LR","Completed","Leonard Dutil","Completed","3/1/2018 2:02:37 PM EST","3/1/2018 2:17:13 PM EST","3/1/2018 2:15:41 PM EST","3/1/2018 2:17:13 PM EST","3/1/2018 2:17:13 PM EST","chasrat3@yahoo.com"
"Please DocuSign your Allrisks insurance documents.-(619)654-1741| 00728333 | SR  Kory","Completed","Mark Sankowski","Completed","3/1/2018 1:52:18 PM EST","3/1/2018 2:29:16 PM EST","3/1/2018 2:26:44 PM EST","3/1/2018 2:29:16 PM EST","3/1/2018 2:29:16 PM EST","ljyaker@yahoo.com"
"corrected:Please DocuSign your UPCIC insurance documents.- (561)207-1222| 00728326 | AG","Completed","Valer Devuyst","Completed","3/1/2018 1:38:40 PM EST","3/1/2018 4:47:37 PM EST","3/1/2018 1:39:16 PM EST","3/1/2018 4:47:37 PM EST","3/1/2018 4:47:37 PM EST","depd35@yahoo.com"
": Please DocuSign your Florida Peninsula insurance documents.-(913)235-9942 | 00728318 | SB","Completed","Kevin Johnson","Completed","3/1/2018 12:35:24 PM EST","3/2/2018 4:37:05 PM EST","3/1/2018 1:16:54 PM EST","3/2/2018 4:37:05 PM EST","3/2/2018 4:37:05 PM EST","kjohnson5535@gmail.com"
"Please DocuSign your Foremost insurance documents.-(561)618-2440 | 00723998 | LL","Completed","Sterlette Searcy","Completed","3/1/2018 12:17:26 PM EST","3/2/2018 7:10:38 AM EST","3/2/2018 7:08:17 AM EST","3/2/2018 7:10:38 AM EST","3/2/2018 7:10:38 AM EST","sstarsearcy@gmail.com"
"Please DocuSign your CP insurance documents.-(954)696-3921| 00728089 | LR","Sent","ARTURO R OLIVARES","Sent","3/1/2018 11:40:41 AM EST","","","","","arturo.olivares1@gmail.com"
"Please DocuSign your UPCIC insurance documents.-(305)219-0993 | 00728076 | AG","Completed","Lenny Rivera","Completed","3/1/2018 11:31:18 AM EST","3/1/2018 12:12:16 PM EST","3/1/2018 11:42:37 AM EST","3/1/2018 12:12:16 PM EST","3/1/2018 12:12:16 PM EST","L26JYD@gmail.com"
"Please DocuSign your TH insurance documents.-(603)387-7770| 00728064 |SB","Completed","Phyllis P Whitney","Completed","3/1/2018 11:24:25 AM EST","3/1/2018 2:43:33 PM EST","3/1/2018 11:29:16 AM EST","3/1/2018 2:55:22 PM EST","3/1/2018 2:43:33 PM EST","pwhitney09@gmail.com"
"Please DocuSign your TH insurance documents.-(603)387-7770| 00728064 |SB","Completed","Paul Whitney","Completed","3/1/2018 11:24:25 AM EST","3/1/2018 2:55:22 PM EST","3/1/2018 11:26:41 AM EST","3/1/2018 2:55:22 PM EST","3/1/2018 2:55:22 PM EST","pwhitney09@gmail.com"
"Please DocuSign your Allrisk insurance documents.-(305)491-1976| 00727989 | AG KristenD","Completed","Ailene Pelobello","Completed","3/1/2018 11:01:16 AM EST","3/1/2018 9:34:39 PM EST","3/1/2018 3:02:50 PM EST","3/1/2018 9:34:39 PM EST","3/1/2018 9:34:39 PM EST","aileneap@yahoo.com"
"Please DocuSign your UPC insurance documents.-(407)607-2781| 00727959 | LR","Completed","Rhea Vallas","Completed","3/1/2018 10:55:00 AM EST","3/1/2018 12:05:14 PM EST","3/1/2018 11:56:11 AM EST","3/1/2018 12:05:14 PM EST","3/1/2018 12:05:14 PM EST","matita_carballo@yahoo.com"
"Please DocuSign your Souther Oak insurance documents.-(954)488-0201| 00727915 | SB","Completed","Kimberly Burgess","Completed","3/1/2018 10:38:42 AM EST","3/1/2018 4:15:13 PM EST","3/1/2018 11:28:19 AM EST","3/1/2018 4:15:13 PM EST","3/1/2018 4:15:13 PM EST","kimaburgess@aol.com"
"Please DocuSign your UPCIC insurance documents.-(727)647-7149 | 00579111 |AG","Completed","Cheryl Pinto","Completed","3/1/2018 10:22:06 AM EST","3/2/2018 7:59:03 AM EST","3/2/2018 7:53:04 AM EST","3/2/2018 8:01:57 AM EST","3/2/2018 7:59:03 AM EST","Vap123@tampabay.rr.com"
"Please DocuSign your UPCIC insurance documents.-(727)647-7149 | 00579111 |AG","Completed","Ventura Pinto","Completed","3/1/2018 10:22:06 AM EST","3/2/2018 8:01:57 AM EST","3/2/2018 8:01:15 AM EST","3/2/2018 8:01:57 AM EST","3/2/2018 8:01:57 AM EST","Vap123@tampabay.rr.com"
"Please DocuSign your Geovera insurance documents.-(813)373-9088 | 00727772 | SR DR","Completed","William Workman","Completed","3/1/2018 9:46:22 AM EST","3/1/2018 10:14:51 AM EST","3/1/2018 10:12:48 AM EST","3/1/2018 10:14:51 AM EST","3/1/2018 10:14:51 AM EST","surfwtw@gmail.com"
"Please DocuSign your UPCIC insurance documents.-(978)807-6959 | 00727745 |AG","Voided","Michael Broomfield","Sent","3/1/2018 9:42:53 AM EST","","","3/2/2018 3:01:08 PM EST","","johnettagoldsmith988@gmail.com"
"Please DocuSign your AllRisk insurance documents.-(813)247-7822 | 00726089 |SR","Completed","Johnette Goldsmith","Completed","3/1/2018 9:35:41 AM EST","3/3/2018 8:53:00 AM EST","3/3/2018 8:35:08 AM EST","3/3/2018 8:53:00 AM EST","3/3/2018 8:53:00 AM EST","johnettagoldsmith988@gmail.com"
"Please DocuSign your AllRisk insurance documents.-(941)219-8609| 00718486 | SR","Sent","George Mira","Sent","3/1/2018 9:35:22 AM EST","","","","","Gmira2@hotmail.com"
"Please DocuSign your AllRisk insurance documents.(321)208-7799| 00149754 | SR","Sent","Lowell Murrell","Sent","3/1/2018 9:35:08 AM EST","","","","","lmurrellwva@cfl.rr.com"
"Please DocuSign your AllRisk insurance documents.-(407)504-8004| 00723506 |SR","Sent","Wanda Anderson","Sent","3/1/2018 9:34:09 AM EST","","","","","Anderson.wanda@gmail.com"
"Corrected:Please DocuSign your SeaCoast  insurance documents.-Phn#(561)469-9880| Pc#476509 | SB","Sent","Kemwattie Mahmood","Sent","3/1/2018 9:33:49 AM EST","","","","","lakeworthautotech1@yahoo.com"
"Please DocuSign your AllRisk insurance documents.-(561)929-8692 | 00726069 | SR","Sent","Marie Fleurentin","Sent","3/1/2018 9:30:44 AM EST","","","","","fwer_luxon@hotmail.com"
"Please DocuSign your Aspen insurance documents.-(973)464-9843 | 00727693 | SR DR","Completed","DONNA GRECO","Completed","3/1/2018 9:27:16 AM EST","3/2/2018 10:34:22 AM EST","3/2/2018 10:23:43 AM EST","3/2/2018 10:34:22 AM EST","3/2/2018 10:34:22 AM EST","d.greco153@icloud.com"
"Please DocuSign your Cap Pre insurance documents.-(561)767-7060| 00663861 |LR","Completed","Samantha Landi","Completed","3/1/2018 9:23:55 AM EST","3/1/2018 5:49:42 PM EST","3/1/2018 1:06:00 PM EST","3/1/2018 5:49:42 PM EST","3/1/2018 5:49:42 PM EST","Samantha.e.landi@gmail.com"
"New: Please DocuSign your AllRisk insurance documents.-(305)332-3404| 00723996 | SR DR","Completed","David West","Completed","3/1/2018 9:14:16 AM EST","3/2/2018 11:48:53 AM EST","3/1/2018 7:20:24 PM EST","3/2/2018 11:48:53 AM EST","3/2/2018 11:48:53 AM EST","dwest118@gmail.com"
"Please DocuSign your FL Specialty insurance documents.-(407)921-4072 | 00727557 |SB","Completed","JoJo Thomas","Completed","3/1/2018 9:08:30 AM EST","3/2/2018 7:04:37 AM EST","3/2/2018 7:03:14 AM EST","3/2/2018 7:04:37 AM EST","3/2/2018 7:04:37 AM EST","jojothomas11@gmail.com"
"Please DocuSign your Geovera insurance documents.-(219)629-1279 | 00691020 | SR RL","Completed","Jessica Tancos","Completed","3/1/2018 9:03:33 AM EST","3/1/2018 9:24:47 AM EST","3/1/2018 9:22:20 AM EST","3/1/2018 9:24:47 AM EST","3/1/2018 9:24:47 AM EST","Jtancos4342@yahoo.com"