"Subject","Status","Recipient Name","Action","Sent On","Completed On","View Date","Status Changed Date","Sign Date","Recipient Email"
"Please DocuSign: no loss.pdf correction please sign sent to client at 5.34","Sent","Alexander Lopez","Sent","","","","","","alexanderl61@comcast.net"
"Please DocuSign: Change Request","Sent","Martha Mendoza","Sent","","","","","","marthamendoza560@yahoo.com"
"Please DocuSign you NO loss form(305)778-7174| 00639148 | LL","Completed","Alexander Lopez","Completed","","1/9/2018 7:28:03 PM EST","1/9/2018 7:27:47 PM EST","1/9/2018 7:28:03 PM EST","1/9/2018 7:28:03 PM EST","alexanderl61@comcast.net"
"Please DocuSign Cancellation request form.-(561)312-8888| 00502762 | MO","Completed","Paul Roach","Completed","","1/9/2018 7:48:47 PM EST","1/9/2018 7:48:20 PM EST","1/9/2018 7:48:47 PM EST","1/9/2018 7:48:47 PM EST","gmcinc@yahoo.com"
"Please DocuSign Cancellation request form.-(561)312-8888| 00502762 | MO","Sent","Peter Kwiatkowski","Sent","","","","","","pkwiat@sfwmd.gov"
"Please DocuSign Cancellation request form.-(786)262-0681| 00716217 | MO","Sent","Pierre L Pierre","Sent","","","","","","pierlpt@gmail.com"
"Please DocuSign Cancellation request form.-(786)262-0681| 00716217 | MO","Sent","Sherley Pierre Toussaint","Sent","","","","","","pierlpt@gmail.com"
"New: Please DocuSign your coastal advantage insurance documents.-(305)527-5016| 00710112 | SR","Completed","Angela McMillon","Completed","","1/9/2018 5:11:04 PM EST","1/9/2018 5:10:18 PM EST","1/9/2018 5:11:05 PM EST","1/9/2018 5:11:04 PM EST","angela_mcmillon@yahoo.com"
"Please DocuSign you NO loss form(305)778-7174| 00639148 | LL","Completed","Alexander Lopez","Completed","","1/9/2018 4:18:43 PM EST","1/9/2018 4:17:50 PM EST","1/9/2018 4:18:43 PM EST","1/9/2018 4:18:43 PM EST","alexanderl61@comcast.net"
"Please DocuSign your Coastal insurance documents.-(732)890-2180| 00692374 |SR","Completed","Cynthia A Dugan","Completed","","1/9/2018 5:06:19 PM EST","1/9/2018 5:05:11 PM EST","1/9/2018 5:06:19 PM EST","1/9/2018 5:06:19 PM EST","Cdugna3151@aol.com"
"Please DocuSign your Geovera and AllRisk insurance documents.-(913)515-4544| 00717164 | KC","Completed","George Danner","Completed","","1/9/2018 4:01:50 PM EST","1/9/2018 3:53:36 PM EST","1/9/2018 4:01:51 PM EST","1/9/2018 4:01:50 PM EST","CONQUERORS5@SBCGLOBAL.NET"
"Please DocuSign your Geovera insurance documents.-(954)655-6035| 00390984 | SR","Sent","Viola Ollivierre","Sent","","","","","","dayda8@hotmail.com"
"Please DocuSign your AllRisk insurance documents.-(954)328-9749| 00714346 |SR MO","Completed","Jeri Ginsberg","Completed","","1/9/2018 3:20:46 PM EST","1/9/2018 3:16:07 PM EST","1/9/2018 3:59:32 PM EST","1/9/2018 3:20:46 PM EST","pandjginsberg@comcast.net"
"Please DocuSign your UPCIC documents-(786)357-3825 | 00714145 |LR","Sent","Edilson Espinosa","Sent","","","","","","yaslin123@gmail.com"
"Please DocuSign your UPCIC documents-(786)357-3825 | 00714145 |LR","Sent","Yaslin Carmona","Sent","","","","","","yaslin123@gmail.com"
"Please DocuSign: FLH-0007316  Inspection Letter.(786)468-0532| 00712223 |LR","Sent","Morton Augustin","Sent","1/9/2018 2:28:28 PM EST","","","","","brosegracia@yahoo.com"
"Please DocuSign this policy change request.-(847)606-5490| 00388449 | KG","Delivered","Ila Lemonis","Delivered","1/9/2018 2:11:59 PM EST","","1/9/2018 4:46:00 PM EST","","","lpenfold@gmail.com"
"Please DocuSign your Capitol Preferred insurance documents.-(561)405-1717 | 00717043 |","Delivered","Jean-Pierre Paviot","Delivered","1/9/2018 2:07:24 PM EST","","1/9/2018 4:50:38 PM EST","","","jpmfp@comcast.net"
"Please DocuSign your Southern Fidelity & Tower HIll insurance documents|00569295|(215)520-0123LRMO","Sent","Gary Plantier","Sent","1/9/2018 1:42:46 PM EST","","","","","pplantier4@gmail.com"
"Please DocuSign your Capitol Preferred  insurance documents.-(561)699-3003| 00716196 LR MO","Sent","Tova Reznik","Sent","1/9/2018 1:10:02 PM EST","","","","","Tova.reznik@terracescc.com"
"Please DocuSign: Statement of No Loss.(305)469-0216| 00429467 | SZ","Sent","Samantha Ebanks","Sent","1/9/2018 11:29:30 AM EST","","","","","Luchey_pooh305@yahoo.com"
"Please DocuSign: CLH-0006730 Inspection Letter.(305)345-5987| 00700878 |LR","Sent","Donald  Wardy","Sent","1/9/2018 8:59:45 AM EST","","","","","donaldwardy@gmail.com"
"Please DocuSign: Hassan App.pdf new home insurancew app","Sent","Muneer Hassan","Sent","1/9/2018 8:24:11 AM EST","","","","","Hassan_muneer@hotmail.com"
"Please DocuSign: Hassan App.pdf new home insurancew app","Sent","Chris Cole","Completed","1/9/2018 8:24:11 AM EST","1/9/2018 8:25:49 AM EST","1/9/2018 8:25:45 AM EST","","1/9/2018 8:25:49 AM EST","chris.cole@brightway.com"
"Please DocuSign your UPCIC insurance documents.-(321)439-7373 | 00717001 | AG","Sent","Migdalia Benitez","Sent","1/9/2018 8:16:44 AM EST","","","","","midgebntz@gmail.com"
"Please DocuSign your UPCIC insurance documents.-(321)439-7373 | 00717001 | AG","Sent","Jorge Benitez","Sent","1/9/2018 8:16:44 AM EST","","","","","midgebntz@gmail.com"
"Please DocuSign your Geovera  and Allrisk insurance documents.-((305)238-0021|00714136  |SR","Completed","Chris Cole","Completed","1/8/2018 5:50:23 PM EST","1/8/2018 10:03:51 PM EST","1/8/2018 10:03:39 PM EST","1/9/2018 7:01:47 PM EST","1/8/2018 10:03:51 PM EST","chris.cole@brightway.com"
"Please DocuSign your Geovera  and Allrisk insurance documents.-((305)238-0021|00714136  |SR","Completed","Nabil Boundani","Completed","1/8/2018 5:50:23 PM EST","1/9/2018 7:01:47 PM EST","1/9/2018 6:40:15 PM EST","1/9/2018 7:01:47 PM EST","1/9/2018 7:01:47 PM EST","nboudani@hotmail.com"
"Please DocuSign: cotton App.pdf","Completed","Chris Cole","Completed","1/8/2018 5:45:04 PM EST","1/8/2018 10:05:39 PM EST","1/8/2018 10:04:25 PM EST","1/9/2018 12:13:16 PM EST","1/8/2018 10:05:39 PM EST","chris.cole@brightway.com"
"Please DocuSign: cotton App.pdf","Completed","Barbara & Richard Cotton","Completed","1/8/2018 5:45:04 PM EST","1/9/2018 12:13:16 PM EST","1/9/2018 12:10:00 PM EST","1/9/2018 12:13:16 PM EST","1/9/2018 12:13:16 PM EST","rc@firstsourcemed.com"
"Please DocuSign: Phelan, Matthew Unsigned United App.pdf, Phelan, Matthew RCE.PDF","Sent","Matthew Phelan","Sent","1/8/2018 5:41:56 PM EST","","","","","Mattphelan850@gmail.com"
"Please DocuSign: Travelers - Blank UM form.pdf","Voided","Chandradat Ramkhelawan","Sent","1/8/2018 5:28:31 PM EST","","","1/9/2018 2:37:59 PM EST","","Navin9979@gmail.com"
"Please DocuSign: Mitigation Inspection Report Signed.pdf","Completed","jerome strano","Completed","1/8/2018 5:07:41 PM EST","1/8/2018 5:35:29 PM EST","1/8/2018 5:34:50 PM EST","1/8/2018 5:35:30 PM EST","1/8/2018 5:35:29 PM EST","jsjcompanyinc@gmail.com"
"Please DocuSign: Dennis.360Value Replacement Cost Valuation.pdf","Delivered","Cheryl Dennis","Delivered","1/8/2018 5:01:06 PM EST","","1/9/2018 12:11:04 AM EST","","","onedoxy@yahoo.com"
"Please DocuSign: orlotti doc.pdf, eli.pdf","Sent","Elizabeth Orlotti","Sent","1/8/2018 4:32:04 PM EST","","","","","hawaiitime32@gmail.com"
"Please DocuSign your Universal insurance documents.-(754)214-5612 | 00424051 |","Sent","Latasha Davis","Sent","1/8/2018 4:01:08 PM EST","","","","","latashandavis@yahoo.com"
"mncvm","Completed","Kerry Clinton","Completed","1/8/2018 3:41:12 PM EST","1/8/2018 3:41:13 PM EST","","1/8/2018 3:41:12 PM EST","","kerry.clinton@brightway.com"
"Please DocuSign: Hassan WM(2).pdf, Hassan App.pdf","Voided","Muneer Hassan Zarefa Ali","Sent","1/8/2018 3:36:32 PM EST","","","1/8/2018 6:02:20 PM EST","","Hassan_muneer@hotmail.com"
"Please DocuSign: PT change request.pdf","Completed","CAROL THROWER","Completed","1/8/2018 3:12:24 PM EST","1/8/2018 4:07:48 PM EST","1/8/2018 3:15:01 PM EST","1/8/2018 4:07:48 PM EST","1/8/2018 4:07:48 PM EST","cthrower@numail.org"
"Please DocuSign: cxl d.pdf","Completed","MAZELIE DUPRENA","Completed","1/8/2018 2:59:40 PM EST","1/9/2018 1:09:14 PM EST","1/9/2018 1:08:46 PM EST","1/9/2018 1:28:18 PM EST","1/9/2018 1:09:14 PM EST","Issy0221@gmail.com"
"Please DocuSign: cxl d.pdf","Completed","Ismuta Duprena","Completed","1/8/2018 2:59:40 PM EST","1/9/2018 1:28:17 PM EST","1/9/2018 1:28:03 PM EST","1/9/2018 1:28:18 PM EST","1/9/2018 1:28:17 PM EST","Issy0221@gmail.com"
"Please DocuSign: Duprena AllRisks App.pdf, Duprena Geo App.pdf, Duprena RCE.pdf","Completed","Ismuta Duprena","Completed","1/8/2018 2:57:42 PM EST","1/9/2018 1:07:00 PM EST","1/9/2018 10:56:26 AM EST","1/9/2018 1:07:01 PM EST","1/9/2018 1:07:00 PM EST","Issy0221@gmail.com"
"Please DocuSign: WHITE ALL RISK DOCS DE SIGNEDdd.pdf","Sent","Vernice White","Sent","1/8/2018 1:45:45 PM EST","","","","","laurawonluv2@aol.com"
"Please DocuSign: WHITE ALL RISK DOCS DE SIGNEDdd.pdf","Sent","Kerry Clinton","Completed","1/8/2018 1:45:45 PM EST","1/8/2018 2:33:51 PM EST","1/8/2018 2:33:44 PM EST","","1/8/2018 2:33:51 PM EST","kerry.clinton@brightway.com"
"Please DocuSign: Perry App.pdf","Completed","Chris Cole","Completed","1/8/2018 12:58:10 PM EST","1/8/2018 1:59:08 PM EST","1/8/2018 1:59:02 PM EST","1/8/2018 4:41:46 PM EST","1/8/2018 1:59:08 PM EST","chris.cole@brightway.com"
"Please DocuSign: Perry App.pdf","Completed","Georgette Sturtz Perry","Completed","1/8/2018 12:58:10 PM EST","1/8/2018 4:41:45 PM EST","1/8/2018 4:37:40 PM EST","1/8/2018 4:41:46 PM EST","1/8/2018 4:41:45 PM EST","Gsperry9@hotmail.com"
"Please DocuSign: Ganchong RCE.PDF","Sent","Jia Ganchong","Sent","1/8/2018 12:47:11 PM EST","","","","","chucklevine@bellsouth.net"
"Please DocuSign your AllRisk insurance documents.-954-501-3057Qt#3240721 SR","Delivered","Kevin Arena","Delivered","1/8/2018 12:42:09 PM EST","","1/8/2018 5:05:04 PM EST","","","tarenagroup@aol.com"
"Please DocuSign: Cheryl unsigned application.pdf ag","Completed","Cheryl Dennis","Completed","1/8/2018 12:34:05 PM EST","1/8/2018 12:48:50 PM EST","1/8/2018 12:43:20 PM EST","1/8/2018 12:48:50 PM EST","1/8/2018 12:48:50 PM EST","onedoxy@yahoo.com"
"please sign your wind mit inspection  00716447 ag","Completed","Kyle Deery","Completed","1/8/2018 12:27:25 PM EST","1/8/2018 2:00:31 PM EST","1/8/2018 1:59:45 PM EST","1/8/2018 2:00:31 PM EST","1/8/2018 2:00:31 PM EST","kylebdeery@gmail.com"
"Please DocuSign: Williams.pdf","Sent","DEANNA C MOSLEY","Sent","1/8/2018 12:20:25 PM EST","","","","","ddman53@aol.com"
"Please DocuSign: Williams.pdf","Sent","Dwight E Williams","Completed","1/8/2018 12:20:24 PM EST","1/8/2018 12:25:22 PM EST","1/8/2018 12:22:42 PM EST","","1/8/2018 12:25:22 PM EST","ddman53@aol.com"
"Please DocuSign: Statement of No Loss.(305)469-0216| 00429467 | SZ","Completed","Samantha Ebanks","Completed","1/8/2018 12:01:34 PM EST","1/8/2018 7:33:24 PM EST","1/8/2018 7:30:50 PM EST","1/8/2018 7:33:24 PM EST","1/8/2018 7:33:24 PM EST","Luchey_pooh305@yahoo.com"
"Please DocuSign: SS app.pdf, sss.pdf, Surplus Lines Disclosure.pdf","Completed","Chris Cole","Completed","1/8/2018 11:44:27 AM EST","1/8/2018 11:46:23 AM EST","1/8/2018 11:46:17 AM EST","1/8/2018 6:07:31 PM EST","1/8/2018 11:46:23 AM EST","chris.cole@brightway.com"
"Please DocuSign: SS app.pdf, sss.pdf, Surplus Lines Disclosure.pdf","Completed","Shelley Stroleny","Completed","1/8/2018 11:44:27 AM EST","1/8/2018 6:07:31 PM EST","1/8/2018 6:02:55 PM EST","1/8/2018 6:07:31 PM EST","1/8/2018 6:07:31 PM EST","stroleny_gwc@yahoo.com"
"Please DocuSign: Thig FLD Application.pdf sb","Completed","Chris Cole","Completed","1/8/2018 10:47:31 AM EST","1/8/2018 10:51:07 AM EST","1/8/2018 10:50:40 AM EST","1/8/2018 11:01:20 AM EST","1/8/2018 10:51:07 AM EST","chris.cole@brightway.com"
"Please DocuSign: Thig FLD Application.pdf sb","Completed","Esteban Gomez","Completed","1/8/2018 10:47:31 AM EST","1/8/2018 11:01:19 AM EST","1/8/2018 10:58:30 AM EST","1/8/2018 11:01:20 AM EST","1/8/2018 11:01:19 AM EST","esteban.gomez@transcore.com"
"Please DocuSign: Geovera Application.pdf, Geovera Proposal - WIND ONLY.pdf, Replacement Cost Es...","Delivered","Richard Pine","Delivered","1/8/2018 10:26:51 AM EST","","1/8/2018 12:46:13 PM EST","","","pinelynn24@gmail.com"
"Please DocuSign: Geovera Application.pdf, Geovera Proposal - WIND ONLY.pdf, Replacement Cost Es...","Delivered","Chris Cole","Completed","1/8/2018 10:26:51 AM EST","1/8/2018 10:34:21 AM EST","1/8/2018 10:34:08 AM EST","","1/8/2018 10:34:21 AM EST","chris.cole@brightway.com"
"Please DocuSign: No Loss (3)- Ali, Shaz 00700331.doc","Completed","Shaaz Ali","Completed","1/8/2018 10:03:31 AM EST","1/8/2018 10:10:32 AM EST","1/8/2018 10:09:24 AM EST","1/8/2018 10:10:33 AM EST","1/8/2018 10:10:32 AM EST","izshaaz@gmail.com"
"Please DocuSign: Passalacqua, Rosollino No Loss Statement.pdf","Completed","Rosollino Passalacqua","Completed","1/8/2018 9:31:53 AM EST","1/8/2018 4:49:13 PM EST","1/8/2018 4:47:45 PM EST","1/8/2018 4:50:14 PM EST","1/8/2018 4:49:13 PM EST","johnpass@comcast.net"
"Please DocuSign: Passalacqua, Rosollino No Loss Statement.pdf","Completed","John Passalacqua","Completed","1/8/2018 9:31:53 AM EST","1/8/2018 4:50:13 PM EST","1/8/2018 4:50:01 PM EST","1/8/2018 4:50:14 PM EST","1/8/2018 4:50:13 PM EST","johnpass@comcast.net"
"Please DocuSign: Grzybowski, app.pdf 1086 home insurance","Voided","Daniel Grzybowski","Sent","1/8/2018 9:11:44 AM EST","","","1/8/2018 9:14:29 AM EST","","Grzybowskidan@gmail.com"
"Please DocuSign: Grzybowski, app.pdf 1086 home insurance","Voided","Kerry Clinton","Completed","1/8/2018 9:11:44 AM EST","1/8/2018 9:12:25 AM EST","1/8/2018 9:12:14 AM EST","1/8/2018 9:14:29 AM EST","1/8/2018 9:12:25 AM EST","kerry.clinton@brightway.com"
"Please DocuSign: Roach UNI Application.pdf, Roach RCE.PDF, Roach Wind Mit.pdf, Roach Authorizat...AG","Completed","Paul Roach","Completed","1/8/2018 9:02:57 AM EST","1/8/2018 10:39:32 AM EST","1/8/2018 10:37:54 AM EST","1/8/2018 10:39:33 AM EST","1/8/2018 10:39:32 AM EST","gmcinc@yahoo.com"
"Please DocuSign your allrisk insurance documents.-KDurham","Completed","JEREMY CAHILL","Completed","1/5/2018 5:24:51 PM EST","1/5/2018 5:37:16 PM EST","1/5/2018 5:25:14 PM EST","1/5/2018 5:37:17 PM EST","1/5/2018 5:37:16 PM EST","JKINVESTMENTVENTURES@OUTLOOK.COM"
"Please DocuSign your UPCIC insurance documents.-(786)302-9713 | 00629597 | AG","Completed","Grecia Sardinas","Completed","1/5/2018 5:19:36 PM EST","1/8/2018 8:36:49 AM EST","1/8/2018 8:30:49 AM EST","1/8/2018 8:36:50 AM EST","1/8/2018 8:36:49 AM EST","Grecia1887@yahoo.com"
": Please DocuSign your Tower Hill insurance documents.-(804)398-8845 | 00716689 | LR","Completed","Michael McDougall","Completed","1/5/2018 5:04:49 PM EST","1/5/2018 8:39:52 PM EST","1/5/2018 8:30:50 PM EST","1/5/2018 9:03:10 PM EST","1/5/2018 8:39:52 PM EST","mtminva@gmail.com"
": Please DocuSign your Tower Hill insurance documents.-(804)398-8845 | 00716689 | LR","Completed","Shirley McDougall","Completed","1/5/2018 5:04:49 PM EST","1/5/2018 9:03:09 PM EST","1/5/2018 8:41:59 PM EST","1/5/2018 9:03:10 PM EST","1/5/2018 9:03:09 PM EST","mtminva@gmail.com"
"Please DocuSign your Allrisk insurance documents.-phn#772-801-4557qt#3256617 SR","Completed","Debra Garrison","Completed","1/5/2018 4:55:00 PM EST","1/8/2018 12:53:36 PM EST","1/5/2018 6:18:23 PM EST","1/8/2018 12:53:36 PM EST","1/8/2018 12:53:36 PM EST","debrongarrison@att.net"
"Please DocuSign your AllRisk insurance documents.-(305)623-7677| 00716655 |SR","Sent","Richard Pine","Sent","1/5/2018 4:07:25 PM EST","","","","","pinelynn24@gmail.com"
"Please DocuSign your Bass insurance documents.-(646)306-8389| 00716570 | SR","Completed","Fredricka Jones","Completed","1/5/2018 4:00:47 PM EST","1/7/2018 11:26:15 AM EST","1/7/2018 11:14:31 AM EST","1/7/2018 11:26:16 AM EST","1/7/2018 11:26:15 AM EST","Fvjon23@gmail.com"
"Please DocuSign your ICAT insurance documents.-(808)729-0094| 00716563 |SR","Completed","Kenneth Peer","Completed","1/5/2018 3:56:41 PM EST","1/6/2018 10:11:41 AM EST","1/6/2018 10:08:54 AM EST","1/6/2018 10:11:42 AM EST","1/6/2018 10:11:41 AM EST","kenneth.r.peer@gmail.com"
"Please DocuSign: Statement of No Loss.(305)469-0216| 00429467 | SZ","Completed","Samantha Ebanks","Completed","1/5/2018 3:50:58 PM EST","1/7/2018 7:08:01 AM EST","1/7/2018 7:06:28 AM EST","1/7/2018 7:08:02 AM EST","1/7/2018 7:08:01 AM EST","Luchey_pooh305@yahoo.com"
"Please DocuSign your Lexington insurance documents.-(305)951-4186 | 00716640 |SR","Voided","Shelley Stroleny","Delivered","1/5/2018 3:46:47 PM EST","","1/6/2018 10:33:00 AM EST","1/8/2018 11:39:13 AM EST","","stroleny_gwc@yahoo.com"
"Please DocuSign your Lexington insurance documents.-(305)951-4186 | 00716640 |SR","Voided","Chris Cole","Completed","1/8/2018 9:28:09 AM EST","1/8/2018 10:54:01 AM EST","1/8/2018 10:53:56 AM EST","1/8/2018 11:39:13 AM EST","1/8/2018 10:54:01 AM EST","chris.cole@brightway.com"
"Please DocuSign your Peolple's Trust insurance documents.-(252)481-2111| 00716616 | LR","Completed","Gerry Kesselbach","Completed","1/5/2018 3:33:00 PM EST","1/7/2018 8:34:31 AM EST","1/5/2018 4:34:09 PM EST","1/7/2018 8:34:32 AM EST","1/7/2018 8:34:31 AM EST","kbach252@gmail.com"
"Please DocuSign your Seacost insurance documents.-(561)558-3115 | 00716583 | LR","Completed","EMMANUAL RIVERA","Completed","1/5/2018 3:25:58 PM EST","1/5/2018 9:32:03 PM EST","1/5/2018 9:29:28 PM EST","1/5/2018 9:32:03 PM EST","1/5/2018 9:32:03 PM EST","erivera1234514@yahoo.com"
"NEw: Please DocuSign Statement of No Loss form(305)879-0226| 00636239 | AT","Sent","Ana Oyler","Sent","1/5/2018 2:35:02 PM EST","","","","","jaryselle3@gmail.com"
"Please DocuSign your UPCIC insurance documents.-(386)290-8096| 00716447 |LL","Completed","Kyle Deery","Completed","1/5/2018 2:19:20 PM EST","1/5/2018 5:20:33 PM EST","1/5/2018 5:18:30 PM EST","1/5/2018 6:39:20 PM EST","1/5/2018 5:20:33 PM EST","kylebdeery@gmail.com"
"Please DocuSign your UPCIC insurance documents.-(386)290-8096| 00716447 |LL","Completed","Thomas Deery","Completed","1/5/2018 2:19:20 PM EST","1/5/2018 6:39:20 PM EST","1/5/2018 5:16:07 PM EST","1/5/2018 6:39:20 PM EST","1/5/2018 6:39:20 PM EST","kylebdeery@gmail.com"
"Correct: Please DocuSign your UPCIC insurance documents.-(561)699-3003| 00716196 |AG","Completed","Tova Reznik","Completed","1/5/2018 12:42:43 PM EST","1/8/2018 9:38:22 AM EST","1/8/2018 9:36:56 AM EST","1/8/2018 9:38:22 AM EST","1/8/2018 9:38:22 AM EST","Tova.reznik@terracescc.com"
"Please DocuSign your new flood ASI insurance application.-(954)389-1314 | 00705292 | LR","Completed","Alana Dean","Completed","1/5/2018 12:29:58 PM EST","1/7/2018 1:02:13 AM EST","1/5/2018 2:46:54 PM EST","1/7/2018 1:02:14 AM EST","1/7/2018 1:02:13 AM EST","alanardh@gmail.com"
"Please DocuSign employee warning notice KC","Completed","Kerry Clinton","Completed","1/5/2018 12:01:37 PM EST","1/5/2018 12:01:46 PM EST","1/5/2018 12:01:43 PM EST","1/5/2018 12:07:12 PM EST","1/5/2018 12:01:46 PM EST","kerry.clinton@brightway.com"
"Please DocuSign employee warning notice KC","Completed","Damion Brown","Completed","1/5/2018 12:01:36 PM EST","1/5/2018 12:07:12 PM EST","1/5/2018 12:06:41 PM EST","1/5/2018 12:07:12 PM EST","1/5/2018 12:07:12 PM EST","damion.brown@brightway.com"
"Please DocuSign Employee warning notice. KC","Completed","Kerry Clinton","Completed","1/5/2018 11:59:38 AM EST","1/5/2018 11:59:47 AM EST","1/5/2018 11:59:43 AM EST","1/5/2018 12:04:07 PM EST","1/5/2018 11:59:47 AM EST","kerry.clinton@brightway.com"
"Please DocuSign Employee warning notice. KC","Completed","Manny Clinton","Completed","1/5/2018 11:59:38 AM EST","1/5/2018 12:04:07 PM EST","1/5/2018 12:03:21 PM EST","1/5/2018 12:04:07 PM EST","1/5/2018 12:04:07 PM EST","manny.clinton@brightway.com"
"Please Docusign your Employee Warning Notice KC","Completed","Kerry Clinton","Completed","1/5/2018 11:54:52 AM EST","1/5/2018 11:55:04 AM EST","1/5/2018 11:54:59 AM EST","1/5/2018 12:01:01 PM EST","1/5/2018 11:55:04 AM EST","kerry.clinton@brightway.com"
"Please Docusign your Employee Warning Notice KC","Completed","Caseus Collman","Completed","1/5/2018 11:54:52 AM EST","1/5/2018 12:01:01 PM EST","1/5/2018 12:00:48 PM EST","1/5/2018 12:01:01 PM EST","1/5/2018 12:01:01 PM EST","caseus.collman@brightway.com"
"Please DocuSign your Bass insurance documents.-(646)633-8904| 00714306 |SR MClinton","Sent","James Bonnett","Sent","1/5/2018 11:22:37 AM EST","","","","","Ka2zsajames8@yahoo.com"
"Please DocuSign No Loss Statement.(954)328-1907| 00390662 | PR","Sent","Rosollino Passalacqua","Sent","1/5/2018 10:48:12 AM EST","","","","","santaparla@yahoo.com"
"Please DocuSign your UPCIC insurance documents.-(954)531-4435| 00713916 | LR","Sent","Leroy Barrett","Delivered","1/5/2018 10:03:35 AM EST","","1/6/2018 10:30:36 PM EST","","","lillianwoodall@ymail.com"
"Please DocuSign your UPCIC insurance documents.-(954)531-4435| 00713916 | LR","Sent","Mae J Barrett","Sent","1/5/2018 10:03:35 AM EST","","","","","lillianwoodall@ymail.com"
"Please DocuSign this document: BVH-0000887 Inspection Letter.phn#(786)344-3067acc#00674685  LR","Sent","Reginald Jones","Sent","1/5/2018 9:58:05 AM EST","","","","","regijones1@gmail.com"
"Please DocuSign Cancellation request form.-(561)901-0156| 00322652  |MO","Sent","Elizabeth Broadard","Sent","1/5/2018 9:56:33 AM EST","","","","","broadard@att.net"
"Please DocuSign your UPC insurance documents.-(561)254-8693| 00179069 |LR","Sent","Aleen Rosenheim","Sent","1/5/2018 9:47:07 AM EST","","","","","rosenheima@gmail.com"
"Please DocuSign your Tower Hill insurance documents.-(347)724-3778 | 00713871 |LR","Sent","Donnett Ferguson","Sent","1/5/2018 9:42:00 AM EST","","","","","jpatfave@yahoo.com"
"Please DocuSign your Tower Hill insurance documents.-(347)724-3778 | 00713871 |LR","Sent","Oscar Ferguson","Sent","1/5/2018 9:42:00 AM EST","","","","","jpatfave@yahoo.com"
"Please DocuSign your UPCIC insurance documents.-(786)514-2390| 00711609 |LR","Sent","JOSEPH H DESIR","Sent","1/5/2018 9:39:24 AM EST","","","","","josephdesir01@yahoo.com"
"Please DocuSign your UPCIC insurance documents.-(786)514-2390| 00711609 |LR","Sent","MARIA DESIR","Sent","1/5/2018 9:39:24 AM EST","","","","","josephdesir01@yahoo.com"
"Please DocuSign: KLH-0002433 Inspection Letter.phn#(786)806-6589acc#00563940  LR","Sent","Anthony Martin","Sent","1/5/2018 9:37:27 AM EST","","","","","11martin27webb12foundation@gmail.com"
"Please DocuSign you Geovera insurance documents.-(772)233-3528| 00716419 | SR","Completed","Chase Zobec","Completed","1/5/2018 8:56:14 AM EST","1/5/2018 2:12:57 PM EST","1/5/2018 11:52:01 AM EST","1/5/2018 2:12:58 PM EST","1/5/2018 2:12:57 PM EST","banksllunit@yahoo.com"
"Please DocuSign: FLH-0007146  Inspection Letter.(239)440-3104 | 00705028 LR","Sent","Jeanne Saint Louis","Sent","1/4/2018 5:01:23 PM EST","","","","","jeannelouis001@yahoo.com"
"Please DocuSign: CLH-0007299 Inspection Letter.-(305)763-1336| 00699217 LR","Completed","Angela I. Garcia","Completed","1/4/2018 4:51:23 PM EST","1/5/2018 12:30:50 AM EST","1/5/2018 12:30:20 AM EST","1/5/2018 12:30:51 AM EST","1/5/2018 12:30:50 AM EST","garcia.angela17@yahoo.com"
"Please DocuSign Cancellation request form.-706)614-1931 | 00619912 MO","Sent","Angie Polly","Sent","1/4/2018 4:44:03 PM EST","","","","","TIPTOP.ROOFING@YAHOO.COM"
"Please DocuSign Cancellation request form.-706)614-1931 | 00619912 MO","Sent","Donnie Polly","Sent","1/4/2018 4:44:03 PM EST","","","","","TIPTOP.ROOFING@YAHOO.COM"
"Please DocuSign yourUPCIC insurance documents.-(954)471-4921| 00716383 | AG","Completed","Yoselin A Kawas","Completed","1/4/2018 4:43:41 PM EST","1/6/2018 10:33:00 AM EST","1/4/2018 6:16:55 PM EST","1/6/2018 10:38:18 AM EST","1/6/2018 10:33:00 AM EST","yosekawas@gmail.com"
"Please DocuSign yourUPCIC insurance documents.-(954)471-4921| 00716383 | AG","Completed","Yajaira Kawas","Completed","1/4/2018 4:43:42 PM EST","1/6/2018 10:38:18 AM EST","1/6/2018 10:35:43 AM EST","1/6/2018 10:38:18 AM EST","1/6/2018 10:38:18 AM EST","yosekawas@gmail.com"
"Please DocuSign your AllRisk insurance documents.-(352)472-5718| 00600794 | LR","Voided","Carolyn Mitchell","Sent","1/4/2018 4:28:00 PM EST","","","1/5/2018 3:15:06 PM EST","","dixiemach@att.net"
"Please DocuSign NAMED EXCLUDED DRIVER ELECTION form(561)271-4622 | 00114255 | MCabrera","Completed","Donald Weinberg","Completed","1/4/2018 4:20:56 PM EST","1/9/2018 4:28:02 PM EST","1/5/2018 2:26:43 AM EST","1/9/2018 4:28:02 PM EST","1/9/2018 4:28:02 PM EST","Donald@crjewelers.com"
"Please DocuSign your AllRisk insurance documents.-(407)921-0855| 00572822 |SR MO","Sent","Julio Vasquez","Sent","1/4/2018 4:14:56 PM EST","","","","","Vasquez.julio862@gmail.com"
"Please DocuSign your Allrisk insurance documents.-(305)216-1276| 00270914 |SR","Completed","Mack Wiggins","Completed","1/4/2018 3:41:48 PM EST","1/8/2018 11:05:08 AM EST","1/5/2018 9:49:43 AM EST","1/8/2018 11:05:08 AM EST","1/8/2018 11:05:08 AM EST","mtwiggins3@yahoo.com"
"Please DocuSign this policy change request.-(561)373-3321 | 00510088  KC","Completed","Mary Louise Stoney","Completed","1/4/2018 3:20:09 PM EST","1/4/2018 3:25:47 PM EST","1/4/2018 3:24:51 PM EST","1/4/2018 3:25:47 PM EST","1/4/2018 3:25:47 PM EST","louise.stoney@gmail.com"
"Please DocuSign your Geovera insurance documents.-(801)430-0699| 00716340 | SR","Completed","Steven Harris","Completed","1/4/2018 2:47:04 PM EST","1/5/2018 7:53:50 AM EST","1/5/2018 7:18:00 AM EST","1/5/2018 7:53:50 AM EST","1/5/2018 7:53:50 AM EST","whleddie@outlook.com"
"Please DocuSign this policy change request.-(954)328-3455| 00715853 KC","Voided","Rochelle Mitchell","Sent","1/4/2018 2:37:18 PM EST","","","1/4/2018 2:40:58 PM EST","","i_shell8@hotmail.com"
"Please DocuSign this agent of record form.-pc00638198#ph#561-707-5643 LL DB","Completed","Gerardo Fernandez","Completed","1/4/2018 2:30:54 PM EST","1/4/2018 3:05:42 PM EST","1/4/2018 3:04:01 PM EST","1/4/2018 3:05:42 PM EST","1/4/2018 3:05:42 PM EST","Gerardo72cuba@aol.com"
"Please DocuSign your UPCIC insurances documents.-(407)810-5297 | 00716324 | AG","Completed","Quaolan Shen","Completed","1/4/2018 2:14:49 PM EST","1/4/2018 11:54:06 PM EST","1/4/2018 11:52:55 PM EST","1/9/2018 3:10:38 PM EST","1/4/2018 11:54:06 PM EST","josephgpac@gmail.com"
"Please DocuSign your UPCIC insurances documents.-(407)810-5297 | 00716324 | AG","Completed","Joseph Pac","Completed","1/4/2018 2:14:49 PM EST","1/9/2018 3:10:37 PM EST","1/9/2018 3:09:00 PM EST","1/9/2018 3:10:38 PM EST","1/9/2018 3:10:37 PM EST","josephgpac@gmail.com"
"Please DocuSign your Bass insurance documents.-phn#813-340-7524pc#AGP1224026 SR","Completed","Carlos Velasco","Completed","1/4/2018 1:47:16 PM EST","1/4/2018 3:41:21 PM EST","1/4/2018 3:33:56 PM EST","1/4/2018 3:41:22 PM EST","1/4/2018 3:41:21 PM EST","cvelasco2010@gmail.com"
"Please DocuSign Cancellation request form.-.-phn#603455-3576 | 00715749 | MO","Completed","Janet Hanson","Completed","1/4/2018 1:06:50 PM EST","1/4/2018 1:51:19 PM EST","1/4/2018 1:50:44 PM EST","1/4/2018 1:52:15 PM EST","1/4/2018 1:51:19 PM EST","benfranklin3812@hotmail.com"
"Please DocuSign Cancellation request form.-.-phn#603455-3576 | 00715749 | MO","Completed","Linda Hanson","Completed","1/4/2018 1:06:50 PM EST","1/4/2018 1:52:15 PM EST","1/4/2018 1:47:14 PM EST","1/4/2018 1:52:15 PM EST","1/4/2018 1:52:15 PM EST","benfranklin3812@hotmail.com"
"Please DocuSign your AllRisk insurance documents.-(954)204-7273| 00457421 |SR MO","Completed","Magna Rojas","Completed","1/4/2018 11:56:17 AM EST","1/5/2018 3:31:57 PM EST","1/5/2018 3:27:39 PM EST","1/5/2018 3:31:57 PM EST","1/5/2018 3:31:57 PM EST","rojas15@aol.com"
"NEW: Please DocuSign this policy change request.--(305)989-2087| 00710273 |LL DB","Completed","Allan Robin Suarez","Completed","1/4/2018 10:03:03 AM EST","1/4/2018 10:03:49 AM EST","1/4/2018 10:03:35 AM EST","1/4/2018 10:03:49 AM EST","1/4/2018 10:03:49 AM EST","allan.suarez82@gmail.com"
"Please DocuSign your Bass insurance documents.-pc#AGP1220006phn#813-340-5476 SR","Completed","Watson Ragin","Completed","1/4/2018 9:22:26 AM EST","1/5/2018 4:56:05 PM EST","1/4/2018 4:12:31 PM EST","1/5/2018 4:56:06 PM EST","1/5/2018 4:56:05 PM EST","Watson.ragin@gmail.com"
"Please DocuSign Cancellation request form.-(863)697-6198| 00706005 MO","Completed","Travis Vonderau","Completed","1/4/2018 9:16:53 AM EST","1/8/2018 6:16:58 PM EST","1/8/2018 6:16:38 PM EST","1/8/2018 6:18:09 PM EST","1/8/2018 6:16:58 PM EST","Vannaokchb8@hotmail.com"
"Please DocuSign Cancellation request form.-(863)697-6198| 00706005 MO","Completed","Vanna Vonderau","Completed","1/4/2018 9:16:53 AM EST","1/8/2018 6:18:08 PM EST","1/8/2018 6:17:49 PM EST","1/8/2018 6:18:09 PM EST","1/8/2018 6:18:08 PM EST","Vannaokchb8@hotmail.com"
"Please DocuSign your Bass insurance documents.-(561)302-5128| 00711943 |SR","Delivered","Hayes Henson","Delivered","1/4/2018 9:15:11 AM EST","","1/5/2018 10:10:32 AM EST","","","hayesh9@yahoo.com"
"Please DocuSign: CLH-0006821 Inspection Letter.| 00699498 | (561)542-2866 LR","Sent","Mora Newman","Sent","1/4/2018 9:08:25 AM EST","","","","","newmanmora@aol.com"
"Please DocuSign your UPCIC insurance documents.-(850)207-9146| 00713329 |MO LR","Sent","Charles Bonifay","Sent","1/4/2018 8:57:56 AM EST","","","","","fergiexoxo11@gmail.com"
"Please DocuSign your UPCIC insurance documents.-(850)207-9146| 00713329 |MO LR","Sent","Mary Bonifay","Completed","1/4/2018 8:57:57 AM EST","1/6/2018 10:06:30 PM EST","1/6/2018 9:59:40 PM EST","","1/6/2018 10:06:30 PM EST","fergiexoxo11@gmail.com"
"Please DocuSign Cancellation request form.-(321)961-9496| 00683575 | MO","Completed","Margaret Acra","Completed","1/4/2018 8:33:39 AM EST","1/4/2018 9:09:43 AM EST","1/4/2018 9:08:46 AM EST","1/4/2018 9:09:43 AM EST","1/4/2018 9:09:43 AM EST","margaretacra@yahoo.com"
"Please DocuSign your AllRisk insurance documents.-(561)398-6330| 00235213 |KC","Completed","Calenh Walsh","Completed","1/3/2018 5:00:43 PM EST","1/5/2018 1:50:10 PM EST","1/5/2018 1:40:56 PM EST","1/5/2018 1:50:10 PM EST","1/5/2018 1:50:10 PM EST","Walsh220@hotmail.com"
"Please DocuSign your AllRisk & Geovera insurance documents.-(305)253-4288| 00426037 | MO KC","Sent","Errol Campbell","Sent","1/3/2018 4:36:04 PM EST","","","","","Tonypuff@att.net"
"Please DocuSign: FLH-0007197 Inspection Letter (786)868-7550| 00708760 |SR","Completed","THOMAS ALLEN","Completed","1/3/2018 4:10:41 PM EST","1/3/2018 5:28:31 PM EST","1/3/2018 5:27:08 PM EST","1/3/2018 5:28:32 PM EST","1/3/2018 5:28:31 PM EST","acookyes@yahoo.com"
"Please DocuSign: FLH-0007139 Inspection Letter.(305)790-4492| 00707726 | LR","Completed","Maxy Pierre","Completed","1/3/2018 3:47:42 PM EST","1/4/2018 6:03:41 PM EST","1/3/2018 4:20:12 PM EST","1/4/2018 6:03:42 PM EST","1/4/2018 6:03:41 PM EST","maxypierremp@gmail.com"
"Please DocuSign Cancellation request form.--(954)328-3455| 00715853 | MO","Completed","Rochelle Mitchell","Completed","1/3/2018 3:43:32 PM EST","1/3/2018 8:46:45 PM EST","1/3/2018 4:18:08 PM EST","1/3/2018 8:46:46 PM EST","1/3/2018 8:46:45 PM EST","i_shell8@hotmail.com"
"Updated: Please DocuSign your Allrisk insurance documents.-(954)673-6163| 00712074 |SR","Completed","NANCY SERRANO","Completed","1/3/2018 3:19:18 PM EST","1/3/2018 4:16:27 PM EST","1/3/2018 4:15:01 PM EST","1/3/2018 4:16:27 PM EST","1/3/2018 4:16:27 PM EST","nancyserrano@bellsouth.net"
"Please DocuSign Cancellation request form.-(561)225-1557| 00385665 | MO","Completed","ROGER Kinney","Completed","1/3/2018 3:07:12 PM EST","1/3/2018 6:08:23 PM EST","1/3/2018 6:06:55 PM EST","1/3/2018 6:10:17 PM EST","1/3/2018 6:08:23 PM EST","akinney235@att.net"
"Please DocuSign Cancellation request form.-(561)225-1557| 00385665 | MO","Completed","Anna  Kinney","Completed","1/3/2018 3:07:12 PM EST","1/3/2018 6:10:16 PM EST","1/3/2018 6:09:11 PM EST","1/3/2018 6:10:17 PM EST","1/3/2018 6:10:16 PM EST","akinney235@att.net"
"Please DocuSign your UPCIC insurance documents.-(772)999-2145 | 00716001 | AG","Voided","LISA WALKER","Sent","1/3/2018 2:58:21 PM EST","","","1/9/2018 10:10:44 AM EST","","lisawalker0251@gmail.com"
"Please DocuSign your UPCIC insurance documents.-(772)999-2145 | 00716001 | AG","Voided","JOHN A WALKER","Sent","1/3/2018 2:58:21 PM EST","","","1/9/2018 10:10:44 AM EST","","lisawalker0251@gmail.com"
"Please DocuSign your AllRisk and ASI insurance documents.-phn#754-422-9657qt#3238033 SR SP","Completed","Elizabeth Hart","Completed","1/3/2018 1:53:09 PM EST","1/3/2018 1:56:23 PM EST","1/3/2018 1:54:12 PM EST","1/3/2018 1:56:23 PM EST","1/3/2018 1:56:23 PM EST","ehart33026@yahoo.com"
"Please DocuSign your UPCIC insurance documents.-(905)399-1392 | 00715095 | AG","Completed","Dany Labonte","Completed","1/3/2018 1:21:01 PM EST","1/4/2018 3:00:47 PM EST","1/4/2018 3:00:15 PM EST","1/4/2018 3:03:31 PM EST","1/4/2018 3:00:47 PM EST","jeff57us@gmail.com"
"Please DocuSign your UPCIC insurance documents.-(905)399-1392 | 00715095 | AG","Completed","Jeff Maddox","Completed","1/3/2018 1:21:00 PM EST","1/4/2018 3:03:31 PM EST","1/3/2018 3:01:03 PM EST","1/4/2018 3:03:31 PM EST","1/4/2018 3:03:31 PM EST","jeff57us@gmail.com"
"corrected: Please DocuSign your UPCIC insurance documents.-(863)660-9613 | 00715764 |AG","Completed","Kolby J Nance","Completed","1/3/2018 1:10:34 PM EST","1/7/2018 5:13:49 PM EST","1/5/2018 8:59:44 AM EST","1/8/2018 10:21:53 AM EST","1/7/2018 5:13:49 PM EST","kolbyjnance@gmail.com"
"corrected: Please DocuSign your UPCIC insurance documents.-(863)660-9613 | 00715764 |AG","Completed","Megan R Nance","Completed","1/3/2018 1:10:35 PM EST","1/8/2018 10:21:53 AM EST","1/7/2018 5:09:45 PM EST","1/8/2018 10:21:53 AM EST","1/8/2018 10:21:53 AM EST","kolbyjnance@gmail.com"
"Please DocuSign your AllRisk insurance documents.-(954)448-2178| 00715857 |MO KC","Sent","Wanda Riley","Sent","1/3/2018 12:48:36 PM EST","","","","","panther1250@gmail.com"
"Please DocuSign your AllRisk insurance documents.-(954)448-2178| 00715857 |MO KC","Sent","Curtis Riley","Completed","1/3/2018 12:48:36 PM EST","1/8/2018 10:49:26 AM EST","1/8/2018 10:46:47 AM EST","","1/8/2018 10:49:26 AM EST","panther1250@gmail.com"
"Please DocuSign your new ASI insurance application.-(305)972-4900 | 00659014 | LR MO","Completed","Ines Santana","Completed","1/3/2018 12:34:37 PM EST","1/3/2018 1:12:38 PM EST","1/3/2018 1:05:30 PM EST","1/3/2018 1:12:39 PM EST","1/3/2018 1:12:38 PM EST","s.mulata@yahoo.com"
"Please DocuSign your Peolple's Trust insurance documents.-(561)306-2606| 00709412 | SB","Completed","Jason Moan","Completed","1/3/2018 12:05:56 PM EST","1/3/2018 12:29:40 PM EST","1/3/2018 12:29:16 PM EST","1/3/2018 12:29:40 PM EST","1/3/2018 12:29:40 PM EST","jasonmoan@gmail.com"
"Please DocuSign your ICAT insurance documents.-(954)328-3455| 00715853 | KC","Completed","Rochelle Mitchell","Completed","1/3/2018 10:27:26 AM EST","1/3/2018 10:54:15 AM EST","1/3/2018 10:51:50 AM EST","1/3/2018 10:54:15 AM EST","1/3/2018 10:54:15 AM EST","i_shell8@hotmail.com"
"Please DocuSign your allrisk insurance documents.-(347)282-4168| 00715884 |  SR","Sent","Mara Cordal","Sent","1/3/2018 10:19:06 AM EST","","","","","cordalmarar@gmail.com"
"Please DocuSign your Aspen insurance documents.-(305)510-7355 | 00715905 | SR","Completed","Cristina T. Alvarez","Completed","1/3/2018 10:15:51 AM EST","1/5/2018 12:48:29 PM EST","1/5/2018 12:42:03 PM EST","1/5/2018 12:48:29 PM EST","1/5/2018 12:48:29 PM EST","cristyalvarez@aol.com"
"Please DocuSign Cancellation request form.-(832)730-2854| 00427635 | KG","Completed","KRISTIAN CARLSON","Completed","1/3/2018 10:00:47 AM EST","1/3/2018 10:36:04 AM EST","1/3/2018 10:35:47 AM EST","1/3/2018 10:36:05 AM EST","1/3/2018 10:36:04 AM EST","kcarlson@lcgdiscovery.com"
"Please DocuSign your AllRisk insurance documents.-(727)224-7972| 00715847 | LR","Completed","Michael Hudgins","Completed","1/2/2018 5:01:33 PM EST","1/3/2018 7:50:19 AM EST","1/2/2018 6:28:30 PM EST","1/3/2018 7:50:19 AM EST","1/3/2018 7:50:19 AM EST","mike.hudgins@aol.com"
"Corrected: Please DocuSign your Wind Mitigation inspection(561)373-3321 | 00510088 | PR","Completed","Mary Louise Stoney","Completed","1/2/2018 4:55:39 PM EST","1/3/2018 11:25:22 AM EST","1/2/2018 5:14:06 PM EST","1/3/2018 11:25:22 AM EST","1/3/2018 11:25:22 AM EST","louise.stoney@gmail.com"
"Please DocuSign your Wind Mitigation inspection.(954)560-9598| 00701838 |SB","Completed","Jundel Abel","Completed","1/2/2018 4:47:05 PM EST","1/2/2018 6:04:13 PM EST","1/2/2018 5:50:25 PM EST","1/2/2018 6:04:13 PM EST","1/2/2018 6:04:13 PM EST","AJABEL78@GMAIL.COM"
"Please DocuSign your UPC insurance documents.-(954)296-0049 | 00715768 |KC","Completed","Anthony Williams","Completed","1/2/2018 4:42:57 PM EST","1/2/2018 5:44:55 PM EST","1/2/2018 5:33:43 PM EST","1/2/2018 5:51:51 PM EST","1/2/2018 5:44:55 PM EST","walkertl3@hotmail.com"
"Please DocuSign your UPC insurance documents.-(954)296-0049 | 00715768 |KC","Completed","Tenesha Williams","Completed","1/2/2018 4:42:57 PM EST","1/2/2018 5:51:51 PM EST","1/2/2018 5:45:26 PM EST","1/2/2018 5:51:51 PM EST","1/2/2018 5:51:51 PM EST","walkertl3@hotmail.com"
"New: Please DocuSign this policy change request.-(281)851-8774 | 00555440 |SR","Completed","Ed Hamala","Completed","1/2/2018 4:06:16 PM EST","1/2/2018 4:12:24 PM EST","1/2/2018 4:11:53 PM EST","1/2/2018 4:12:24 PM EST","1/2/2018 4:12:24 PM EST","ewh579@gmail.com"
"Please DocuSign your UPCIC insurance documents.-(786)355-9165| 00715785 |","Completed","Mona Remilien","Completed","1/2/2018 3:58:13 PM EST","1/3/2018 11:55:22 AM EST","1/3/2018 9:08:37 AM EST","1/3/2018 11:55:22 AM EST","1/3/2018 11:55:22 AM EST","mremilien@aol.com"
"Please DocuSign your ASI insurance documents.-(407)496-0751 | 00513677 | MO AG","Completed","Salma Kausar","Completed","1/2/2018 3:38:04 PM EST","1/2/2018 4:04:08 PM EST","1/2/2018 3:59:48 PM EST","1/2/2018 4:05:25 PM EST","1/2/2018 4:04:08 PM EST","salmakausar786@yahoo.com"
"Please DocuSign your ASI insurance documents.-(407)496-0751 | 00513677 | MO AG","Completed","Nasir Iqbal","Completed","1/2/2018 3:38:04 PM EST","1/2/2018 4:05:25 PM EST","1/2/2018 4:01:46 PM EST","1/2/2018 4:05:25 PM EST","1/2/2018 4:05:25 PM EST","salmakausar786@yahoo.com"
"Please DocuSign your florida Specialty insurance documents.-(631)764-1316| 00582290 | LR","Completed","Lawrence Burke","Completed","1/2/2018 3:19:31 PM EST","1/2/2018 7:13:58 PM EST","1/2/2018 7:08:08 PM EST","1/2/2018 7:22:27 PM EST","1/2/2018 7:13:58 PM EST","adayofgolf@aol.com"
"Please DocuSign your florida Specialty insurance documents.-(631)764-1316| 00582290 | LR","Completed","Karen Becker","Completed","1/2/2018 3:19:31 PM EST","1/2/2018 7:22:26 PM EST","1/2/2018 7:21:34 PM EST","1/2/2018 7:22:27 PM EST","1/2/2018 7:22:26 PM EST","adayofgolf@aol.com"
"Please DocuSign your Progressive insurance documents.-(561)271-2677| 00715775 |  MClinton","Sent","LAURA WHITE","Sent","1/2/2018 2:31:16 PM EST","","","","","laurawonluv2@aol.com"
"Please DocuSign your UPC insurance documents.-(516)477-7242 | 00714678 | LR","Completed","Salvatore Valentinetti","Completed","1/2/2018 1:55:05 PM EST","1/2/2018 2:19:57 PM EST","1/2/2018 2:18:18 PM EST","1/2/2018 2:19:58 PM EST","1/2/2018 2:19:57 PM EST","ana@uniqueelementsrealty.com"
"Please DocuSign your UPCIC insurance documents.-(386)792-3784| 00714520 | LR","Completed","Matthew Armstead","Completed","1/2/2018 1:50:20 PM EST","1/3/2018 10:34:46 AM EST","1/3/2018 10:31:13 AM EST","1/3/2018 10:36:57 AM EST","1/3/2018 10:34:46 AM EST","MattArmstead58@yahoo.com"
"Please DocuSign your UPCIC insurance documents.-(386)792-3784| 00714520 | LR","Completed","Frances Armstead","Completed","1/2/2018 1:50:20 PM EST","1/3/2018 10:36:57 AM EST","1/3/2018 10:35:44 AM EST","1/3/2018 10:36:57 AM EST","1/3/2018 10:36:57 AM EST","MattArmstead58@yahoo.com"
"Please DocuSign your new flood wright insurance application.-(305)793-9867 | 00714249 |LR","Delivered","WALLY PROENZA","Delivered","1/2/2018 1:05:18 PM EST","","1/2/2018 1:06:00 PM EST","","","wproenzaa@gmail.com"
"Please DocuSign your Tower Hill insurance documents.-(561)644-8640| 00547214 |LR","Sent","Elizabeth Bennett","Sent","1/2/2018 1:04:34 PM EST","","","","","dreamdesign@comcast.net"
"Please DocuSign your UPC insurance documents.| 00708636 |ph#321-799-2953 LR MO","Sent","Susan Pelakh","Sent","1/2/2018 1:02:58 PM EST","","","","","pelakh@yahoo.com"
"Please DocuSign your UPC insurance documents.| 00708636 |ph#321-799-2953 LR MO","Sent","Boris Pelakh","Sent","1/2/2018 1:02:58 PM EST","","","","","pelakh@yahoo.com"
"Corrected: Please DocuSign your UPC insurance documents.-phn#561-307-4300| 00715767 | AG","Sent","Clarence D Williams","Sent","1/2/2018 12:58:39 PM EST","","","","","dwilliamsc@hotmail.com"
"Please DocuSign your UPC insurance documents.-phn#603455-3576pc#UHF1652818 LL","Completed","Janet Hanson","Completed","1/2/2018 12:50:28 PM EST","1/2/2018 4:55:52 PM EST","1/2/2018 4:41:32 PM EST","1/2/2018 4:58:46 PM EST","1/2/2018 4:55:52 PM EST","benfranklin3812@hotmail.com"
"Please DocuSign your UPC insurance documents.-phn#603455-3576pc#UHF1652818 LL","Completed","Linda Hanson","Completed","1/2/2018 12:50:28 PM EST","1/2/2018 4:58:46 PM EST","1/2/2018 4:57:53 PM EST","1/2/2018 4:58:46 PM EST","1/2/2018 4:58:46 PM EST","benfranklin3812@hotmail.com"
"Please DocuSign your AlRisk insurance documents.-(631)728-5530 | 00709183 |KDurham","Completed","KATHLEEN DESANTI","Completed","1/2/2018 11:53:40 AM EST","1/2/2018 1:42:53 PM EST","1/2/2018 1:40:42 PM EST","1/2/2018 1:42:54 PM EST","1/2/2018 1:42:53 PM EST","K728ASEY@AOL.COM"
"Please DocuSign your one time eCheck ACH payment authorization-(443)632-8282| 00521618 | KC","Voided","Linda Ruth","Sent","1/2/2018 11:22:07 AM EST","","","1/3/2018 9:08:43 AM EST","","lindaaruth47@comcast.net"
"Please DocuSign your UPCIC insurance documents.-(786)556-2627| 00711396 | SB","Completed","Judith M Prophete","Completed","1/2/2018 9:32:09 AM EST","1/3/2018 12:52:36 PM EST","1/2/2018 10:54:09 AM EST","1/3/2018 12:53:32 PM EST","1/3/2018 12:52:36 PM EST","jprophete@gmail.com"
"Please DocuSign your UPCIC insurance documents.-(786)556-2627| 00711396 | SB","Completed","Esther Prophete","Completed","1/2/2018 9:32:10 AM EST","1/3/2018 12:53:32 PM EST","1/3/2018 12:53:10 PM EST","1/3/2018 12:53:32 PM EST","1/3/2018 12:53:32 PM EST","jprophete@gmail.com"