"Subject","Status","Recipient Name","Action","Sent On","Completed On","View Date","Status Changed Date","Sign Date","Recipient Email"
"Please DocuSign your Safeco insurance documents.-(908)377-7128| 00476667 | LL","Completed","Joshua Wisnowski","Completed","3/2/2018 6:00:49 PM EST","3/3/2018 10:36:40 AM EST","3/2/2018 11:38:49 PM EST","3/3/2018 10:36:40 AM EST","3/3/2018 10:36:40 AM EST","loribethcarnot@gmail.com"
"Please DocuSign your CPIC insurance documents.-(469)831-7534 | 00728506 | LR MO","Completed","Kenneth Mayon","Completed","3/2/2018 5:50:54 PM EST","3/2/2018 7:39:26 PM EST","3/2/2018 7:38:32 PM EST","3/2/2018 7:43:30 PM EST","3/2/2018 7:39:26 PM EST","Kmayon72@yahoo.com"
"Please DocuSign your CPIC insurance documents.-(469)831-7534 | 00728506 | LR MO","Completed","KARI M MAYON","Completed","3/2/2018 5:50:54 PM EST","3/2/2018 7:43:30 PM EST","3/2/2018 7:42:52 PM EST","3/2/2018 7:43:30 PM EST","3/2/2018 7:43:30 PM EST","Kmayon72@yahoo.com"
"Please DocuSign your AllRisk insurance documents","Sent","Suei Yeun Lien","AutoResponded","3/2/2018 5:31:31 PM EST","","","","","edo26sushi@yahoo.com"
"Please DocuSign Cancellation request form.-(702)281-2941 | 00706248 |MO","Completed","Evelyne Butler","Completed","3/2/2018 5:22:39 PM EST","3/4/2018 11:46:08 AM EST","3/4/2018 11:45:27 AM EST","3/4/2018 11:47:01 AM EST","3/4/2018 11:46:08 AM EST","vhguillemette@gmail.com"
"Please DocuSign Cancellation request form.-(702)281-2941 | 00706248 |MO","Completed","Virginie Dalby","Completed","3/2/2018 5:22:39 PM EST","3/4/2018 11:47:01 AM EST","3/4/2018 11:46:41 AM EST","3/4/2018 11:47:01 AM EST","3/4/2018 11:47:01 AM EST","vhguillemette@gmail.com"
"Please DocuSign Cancellation request form.-(561)309-1364 | 00280147 | MO","Completed","Bryan Janney","Completed","3/2/2018 5:16:57 PM EST","3/2/2018 5:38:04 PM EST","3/2/2018 5:34:57 PM EST","3/2/2018 5:39:19 PM EST","3/2/2018 5:38:04 PM EST","janneyb@bellsouth.net"
"Please DocuSign Cancellation request form.-(561)309-1364 | 00280147 | MO","Completed","Randy Green","Completed","3/2/2018 5:16:57 PM EST","3/2/2018 5:39:19 PM EST","3/2/2018 5:38:32 PM EST","3/2/2018 5:39:19 PM EST","3/2/2018 5:39:19 PM EST","janneyb@bellsouth.net"
"Please DocuSign Cancellation request form.-(954)829-4858| 00722688 | MO","Sent","CHRISTHOPHER SIMMONS","Sent","3/2/2018 5:00:44 PM EST","","","","","penfowl@aol.com"
"Please DocuSign Cancellation request form.-(954)829-4858| 00722688 | MO","Sent","DONNA SIMMONS","Sent","3/2/2018 5:00:44 PM EST","","","","","penfowl@aol.com"
"Please DocuSign this policy change request.-(703)623-1551| 00728201 |SB","Completed","Kenneth Brand","Completed","3/2/2018 4:52:44 PM EST","3/2/2018 5:47:16 PM EST","3/2/2018 5:46:59 PM EST","3/2/2018 5:47:16 PM EST","3/2/2018 5:47:16 PM EST","krbrand@gmail.com"
"Please DocuSign your UPC insurance documents.-(904)553-7588 | 00712925 | LR","Completed","SARAH SAMMANTHA LAMFERS","Completed","3/2/2018 4:44:01 PM EST","3/2/2018 5:45:21 PM EST","3/2/2018 5:43:54 PM EST","3/2/2018 5:48:05 PM EST","3/2/2018 5:45:21 PM EST","rabindranath13@gmail.com"
"Please DocuSign your UPC insurance documents.-(904)553-7588 | 00712925 | LR","Completed","ARDELLE JAMES LAMFERS","Completed","3/2/2018 4:44:01 PM EST","3/2/2018 5:48:05 PM EST","3/2/2018 5:46:43 PM EST","3/2/2018 5:48:05 PM EST","3/2/2018 5:48:05 PM EST","rabindranath13@gmail.com"
"Please DocuSign Cancellation request form. (352)207-6128 | 00723848 | MO","Delivered","GIELBEDA, ALEIDA S","Delivered","3/2/2018 4:38:22 PM EST","","3/2/2018 5:54:50 PM EST","","","giel1231@gmail.com"
"Please DocuSign Cancellation request form. (352)207-6128 | 00723848 | MO","Delivered","ONEILL, MIRIAM","Delivered","3/2/2018 4:38:22 PM EST","","3/4/2018 5:23:55 AM EST","","","giel1231@gmail.com"
"Please DocuSign your Bass insurance documents.-(941)743-5758| 00728738 |AG","Completed","William Harshaw","Completed","3/2/2018 4:01:51 PM EST","3/2/2018 4:11:19 PM EST","3/2/2018 4:09:12 PM EST","3/2/2018 4:11:19 PM EST","3/2/2018 4:11:19 PM EST","Wharshaw51@gmail.com"
"Please DocuSign Cancellation request form.-(850)494-9944 | 00726511 | MO","Sent","STEVEN M DEOLA","Sent","3/2/2018 3:53:01 PM EST","","","","","hurishield@cox.net"
"Please DocuSign Cancellation request form.-(850)494-9944 | 00726511 | MO","Sent","SUSAN DEOLA","Sent","3/2/2018 3:53:01 PM EST","","","","","hurishield@cox.net"
"Please DocuSign your Lexington insurance documents.-phn#561-306-0735pc#Q2228279BB SR","Completed","Anna Bierstock","Completed","3/2/2018 3:29:51 PM EST","3/2/2018 3:48:03 PM EST","3/2/2018 3:46:22 PM EST","3/2/2018 3:54:33 PM EST","3/2/2018 3:48:03 PM EST","sam.bierstock@gmail.com"
"Please DocuSign your Lexington insurance documents.-phn#561-306-0735pc#Q2228279BB SR","Completed","Samuel Bierstock","Completed","3/2/2018 3:29:51 PM EST","3/2/2018 3:54:33 PM EST","3/2/2018 3:48:45 PM EST","3/2/2018 3:54:33 PM EST","3/2/2018 3:54:33 PM EST","sam.bierstock@gmail.com"
"Please DocuSign your Bass insurance documents.-(941)743-5758| 00728738 |AG","Completed","Samuel Bierstock","Completed","3/2/2018 3:11:49 PM EST","3/2/2018 3:24:41 PM EST","3/2/2018 3:21:30 PM EST","3/2/2018 3:24:41 PM EST","3/2/2018 3:24:41 PM EST","Wharshaw51@gmail.com"
"Please DocuSign your St.Johns insurance documents.-(787)677-8088| 00728594 | SB","Completed","Orangel Morales","Completed","3/2/2018 2:54:59 PM EST","3/4/2018 10:26:20 AM EST","3/4/2018 10:24:55 AM EST","3/4/2018 10:26:20 AM EST","3/4/2018 10:26:20 AM EST","ojmorales1@hotmail.com"
"Please DocuSign your UPCIC insurance documents.-(786)498-9462 | 00728404 |AG","Completed","Carlos Batista","Completed","3/2/2018 2:49:21 PM EST","3/2/2018 2:57:05 PM EST","3/2/2018 2:55:15 PM EST","3/2/2018 2:57:05 PM EST","3/2/2018 2:57:05 PM EST","HLHCarlos@gmail.com"
"Please DocuSign your Cancellation request form.-(813)500-7459| 00722175 |MO","Sent","Juan C Perez","Sent","3/2/2018 2:33:48 PM EST","","","","","Jcjuanca14@yahoo.com"
"Corrected:Please DocuSign your UPCIC insurance documents.-(978)807-6959 | 00727745 | AG","Delivered","Michael Broomfield","Delivered","3/2/2018 1:46:21 PM EST","","3/2/2018 1:49:37 PM EST","","","mbandreamgt@Yahoo.com"
"Please DocuSign Cancellation request form.-(407)921-4072| 00727557 | MO","Completed","Thomas Jojo","Completed","3/2/2018 1:33:07 PM EST","3/2/2018 11:01:35 PM EST","3/2/2018 11:01:11 PM EST","3/2/2018 11:01:35 PM EST","3/2/2018 11:01:35 PM EST","jojothomas11@gmail.com"
"Please DocuSign Cancellation request form.- (786)547-7865 | 00722065 | MO","Sent","Delton Melon","Sent","3/2/2018 1:20:14 PM EST","","","","","moleon32@hotmail.com"
"Please DocuSign Skipjack Premium Finance form KC Manny","Sent","Rhonda James","AutoResponded","3/2/2018 12:39:51 PM EST","","","","","rhondadj@dadeschools.net"
"Please DocuSign your home insurance documents.-(586)854-5216 | 00728395 | SR BB","Completed","Edward Gantzer","Completed","3/2/2018 12:03:35 PM EST","3/2/2018 12:06:03 PM EST","3/2/2018 12:04:31 PM EST","3/2/2018 12:06:03 PM EST","3/2/2018 12:06:03 PM EST","egantzer@yahoo.com"
"Please DocuSign: FLH-0007457 Inspection Letter.(772)444-0005 | 00714480 | LR","Sent","Lefebvre, Nancy","Sent","3/2/2018 11:54:37 AM EST","","","","","nancylefebvre1@gmail.com"
"Please DocuSign FLH0007459 inspection letter. (407)575-9522| 00709515 | SR","Completed","Aungst, John","Completed","3/2/2018 11:05:34 AM EST","3/4/2018 3:41:36 AM EST","3/4/2018 3:39:59 AM EST","3/4/2018 3:41:36 AM EST","3/4/2018 3:41:36 AM EST","philaungst0509@gmail.com"
"Please DocuSign HVH-0001613 inspection letter. (954)328-9749 | 00714346 | LR","Sent","Jeri Ginsberg","Sent","3/2/2018 10:52:00 AM EST","","","","","pandjginsberg@comcast.net"
"Please DocuSign your Prepared insurance documents.-(786)271-5996| 00728471 | LR","Delivered","Daniel Hoffman","Delivered","3/2/2018 9:52:29 AM EST","","3/3/2018 7:55:49 PM EST","","","danielevy86@gmail.com"
"Please DocuSign your Federated National insurance documents.- (954)552-5084  | 00728457 | SB","Completed","Guillermo Reyes","Completed","3/2/2018 9:27:10 AM EST","3/2/2018 11:32:10 AM EST","3/2/2018 11:05:28 AM EST","3/2/2018 11:34:00 AM EST","3/2/2018 11:32:10 AM EST","memo_84@msn.com"
"Please DocuSign your Federated National insurance documents.- (954)552-5084  | 00728457 | SB","Completed","Grace Reyes","Completed","3/2/2018 9:27:10 AM EST","3/2/2018 11:34:00 AM EST","3/2/2018 11:33:04 AM EST","3/2/2018 11:34:00 AM EST","3/2/2018 11:34:00 AM EST","memo_84@msn.com"
"Please DocuSign your safeco insurance documents.-pc#F3346766 LL Maria","Completed","Amy Lahr","Completed","3/1/2018 4:32:42 PM EST","3/1/2018 6:14:50 PM EST","3/1/2018 6:12:25 PM EST","3/1/2018 6:14:50 PM EST","3/1/2018 6:14:50 PM EST","email@kevinlahr.com"
"Please DocuSign CLF-0004185 Inspection Letter.(256)476-1942| 00709169 | LR SR","Completed","Benny Poole","Completed","3/1/2018 3:53:14 PM EST","3/2/2018 4:57:54 AM EST","3/2/2018 4:56:01 AM EST","3/2/2018 4:57:54 AM EST","3/2/2018 4:57:54 AM EST","poolebh@gmail.com"
"Please DocuSign this agent of record form.-(386)935-4808 | 00719574 | KC DB","Completed","Arlene Hedgespeth","Completed","3/1/2018 3:42:51 PM EST","3/2/2018 6:39:07 AM EST","3/2/2018 6:38:16 AM EST","3/2/2018 6:39:07 AM EST","3/2/2018 6:39:07 AM EST","shortstuffarlene@yahoo.com"
"Please DocuSign this agent of record form.-Phn#786-218-6110Pc# HCPC-HO3-306772-8 DB DR","Sent","Jacob Liro","Sent","3/1/2018 3:30:56 PM EST","","","","","amyliro@yahoo.com"
"Please DocuSign your Wright Flood insurance documents.-(561)452-4744 | 00715418 | LR","Completed","Sherilynne Luther","Completed","3/1/2018 2:28:08 PM EST","3/1/2018 3:20:25 PM EST","3/1/2018 3:17:26 PM EST","3/1/2018 3:20:25 PM EST","3/1/2018 3:20:25 PM EST","sherilynneluther@yahoo.com"
"Please DocuSign your American Strategic insurance documents.-(561)889-4342 | 00728342 | LR","Sent","Marvine Dessalines","Sent","3/1/2018 2:14:28 PM EST","","","","","MARVINEDESSALINES@YAHOO.COM"
"Please DocuSign your new ASI flood insurance application.-(561)333-2215| 00359488 | LL LR","Completed","Leonard Dutil","Completed","3/1/2018 2:02:37 PM EST","3/1/2018 2:17:13 PM EST","3/1/2018 2:15:41 PM EST","3/1/2018 2:17:13 PM EST","3/1/2018 2:17:13 PM EST","chasrat3@yahoo.com"
"Please DocuSign your Allrisks insurance documents.-(619)654-1741| 00728333 | SR  Kory","Completed","Mark Sankowski","Completed","3/1/2018 1:52:18 PM EST","3/1/2018 2:29:16 PM EST","3/1/2018 2:26:44 PM EST","3/1/2018 2:29:16 PM EST","3/1/2018 2:29:16 PM EST","ljyaker@yahoo.com"
"corrected:Please DocuSign your UPCIC insurance documents.- (561)207-1222| 00728326 | AG","Completed","Valer Devuyst","Completed","3/1/2018 1:38:40 PM EST","3/1/2018 4:47:37 PM EST","3/1/2018 1:39:16 PM EST","3/1/2018 4:47:37 PM EST","3/1/2018 4:47:37 PM EST","depd35@yahoo.com"
": Please DocuSign your Florida Peninsula insurance documents.-(913)235-9942 | 00728318 | SB","Completed","Kevin Johnson","Completed","3/1/2018 12:35:24 PM EST","3/2/2018 4:37:05 PM EST","3/1/2018 1:16:54 PM EST","3/2/2018 4:37:05 PM EST","3/2/2018 4:37:05 PM EST","kjohnson5535@gmail.com"
"Please DocuSign your Foremost insurance documents.-(561)618-2440 | 00723998 | LL","Completed","Sterlette Searcy","Completed","3/1/2018 12:17:26 PM EST","3/2/2018 7:10:38 AM EST","3/2/2018 7:08:17 AM EST","3/2/2018 7:10:38 AM EST","3/2/2018 7:10:38 AM EST","sstarsearcy@gmail.com"
"Please DocuSign your CP insurance documents.-(954)696-3921| 00728089 | LR","Sent","ARTURO R OLIVARES","Sent","3/1/2018 11:40:41 AM EST","","","","","arturo.olivares1@gmail.com"
"Please DocuSign your UPCIC insurance documents.-(305)219-0993 | 00728076 | AG","Completed","Lenny Rivera","Completed","3/1/2018 11:31:18 AM EST","3/1/2018 12:12:16 PM EST","3/1/2018 11:42:37 AM EST","3/1/2018 12:12:16 PM EST","3/1/2018 12:12:16 PM EST","L26JYD@gmail.com"
"Please DocuSign your TH insurance documents.-(603)387-7770| 00728064 |SB","Completed","Phyllis P Whitney","Completed","3/1/2018 11:24:25 AM EST","3/1/2018 2:43:33 PM EST","3/1/2018 11:29:16 AM EST","3/1/2018 2:55:22 PM EST","3/1/2018 2:43:33 PM EST","pwhitney09@gmail.com"
"Please DocuSign your TH insurance documents.-(603)387-7770| 00728064 |SB","Completed","Paul Whitney","Completed","3/1/2018 11:24:25 AM EST","3/1/2018 2:55:22 PM EST","3/1/2018 11:26:41 AM EST","3/1/2018 2:55:22 PM EST","3/1/2018 2:55:22 PM EST","pwhitney09@gmail.com"
"Please DocuSign your Allrisk insurance documents.-(305)491-1976| 00727989 | AG KristenD","Completed","Ailene Pelobello","Completed","3/1/2018 11:01:16 AM EST","3/1/2018 9:34:39 PM EST","3/1/2018 3:02:50 PM EST","3/1/2018 9:34:39 PM EST","3/1/2018 9:34:39 PM EST","aileneap@yahoo.com"
"Please DocuSign your UPC insurance documents.-(407)607-2781| 00727959 | LR","Completed","Rhea Vallas","Completed","3/1/2018 10:55:00 AM EST","3/1/2018 12:05:14 PM EST","3/1/2018 11:56:11 AM EST","3/1/2018 12:05:14 PM EST","3/1/2018 12:05:14 PM EST","matita_carballo@yahoo.com"
"Please DocuSign your Souther Oak insurance documents.-(954)488-0201| 00727915 | SB","Completed","Kimberly Burgess","Completed","3/1/2018 10:38:42 AM EST","3/1/2018 4:15:13 PM EST","3/1/2018 11:28:19 AM EST","3/1/2018 4:15:13 PM EST","3/1/2018 4:15:13 PM EST","kimaburgess@aol.com"
"Please DocuSign your UPCIC insurance documents.-(727)647-7149 | 00579111 |AG","Completed","Cheryl Pinto","Completed","3/1/2018 10:22:06 AM EST","3/2/2018 7:59:03 AM EST","3/2/2018 7:53:04 AM EST","3/2/2018 8:01:57 AM EST","3/2/2018 7:59:03 AM EST","Vap123@tampabay.rr.com"
"Please DocuSign your UPCIC insurance documents.-(727)647-7149 | 00579111 |AG","Completed","Ventura Pinto","Completed","3/1/2018 10:22:06 AM EST","3/2/2018 8:01:57 AM EST","3/2/2018 8:01:15 AM EST","3/2/2018 8:01:57 AM EST","3/2/2018 8:01:57 AM EST","Vap123@tampabay.rr.com"
"Please DocuSign your Geovera insurance documents.-(813)373-9088 | 00727772 | SR DR","Completed","William Workman","Completed","3/1/2018 9:46:22 AM EST","3/1/2018 10:14:51 AM EST","3/1/2018 10:12:48 AM EST","3/1/2018 10:14:51 AM EST","3/1/2018 10:14:51 AM EST","surfwtw@gmail.com"
"Please DocuSign your UPCIC insurance documents.-(978)807-6959 | 00727745 |AG","Voided","Michael Broomfield","Sent","3/1/2018 9:42:53 AM EST","","","3/2/2018 3:01:08 PM EST","","johnettagoldsmith988@gmail.com"
"Please DocuSign your AllRisk insurance documents.-(813)247-7822 | 00726089 |SR","Completed","Johnette Goldsmith","Completed","3/1/2018 9:35:41 AM EST","3/3/2018 8:53:00 AM EST","3/3/2018 8:35:08 AM EST","3/3/2018 8:53:00 AM EST","3/3/2018 8:53:00 AM EST","johnettagoldsmith988@gmail.com"
"Please DocuSign your AllRisk insurance documents.-(941)219-8609| 00718486 | SR","Sent","George Mira","Sent","3/1/2018 9:35:22 AM EST","","","","","Gmira2@hotmail.com"
"Please DocuSign your AllRisk insurance documents.(321)208-7799| 00149754 | SR","Sent","Lowell Murrell","Sent","3/1/2018 9:35:08 AM EST","","","","","lmurrellwva@cfl.rr.com"
"Please DocuSign your AllRisk insurance documents.-(407)504-8004| 00723506 |SR","Sent","Wanda Anderson","Sent","3/1/2018 9:34:09 AM EST","","","","","Anderson.wanda@gmail.com"
"Corrected:Please DocuSign your SeaCoast  insurance documents.-Phn#(561)469-9880| Pc#476509 | SB","Sent","Kemwattie Mahmood","Sent","3/1/2018 9:33:49 AM EST","","","","","lakeworthautotech1@yahoo.com"
"Please DocuSign your AllRisk insurance documents.-(561)929-8692 | 00726069 | SR","Sent","Marie Fleurentin","Sent","3/1/2018 9:30:44 AM EST","","","","","fwer_luxon@hotmail.com"
"Please DocuSign your Aspen insurance documents.-(973)464-9843 | 00727693 | SR DR","Completed","DONNA GRECO","Completed","3/1/2018 9:27:16 AM EST","3/2/2018 10:34:22 AM EST","3/2/2018 10:23:43 AM EST","3/2/2018 10:34:22 AM EST","3/2/2018 10:34:22 AM EST","d.greco153@icloud.com"
"Please DocuSign your Cap Pre insurance documents.-(561)767-7060| 00663861 |LR","Completed","Samantha Landi","Completed","3/1/2018 9:23:55 AM EST","3/1/2018 5:49:42 PM EST","3/1/2018 1:06:00 PM EST","3/1/2018 5:49:42 PM EST","3/1/2018 5:49:42 PM EST","Samantha.e.landi@gmail.com"
"New: Please DocuSign your AllRisk insurance documents.-(305)332-3404| 00723996 | SR DR","Completed","David West","Completed","3/1/2018 9:14:16 AM EST","3/2/2018 11:48:53 AM EST","3/1/2018 7:20:24 PM EST","3/2/2018 11:48:53 AM EST","3/2/2018 11:48:53 AM EST","dwest118@gmail.com"
"Please DocuSign your FL Specialty insurance documents.-(407)921-4072 | 00727557 |SB","Completed","JoJo Thomas","Completed","3/1/2018 9:08:30 AM EST","3/2/2018 7:04:37 AM EST","3/2/2018 7:03:14 AM EST","3/2/2018 7:04:37 AM EST","3/2/2018 7:04:37 AM EST","jojothomas11@gmail.com"
"Please DocuSign your Geovera insurance documents.-(219)629-1279 | 00691020 | SR RL","Completed","Jessica Tancos","Completed","3/1/2018 9:03:33 AM EST","3/1/2018 9:24:47 AM EST","3/1/2018 9:22:20 AM EST","3/1/2018 9:24:47 AM EST","3/1/2018 9:24:47 AM EST","Jtancos4342@yahoo.com"