"Subject","Status","Recipient Name","Action","Sent On","Completed On","View Date","Status Changed Date","Sign Date","Recipient Email"
"Please DocuSign your Velocity insurance documents.-(954)861-8232 | 00764462 | LP","Sent","Yvonne Brown","Sent","8/1/2018 4:15:17 PM EDT","","","","","yvbrown3@gmail.com"
"Please DocuSign your Velocity insurance documents.-(954)861-8232 | 00764462 | LP","Sent","Tracey Ann","Sent","8/1/2018 4:15:17 PM EDT","","","","","yvbrown3@gmail.com"
"Please DocuSign this policy change request.-(954)629-1132| 00745863 | KC","Sent","Decius Pierre Louis","Sent","8/1/2018 3:41:16 PM EDT","","","","","deciuslouis@yahoo.com"
"Please DocuSign your Wind Mitigation inspection.-(201)913-3420| 00761100  LR","Completed","Jennifer Martinez","Completed","8/1/2018 3:36:42 PM EDT","8/1/2018 3:39:27 PM EDT","8/1/2018 3:39:20 PM EDT","8/1/2018 3:39:27 PM EDT","8/1/2018 3:39:27 PM EDT","jmartinezz0301@gmail.com"
"Please DocuSign your Velocity insurance documents.-(954)639-3370| 00764499 | LP","Sent","Donett Wallace","Sent","8/1/2018 2:59:33 PM EDT","","","","","donnettangela@yahoo.com"
"Please DocuSign your Seacoast insurance documents.-(954)300-9639| 00763574 | LU","Sent","ORTAGUS, BRIAN","Sent","8/1/2018 2:36:24 PM EDT","","","","","BORTAGUS@broward.org"
"Please DocuSign your UPCIC insurance documents.-(757)816-5428| 00740512 | LR","Completed","Guy Weissmann","Completed","8/1/2018 11:20:41 AM EDT","8/1/2018 12:21:17 PM EDT","8/1/2018 12:20:39 PM EDT","8/1/2018 12:21:17 PM EDT","8/1/2018 12:21:17 PM EDT","skinnsales@gmail.com"
"Please DocuSign: IMA348865 Inspection Letter.-(850)567-4994| 00734377 | LR","Completed","Murphy, Connie","Completed","8/1/2018 11:14:01 AM EDT","8/1/2018 3:36:00 PM EDT","8/1/2018 3:35:37 PM EDT","8/1/2018 3:36:00 PM EDT","8/1/2018 3:36:00 PM EDT","7conniemurphy7@gmail.com"
"Please DocuSign: SPH-0000139 Inspection Letter.-(786)213-6358 | 00752828 |  LR","Sent","Hollaway, Viandes","Sent","8/1/2018 11:11:36 AM EDT","","","","","vcage1@att.net"
"Please DocuSign: NVH-0005135 Inspection Letter.-(305)216-8003| 00749009 | LR","Completed","Garcia, Omar","Completed","8/1/2018 11:10:33 AM EDT","8/1/2018 11:13:40 AM EDT","8/1/2018 11:11:31 AM EDT","8/1/2018 11:13:40 AM EDT","8/1/2018 11:13:40 AM EDT","ogarciamiami@gmail.com"
"Please DocuSign your Bass insurance documents.-(315)706-2149| 00745880 |  LR BB","Sent","Eliran Halliva","Sent","8/1/2018 11:03:33 AM EDT","","","","","viabellainc@gmail.com"
"Please DocuSign your Windmitigation insurance documents.-(617)957-6240| 00755283 | AG","Sent","Wayne Colahan","Sent","8/1/2018 10:25:00 AM EDT","","","","","wcolahan@wcaltd.net"
"Please DocuSign your Tapco insurance documents.-(813)867-9252| 00758914 |  LP Kory","Completed","William Hussey","Completed","8/1/2018 10:20:10 AM EDT","8/1/2018 10:21:28 AM EDT","8/1/2018 10:20:56 AM EDT","8/1/2018 10:21:28 AM EDT","8/1/2018 10:21:28 AM EDT","Bill.Hussey@bicgraphic.com"
"Please DocuSign your Bass insurance documents.-(786)213-6358| 00754965 | LP DR","Sent","Zepperine Bell","Sent","8/1/2018 9:38:16 AM EDT","","","","","vcage1@att.net"