"Subject","Status","Recipient Name","Action","Sent On","Completed On","View Date","Status Changed Date","Sign Date","Recipient Email"
"Please DocuSign: FLH-0007146  Inspection Letter.(239)440-3104 | 00705028 LR","Sent","Jeanne Saint Louis","Sent","","","","","","jeannelouis001@yahoo.com"
"Please DocuSign: CLH-0007299 Inspection Letter.-(305)763-1336| 00699217 LR","Sent","Angela I. Garcia","Sent","","","","","","garcia.angela17@yahoo.com"
"Please DocuSign Cancellation request form.-706)614-1931 | 00619912 MO","Sent","Angie Polly","Sent","","","","","","TIPTOP.ROOFING@YAHOO.COM"
"Please DocuSign Cancellation request form.-706)614-1931 | 00619912 MO","Sent","Donnie Polly","Sent","","","","","","TIPTOP.ROOFING@YAHOO.COM"
"Please DocuSign yourUPCIC insurance documents.-(954)471-4921| 00716383 | AG","Sent","Yoselin A Kawas","Delivered","","","1/4/2018 6:16:55 PM EST","","","yosekawas@gmail.com"
"Please DocuSign yourUPCIC insurance documents.-(954)471-4921| 00716383 | AG","Sent","Yajaira Kawas","Sent","","","","","","yosekawas@gmail.com"
"Please DocuSign your AllRisk insurance documents.-(352)472-5718| 00600794 | LR","Sent","Carolyn Mitchell","Sent","","","","","","dixiemach@att.net"
"Please DocuSign NAMED EXCLUDED DRIVER ELECTION form(561)271-4622 | 00114255 | MCabrera","Sent","Donald Weinberg","Sent","","","","","","Donald@crjewelers.com"
"Please DocuSign your AllRisk insurance documents.-(407)921-0855| 00572822 |SR MO","Sent","Julio Vasquez","Sent","","","","","","Vasquez.julio862@gmail.com"
"Please DocuSign your Allrisk insurance documents.-(305)216-1276| 00270914 |SR","Sent","Mack Wiggins","Sent","","","","","","mtwiggins3@yahoo.com"
"Please DocuSign this policy change request.-(561)373-3321 | 00510088  KC","Completed","Mary Louise Stoney","Completed","","1/4/2018 3:25:47 PM EST","1/4/2018 3:24:51 PM EST","1/4/2018 3:25:47 PM EST","1/4/2018 3:25:47 PM EST","louise.stoney@gmail.com"
"Please DocuSign your Geovera insurance documents.-(801)430-0699| 00716340 | SR","Sent","Steven Harris","Sent","1/4/2018 2:47:04 PM EST","","","","","whleddie@outlook.com"
"Please DocuSign this policy change request.-(954)328-3455| 00715853 KC","Voided","Rochelle Mitchell","Sent","1/4/2018 2:37:18 PM EST","","","1/4/2018 2:40:58 PM EST","","i_shell8@hotmail.com"
"Please DocuSign this agent of record form.-pc00638198#ph#561-707-5643 LL DB","Completed","Gerardo Fernandez","Completed","1/4/2018 2:30:54 PM EST","1/4/2018 3:05:42 PM EST","1/4/2018 3:04:01 PM EST","1/4/2018 3:05:42 PM EST","1/4/2018 3:05:42 PM EST","Gerardo72cuba@aol.com"
"Please DocuSign your UPCIC insurances documents.-(407)810-5297 | 00716324 | AG","Sent","Joseph Pac","Sent","1/4/2018 2:14:49 PM EST","","","","","josephgpac@gmail.com"
"Please DocuSign your UPCIC insurances documents.-(407)810-5297 | 00716324 | AG","Sent","Quaolan Shen","Sent","1/4/2018 2:14:49 PM EST","","","","","josephgpac@gmail.com"
"Please DocuSign your Bass insurance documents.-phn#813-340-7524pc#AGP1224026 SR","Completed","Carlos Velasco","Completed","1/4/2018 1:47:16 PM EST","1/4/2018 3:41:21 PM EST","1/4/2018 3:33:56 PM EST","1/4/2018 3:41:22 PM EST","1/4/2018 3:41:21 PM EST","cvelasco2010@gmail.com"
"Please DocuSign Cancellation request form.-.-phn#603455-3576 | 00715749 | MO","Completed","Janet Hanson","Completed","1/4/2018 1:06:50 PM EST","1/4/2018 1:51:19 PM EST","1/4/2018 1:50:44 PM EST","1/4/2018 1:52:15 PM EST","1/4/2018 1:51:19 PM EST","benfranklin3812@hotmail.com"
"Please DocuSign Cancellation request form.-.-phn#603455-3576 | 00715749 | MO","Completed","Linda Hanson","Completed","1/4/2018 1:06:50 PM EST","1/4/2018 1:52:15 PM EST","1/4/2018 1:47:14 PM EST","1/4/2018 1:52:15 PM EST","1/4/2018 1:52:15 PM EST","benfranklin3812@hotmail.com"
"Please DocuSign your AllRisk insurance documents.-(954)204-7273| 00457421 |SR MO","Sent","Magna Rojas","Sent","1/4/2018 11:56:17 AM EST","","","","","rojas15@aol.com"
"NEW: Please DocuSign this policy change request.--(305)989-2087| 00710273 |LL DB","Completed","Allan Robin Suarez","Completed","1/4/2018 10:03:03 AM EST","1/4/2018 10:03:49 AM EST","1/4/2018 10:03:35 AM EST","1/4/2018 10:03:49 AM EST","1/4/2018 10:03:49 AM EST","allan.suarez82@gmail.com"
"Please DocuSign your Bass insurance documents.-pc#AGP1220006phn#813-340-5476 SR","Delivered","Watson Ragin","Delivered","1/4/2018 9:22:26 AM EST","","1/4/2018 4:12:31 PM EST","","","Watson.ragin@gmail.com"
"Please DocuSign Cancellation request form.-(863)697-6198| 00706005 MO","Sent","Travis Vonderau","Sent","1/4/2018 9:16:53 AM EST","","","","","Vannaokchb8@hotmail.com"
"Please DocuSign Cancellation request form.-(863)697-6198| 00706005 MO","Sent","Vanna Vonderau","Sent","1/4/2018 9:16:53 AM EST","","","","","Vannaokchb8@hotmail.com"
"Please DocuSign your Bass insurance documents.-(561)302-5128| 00711943 |SR","Sent","Hayes Henson","Sent","1/4/2018 9:15:11 AM EST","","","","","hayesh9@yahoo.com"
"Please DocuSign: CLH-0006821 Inspection Letter.| 00699498 | (561)542-2866 LR","Sent","Mora Newman","Sent","1/4/2018 9:08:25 AM EST","","","","","newmanmora@aol.com"
"Please DocuSign your UPCIC insurance documents.-(850)207-9146| 00713329 |MO LR","Sent","Charles Bonifay","Sent","1/4/2018 8:57:56 AM EST","","","","","fergiexoxo11@gmail.com"
"Please DocuSign your UPCIC insurance documents.-(850)207-9146| 00713329 |MO LR","Sent","Mary Bonifay","Sent","1/4/2018 8:57:57 AM EST","","","","","fergiexoxo11@gmail.com"
"Please DocuSign Cancellation request form.-(321)961-9496| 00683575 | MO","Completed","Margaret Acra","Completed","1/4/2018 8:33:39 AM EST","1/4/2018 9:09:43 AM EST","1/4/2018 9:08:46 AM EST","1/4/2018 9:09:43 AM EST","1/4/2018 9:09:43 AM EST","margaretacra@yahoo.com"
"Please DocuSign your AllRisk insurance documents.-(561)398-6330| 00235213 |KC","Sent","Calenh Walsh","Sent","1/3/2018 5:00:43 PM EST","","","","","Walsh220@hotmail.com"
"Please DocuSign your AllRisk & Geovera insurance documents.-(305)253-4288| 00426037 | MO KC","Sent","Errol Campbell","Sent","1/3/2018 4:36:04 PM EST","","","","","Tonypuff@att.net"
"Please DocuSign: FLH-0007197 Inspection Letter (786)868-7550| 00708760 |SR","Completed","THOMAS ALLEN","Completed","1/3/2018 4:10:41 PM EST","1/3/2018 5:28:31 PM EST","1/3/2018 5:27:08 PM EST","1/3/2018 5:28:32 PM EST","1/3/2018 5:28:31 PM EST","acookyes@yahoo.com"
"Please DocuSign: FLH-0007139 Inspection Letter.(305)790-4492| 00707726 | LR","Completed","Maxy Pierre","Completed","1/3/2018 3:47:42 PM EST","1/4/2018 6:03:41 PM EST","1/3/2018 4:20:12 PM EST","1/4/2018 6:03:42 PM EST","1/4/2018 6:03:41 PM EST","maxypierremp@gmail.com"
"Please DocuSign Cancellation request form.--(954)328-3455| 00715853 | MO","Completed","Rochelle Mitchell","Completed","1/3/2018 3:43:32 PM EST","1/3/2018 8:46:45 PM EST","1/3/2018 4:18:08 PM EST","1/3/2018 8:46:46 PM EST","1/3/2018 8:46:45 PM EST","i_shell8@hotmail.com"
"Updated: Please DocuSign your Allrisk insurance documents.-(954)673-6163| 00712074 |SR","Completed","NANCY SERRANO","Completed","1/3/2018 3:19:18 PM EST","1/3/2018 4:16:27 PM EST","1/3/2018 4:15:01 PM EST","1/3/2018 4:16:27 PM EST","1/3/2018 4:16:27 PM EST","nancyserrano@bellsouth.net"
"Please DocuSign Cancellation request form.-(561)225-1557| 00385665 | MO","Completed","ROGER Kinney","Completed","1/3/2018 3:07:12 PM EST","1/3/2018 6:08:23 PM EST","1/3/2018 6:06:55 PM EST","1/3/2018 6:10:17 PM EST","1/3/2018 6:08:23 PM EST","akinney235@att.net"
"Please DocuSign Cancellation request form.-(561)225-1557| 00385665 | MO","Completed","Anna  Kinney","Completed","1/3/2018 3:07:12 PM EST","1/3/2018 6:10:16 PM EST","1/3/2018 6:09:11 PM EST","1/3/2018 6:10:17 PM EST","1/3/2018 6:10:16 PM EST","akinney235@att.net"
"Please DocuSign your UPCIC insurance documents.-(772)999-2145 | 00716001 | AG","Sent","LISA WALKER","Sent","1/3/2018 2:58:21 PM EST","","","","","lisawalker0251@gmail.com"
"Please DocuSign your UPCIC insurance documents.-(772)999-2145 | 00716001 | AG","Sent","JOHN A WALKER","Sent","1/3/2018 2:58:21 PM EST","","","","","lisawalker0251@gmail.com"
"Please DocuSign your AllRisk and ASI insurance documents.-phn#754-422-9657qt#3238033 SR SP","Completed","Elizabeth Hart","Completed","1/3/2018 1:53:09 PM EST","1/3/2018 1:56:23 PM EST","1/3/2018 1:54:12 PM EST","1/3/2018 1:56:23 PM EST","1/3/2018 1:56:23 PM EST","ehart33026@yahoo.com"
"Please DocuSign your UPCIC insurance documents.-(905)399-1392 | 00715095 | AG","Completed","Dany Labonte","Completed","1/3/2018 1:21:01 PM EST","1/4/2018 3:00:47 PM EST","1/4/2018 3:00:15 PM EST","1/4/2018 3:03:31 PM EST","1/4/2018 3:00:47 PM EST","jeff57us@gmail.com"
"Please DocuSign your UPCIC insurance documents.-(905)399-1392 | 00715095 | AG","Completed","Jeff Maddox","Completed","1/3/2018 1:21:00 PM EST","1/4/2018 3:03:31 PM EST","1/3/2018 3:01:03 PM EST","1/4/2018 3:03:31 PM EST","1/4/2018 3:03:31 PM EST","jeff57us@gmail.com"
"Please DocuSign your UPCIC insurance documents.-(863)660-9613 | 00715764 |AG","Sent","Kolby J Nance","Sent","1/3/2018 1:10:34 PM EST","","","","","kolbyjnance@gmail.com"
"Please DocuSign your UPCIC insurance documents.-(863)660-9613 | 00715764 |AG","Sent","Megan R Nance","Sent","1/3/2018 1:10:35 PM EST","","","","","kolbyjnance@gmail.com"
"Please DocuSign your AllRisk insurance documents.-(954)448-2178| 00715857 |MO KC","Sent","Curtis Riley","Sent","1/3/2018 12:48:36 PM EST","","","","","panther3549@conmcast.net"
"Please DocuSign your AllRisk insurance documents.-(954)448-2178| 00715857 |MO KC","Sent","Wanda Riley","Sent","1/3/2018 12:48:36 PM EST","","","","","panther3549@conmcast.net"
"Please DocuSign your new ASI insurance application.-(305)972-4900 | 00659014 | LR MO","Completed","Ines Santana","Completed","1/3/2018 12:34:37 PM EST","1/3/2018 1:12:38 PM EST","1/3/2018 1:05:30 PM EST","1/3/2018 1:12:39 PM EST","1/3/2018 1:12:38 PM EST","s.mulata@yahoo.com"
"Please DocuSign your Peolple's Trust insurance documents.-(561)306-2606| 00709412 | SB","Completed","Jason Moan","Completed","1/3/2018 12:05:56 PM EST","1/3/2018 12:29:40 PM EST","1/3/2018 12:29:16 PM EST","1/3/2018 12:29:40 PM EST","1/3/2018 12:29:40 PM EST","jasonmoan@gmail.com"
"Please DocuSign your ICAT insurance documents.-(954)328-3455| 00715853 | KC","Completed","Rochelle Mitchell","Completed","1/3/2018 10:27:26 AM EST","1/3/2018 10:54:15 AM EST","1/3/2018 10:51:50 AM EST","1/3/2018 10:54:15 AM EST","1/3/2018 10:54:15 AM EST","i_shell8@hotmail.com"
"Please DocuSign your allrisk insurance documents.-(347)282-4168| 00715884 |  SR","Sent","Mara Cordal","Sent","1/3/2018 10:19:06 AM EST","","","","","cordalmarar@gmail.com"
"Please DocuSign your Aspen insurance documents.-(305)510-7355 | 00715905 | SR","Sent","Cristina T. Alvarez","Sent","1/3/2018 10:15:51 AM EST","","","","","cristyalvarez@aol.com"
"Please DocuSign Cancellation request form.-(832)730-2854| 00427635 | KG","Completed","KRISTIAN CARLSON","Completed","1/3/2018 10:00:47 AM EST","1/3/2018 10:36:04 AM EST","1/3/2018 10:35:47 AM EST","1/3/2018 10:36:05 AM EST","1/3/2018 10:36:04 AM EST","kcarlson@lcgdiscovery.com"
"Please DocuSign your AllRisk insurance documents.-(727)224-7972| 00715847 | LR","Completed","Michael Hudgins","Completed","1/2/2018 5:01:33 PM EST","1/3/2018 7:50:19 AM EST","1/2/2018 6:28:30 PM EST","1/3/2018 7:50:19 AM EST","1/3/2018 7:50:19 AM EST","mike.hudgins@aol.com"
"Corrected: Please DocuSign your Wind Mitigation inspection(561)373-3321 | 00510088 | PR","Completed","Mary Louise Stoney","Completed","1/2/2018 4:55:39 PM EST","1/3/2018 11:25:22 AM EST","1/2/2018 5:14:06 PM EST","1/3/2018 11:25:22 AM EST","1/3/2018 11:25:22 AM EST","louise.stoney@gmail.com"
"Please DocuSign your Wind Mitigation inspection.(954)560-9598| 00701838 |SB","Completed","Jundel Abel","Completed","1/2/2018 4:47:05 PM EST","1/2/2018 6:04:13 PM EST","1/2/2018 5:50:25 PM EST","1/2/2018 6:04:13 PM EST","1/2/2018 6:04:13 PM EST","AJABEL78@GMAIL.COM"
"Please DocuSign your UPC insurance documents.-(954)296-0049 | 00715768 |KC","Completed","Anthony Williams","Completed","1/2/2018 4:42:57 PM EST","1/2/2018 5:44:55 PM EST","1/2/2018 5:33:43 PM EST","1/2/2018 5:51:51 PM EST","1/2/2018 5:44:55 PM EST","walkertl3@hotmail.com"
"Please DocuSign your UPC insurance documents.-(954)296-0049 | 00715768 |KC","Completed","Tenesha Williams","Completed","1/2/2018 4:42:57 PM EST","1/2/2018 5:51:51 PM EST","1/2/2018 5:45:26 PM EST","1/2/2018 5:51:51 PM EST","1/2/2018 5:51:51 PM EST","walkertl3@hotmail.com"
"New: Please DocuSign this policy change request.-(281)851-8774 | 00555440 |SR","Completed","Ed Hamala","Completed","1/2/2018 4:06:16 PM EST","1/2/2018 4:12:24 PM EST","1/2/2018 4:11:53 PM EST","1/2/2018 4:12:24 PM EST","1/2/2018 4:12:24 PM EST","ewh579@gmail.com"
"Please DocuSign your UPCIC insurance documents.-(786)355-9165| 00715785 |","Completed","Mona Remilien","Completed","1/2/2018 3:58:13 PM EST","1/3/2018 11:55:22 AM EST","1/3/2018 9:08:37 AM EST","1/3/2018 11:55:22 AM EST","1/3/2018 11:55:22 AM EST","mremilien@aol.com"
"Please DocuSign your ASI insurance documents.-(407)496-0751 | 00513677 | MO AG","Completed","Salma Kausar","Completed","1/2/2018 3:38:04 PM EST","1/2/2018 4:04:08 PM EST","1/2/2018 3:59:48 PM EST","1/2/2018 4:05:25 PM EST","1/2/2018 4:04:08 PM EST","salmakausar786@yahoo.com"
"Please DocuSign your ASI insurance documents.-(407)496-0751 | 00513677 | MO AG","Completed","Nasir Iqbal","Completed","1/2/2018 3:38:04 PM EST","1/2/2018 4:05:25 PM EST","1/2/2018 4:01:46 PM EST","1/2/2018 4:05:25 PM EST","1/2/2018 4:05:25 PM EST","salmakausar786@yahoo.com"
"Please DocuSign your florida Specialty insurance documents.-(631)764-1316| 00582290 | LR","Completed","Lawrence Burke","Completed","1/2/2018 3:19:31 PM EST","1/2/2018 7:13:58 PM EST","1/2/2018 7:08:08 PM EST","1/2/2018 7:22:27 PM EST","1/2/2018 7:13:58 PM EST","adayofgolf@aol.com"
"Please DocuSign your florida Specialty insurance documents.-(631)764-1316| 00582290 | LR","Completed","Karen Becker","Completed","1/2/2018 3:19:31 PM EST","1/2/2018 7:22:26 PM EST","1/2/2018 7:21:34 PM EST","1/2/2018 7:22:27 PM EST","1/2/2018 7:22:26 PM EST","adayofgolf@aol.com"
"Please DocuSign your Progressive insurance documents.-(561)271-2677| 00715775 |  MClinton","Sent","LAURA WHITE","Sent","1/2/2018 2:31:16 PM EST","","","","","laurawonluv2@aol.com"
"Please DocuSign your UPC insurance documents.-(516)477-7242 | 00714678 | LR","Completed","Salvatore Valentinetti","Completed","1/2/2018 1:55:05 PM EST","1/2/2018 2:19:57 PM EST","1/2/2018 2:18:18 PM EST","1/2/2018 2:19:58 PM EST","1/2/2018 2:19:57 PM EST","ana@uniqueelementsrealty.com"
"Please DocuSign your UPCIC insurance documents.-(386)792-3784| 00714520 | LR","Completed","Matthew Armstead","Completed","1/2/2018 1:50:20 PM EST","1/3/2018 10:34:46 AM EST","1/3/2018 10:31:13 AM EST","1/3/2018 10:36:57 AM EST","1/3/2018 10:34:46 AM EST","MattArmstead58@yahoo.com"
"Please DocuSign your UPCIC insurance documents.-(386)792-3784| 00714520 | LR","Completed","Frances Armstead","Completed","1/2/2018 1:50:20 PM EST","1/3/2018 10:36:57 AM EST","1/3/2018 10:35:44 AM EST","1/3/2018 10:36:57 AM EST","1/3/2018 10:36:57 AM EST","MattArmstead58@yahoo.com"
"Please DocuSign your new flood wright insurance application.-(305)793-9867 | 00714249 |LR","Delivered","WALLY PROENZA","Delivered","1/2/2018 1:05:18 PM EST","","1/2/2018 1:06:00 PM EST","","","wproenzaa@gmail.com"
"Please DocuSign your Tower Hill insurance documents.-(561)644-8640| 00547214 |LR","Sent","Elizabeth Bennett","Sent","1/2/2018 1:04:34 PM EST","","","","","dreamdesign@comcast.net"
"Please DocuSign your UPC insurance documents.| 00708636 |ph#321-799-2953 LR MO","Sent","Susan Pelakh","Sent","1/2/2018 1:02:58 PM EST","","","","","pelakh@yahoo.com"
"Please DocuSign your UPC insurance documents.| 00708636 |ph#321-799-2953 LR MO","Sent","Boris Pelakh","Sent","1/2/2018 1:02:58 PM EST","","","","","pelakh@yahoo.com"
"Please DocuSign your UPC insurance documents.-phn#561-307-4300pc#UHF 1632433 LL","Sent","Clarence Williams","Sent","1/2/2018 12:58:39 PM EST","","","","","dwilliamsc@hotmail.com"
"Please DocuSign your UPC insurance documents.-phn#603455-3576pc#UHF1652818 LL","Completed","Janet Hanson","Completed","1/2/2018 12:50:28 PM EST","1/2/2018 4:55:52 PM EST","1/2/2018 4:41:32 PM EST","1/2/2018 4:58:46 PM EST","1/2/2018 4:55:52 PM EST","benfranklin3812@hotmail.com"
"Please DocuSign your UPC insurance documents.-phn#603455-3576pc#UHF1652818 LL","Completed","Linda Hanson","Completed","1/2/2018 12:50:28 PM EST","1/2/2018 4:58:46 PM EST","1/2/2018 4:57:53 PM EST","1/2/2018 4:58:46 PM EST","1/2/2018 4:58:46 PM EST","benfranklin3812@hotmail.com"
"Please DocuSign your AlRisk insurance documents.-(631)728-5530 | 00709183 |KDurham","Completed","KATHLEEN DESANTI","Completed","1/2/2018 11:53:40 AM EST","1/2/2018 1:42:53 PM EST","1/2/2018 1:40:42 PM EST","1/2/2018 1:42:54 PM EST","1/2/2018 1:42:53 PM EST","K728ASEY@AOL.COM"
"Please DocuSign your one time eCheck ACH payment authorization-(443)632-8282| 00521618 | KC","Voided","Linda Ruth","Sent","1/2/2018 11:22:07 AM EST","","","1/3/2018 9:08:43 AM EST","","lindaaruth47@comcast.net"
"Please DocuSign your UPCIC insurance documents.-(786)556-2627| 00711396 | SB","Completed","Judith M Prophete","Completed","1/2/2018 9:32:09 AM EST","1/3/2018 12:52:36 PM EST","1/2/2018 10:54:09 AM EST","1/3/2018 12:53:32 PM EST","1/3/2018 12:52:36 PM EST","jprophete@gmail.com"
"Please DocuSign your UPCIC insurance documents.-(786)556-2627| 00711396 | SB","Completed","Esther Prophete","Completed","1/2/2018 9:32:10 AM EST","1/3/2018 12:53:32 PM EST","1/3/2018 12:53:10 PM EST","1/3/2018 12:53:32 PM EST","1/3/2018 12:53:32 PM EST","jprophete@gmail.com"