"Subject","Status","Recipient Name","Action","Sent On","Completed On","View Date","Status Changed Date","Sign Date","Recipient Email"
"Please DocuSign your BASS insurance documents.- pc#:AGP1293125 ph#:321-288-8839 SR JK","Sent","Herbert Eiermann","Sent","","","","","","herb.eierman@energytransfer.com"
"Please DocuSign your UPC insurance documents.-(734)358-5308 | 00736449 | LR","Sent","LAURA MORRIS","Sent","","","","","","lkmkillian@yahoo.com"
"Please DocuSign your UPC insurance documents.-(734)358-5308 | 00736449 | LR","Sent","STEPHEN LUDY","Sent","","","","","","lkmkillian@yahoo.com"
"Please DocuSign your Velocity insurance documents.-(772)257-6283| 00736433 | LR","Completed","Myra F Gordon","Completed","","4/3/2018 5:44:58 PM EDT","4/3/2018 5:35:58 PM EDT","4/3/2018 5:48:04 PM EDT","4/3/2018 5:44:58 PM EDT","skip.nrg@hotmail.com"
"Please DocuSign your Velocity insurance documents.-(772)257-6283| 00736433 | LR","Completed","Norman R Gordon","Completed","","4/3/2018 5:48:04 PM EDT","4/3/2018 5:37:04 PM EDT","4/3/2018 5:48:04 PM EDT","4/3/2018 5:48:04 PM EDT","skip.nrg@hotmail.com"
"Please DocuSign your UPCIC insurance documents.-(727)321-0598 | 00736422 |  LR","Sent","Claudino Dejesus","Sent","","","","","","dejesusclaudino1918@yahoo.com"
"Please DocuSign Cancellation request form.-(954)253-9160| 00181842 | MO","Completed","Barbara Segal","Completed","","4/3/2018 5:25:18 PM EDT","4/3/2018 5:24:37 PM EDT","4/3/2018 5:25:18 PM EDT","4/3/2018 5:25:18 PM EDT","kngmidas@bellsouth.net"
"Please DocuSign your Allrisks insurance documents.-(727)276-5490| 00736412 | LU Kory  Manny","Completed","Tasch Anistacia","Completed","","4/3/2018 5:43:15 PM EDT","4/3/2018 5:08:53 PM EDT","4/3/2018 5:43:15 PM EDT","4/3/2018 5:43:15 PM EDT","Larypetdog32@gmail.com"
"Please DocuSign your UPCIC insurance documents.-(254)290-4860 | 00736407 |  LR","Completed","Clint M Jacobs","Completed","4/3/2018 4:50:19 PM EDT","4/3/2018 6:28:49 PM EDT","4/3/2018 6:23:08 PM EDT","4/3/2018 6:28:49 PM EDT","4/3/2018 6:28:49 PM EDT","jacobscssg@yahoo.com"
"Please DocuSign your Aspen insurance documents.-(561)246-8043 pc#:TBA428 LR BB","Delivered","Sheril Wynn","Delivered","4/3/2018 4:38:56 PM EDT","","4/3/2018 7:47:07 PM EDT","","","Sheril621@gmail.com"
"Please DocuSign your BASS insurance documents.-(561)574-6954| 00638805 |  SR BB","Sent","Tropical Gardens Villas Inc.","Sent","4/3/2018 3:48:13 PM EDT","","","","","richardmc31@icloud.com"
"Please DocuSign your Allrisks insurance documents.-(561)654-5840| 00736373 | SR BB","Delivered","Saar Bregolato, Naisy","Delivered","4/3/2018 3:14:47 PM EDT","","4/3/2018 3:25:17 PM EDT","","","fcbregolato01@gmail.com"
"Please DocuSign your ASI insurance documents.-(407)433-3392| 00651572 |  LR","Completed","Samdaye Khan","Completed","4/3/2018 3:07:04 PM EDT","4/3/2018 3:33:02 PM EDT","4/3/2018 3:26:58 PM EDT","4/3/2018 3:40:30 PM EDT","4/3/2018 3:33:02 PM EDT","Rkhan280@gmail.com"
"Please DocuSign your ASI insurance documents.-(407)433-3392| 00651572 |  LR","Completed","Rasheed Khan","Completed","4/3/2018 3:07:03 PM EDT","4/3/2018 3:40:30 PM EDT","4/3/2018 3:37:46 PM EDT","4/3/2018 3:40:30 PM EDT","4/3/2018 3:40:30 PM EDT","Rkhan280@gmail.com"
"Please DocuSign your Velocity  & Cancellation insurance documents.-(203)921-9569 | 00736344 | LR MO","Completed","Eric Friedman","Completed","4/3/2018 3:02:57 PM EDT","4/3/2018 4:38:38 PM EDT","4/3/2018 3:20:40 PM EDT","4/3/2018 4:45:39 PM EDT","4/3/2018 4:38:38 PM EDT","efriedm@optonline.net"
"Please DocuSign your Velocity  & Cancellation insurance documents.-(203)921-9569 | 00736344 | LR MO","Completed","BEVERLY FRIEDMAN","Completed","4/3/2018 3:02:58 PM EDT","4/3/2018 4:45:39 PM EDT","4/3/2018 3:27:52 PM EDT","4/3/2018 4:45:39 PM EDT","4/3/2018 4:45:39 PM EDT","efriedm@optonline.net"
"Please DocuSign your Velocity insurance documents.-(954)501-2028| 00736291 | LR","Sent","Geoffrey West","Sent","4/3/2018 2:31:10 PM EDT","","","","","geoffwest0829@yahoo.com"
"Please DocuSign Skipjack Premium Finance form-(786)537-6495| 00720632 MClinton","Completed","Hubert Joseph","Completed","4/3/2018 2:15:30 PM EDT","4/3/2018 7:51:38 PM EDT","4/3/2018 7:41:53 PM EDT","4/3/2018 7:51:38 PM EDT","4/3/2018 7:51:38 PM EDT","lyndajoseph47@gmail.com"
"Please DocuSign your ASI insurance & cancellaton documents.-(561)738-6332 | 00102003 | LR MO","Delivered","PHYLLIS HIRSCHBERG-WEAVING","Delivered","4/3/2018 1:50:59 PM EDT","","4/3/2018 3:20:01 PM EDT","","","dwandph@comcast.net"
"Please DocuSign your UPC insurance documents.-(863)666-8024| 00736282 | LR","Delivered","WILLIAM KEARNS","Delivered","4/3/2018 12:53:35 PM EDT","","4/3/2018 9:37:02 PM EDT","","","nkearns1@tampabay.rr.com"
"Please DocuSign you TRAVELERS & Cancellation insurance documents.-(561)876-5640 | 00176492 |  LU","Completed","C.  LOUIS ELDER II","Completed","4/3/2018 12:23:46 PM EDT","4/3/2018 11:15:36 PM EDT","4/3/2018 11:11:19 PM EDT","4/3/2018 11:15:36 PM EDT","4/3/2018 11:15:36 PM EDT","lelder66@gmail.com"
"NEW:Please DocuSign your Allrisks insurance documents.-(207)230-4352 pc#3310123-2 SR","Completed","Boucher Juliann","Completed","4/3/2018 11:44:31 AM EDT","4/3/2018 1:12:14 PM EDT","4/3/2018 12:10:00 PM EDT","4/3/2018 1:12:14 PM EDT","4/3/2018 1:12:14 PM EDT","indianwoman2003@yahoo.com"
"Please DocuSign your US Costal P&C insurance documents.-(330)608-8695| 00736251 |  LR","Completed","DEYARMIN, DANIEL","Completed","4/3/2018 11:32:16 AM EDT","4/3/2018 7:17:26 PM EDT","4/3/2018 7:13:27 PM EDT","4/3/2018 7:17:26 PM EDT","4/3/2018 7:17:26 PM EDT","dterminator454@yahoo.com"
"Please DocuSign your Velocity  insurance documents.- ph#:754-246-9094 pc#:VUW-HO-550455 SB","Completed","Orain Pitt","Completed","4/3/2018 11:20:29 AM EDT","4/3/2018 11:29:47 AM EDT","4/3/2018 11:26:35 AM EDT","4/3/2018 11:29:47 AM EDT","4/3/2018 11:29:47 AM EDT","Orainpitt1976@gmail.com"
"corrected: Please DocuSign your ASI insurance document .-(787)671-4528 | 00279285 | SB MO","Sent","Maribel Castellanos","Sent","4/3/2018 11:07:21 AM EDT","","","","","Charlie1971@hotmail.com"
"corrected: Please DocuSign your ASI insurance document .-(787)671-4528 | 00279285 | SB MO","Sent","Carlos Hernandez","Sent","4/3/2018 11:07:21 AM EDT","","","","","Charlie1971@hotmail.com"
"Please DocuSign your CP insurance documents.-(732)261-8948 | 00730643 | LR","Sent","Edward Stephens","Sent","4/3/2018 10:33:50 AM EDT","","","","","surflinetr@aol.com"
"Please DocuSign your Aspen insurance documents.-(561)336-4467| 00734352 | LR BB","Sent","John Kelly","Sent","4/3/2018 10:31:27 AM EDT","","","","","najadaddy@hotmail.com"
"Please DocuSign your Capitol Preferred insurance documents.-(631)375-9130| 00719309 | JM","Sent","JOSEPH CRACOLICI","Sent","4/3/2018 10:23:51 AM EDT","","","","","nyscertified@gmail.com"
"Please DocuSign your Velocity insurance documents.-(305)342-2205| 00730535 SB","Sent","Teresa Hevia-Silverio","Sent","4/3/2018 9:58:23 AM EDT","","","","","fponce85@gmail.com"
"Please DocuSign your Velocity insurance documents.-(305)342-2205| 00730535 SB","Sent","Franco Ponce","Completed","4/3/2018 9:58:23 AM EDT","4/3/2018 11:52:59 AM EDT","4/3/2018 11:52:14 AM EDT","","4/3/2018 11:52:59 AM EDT","fponce85@gmail.com"
"Please DocuSign your TH & Cancellation request form documents.-(954)566-2498 | 00373881 | SB MO","Completed","Ronald Mierau","Completed","4/3/2018 9:52:42 AM EDT","4/3/2018 12:47:23 PM EDT","4/3/2018 12:39:30 PM EDT","4/3/2018 12:47:23 PM EDT","4/3/2018 12:47:23 PM EDT","rmierau@bellsouth.net"
"Please DocuSign your Wind Mitigation inspection.-(786)281-9630 | 00731987 | SB","Completed","Guito Raphael","Completed","4/3/2018 9:48:40 AM EDT","4/3/2018 9:49:19 AM EDT","4/3/2018 9:49:05 AM EDT","4/3/2018 9:49:19 AM EDT","4/3/2018 9:49:19 AM EDT","guerdaraphael@gmail.com"
"Please DocuSign your Allrisk insurance documents.-(954)854-4019 | 00729921 | SR BB","Delivered","Victor Cole","Delivered","4/3/2018 9:38:13 AM EDT","","4/3/2018 11:49:17 AM EDT","","","purpleroyal26@gmail.com"
"Please DocuSign your BASS  insurance documents.-(301)326-7277| 00730032 | SR DR","Sent","Karin  Kaulakis","Sent","4/3/2018 9:34:11 AM EDT","","","","","karindb@comcast.net"
"Please DocuSign your Capitol Preferred insurance documents.-(407)237-0156 | 00723679 |LR MO","Sent","NILSA SALERNO","Delivered","4/3/2018 9:28:10 AM EDT","","4/3/2018 12:23:57 PM EDT","","","tiggersalerno@yahoo.com"
"Please DocuSign your Capitol Preferred insurance documents.-(407)237-0156 | 00723679 |LR MO","Sent","SALVATORE J SALERNO","Sent","4/3/2018 9:28:10 AM EDT","","","","","tiggersalerno@yahoo.com"
"Please DocuSign your CP insurance documents.-(386)753-5192 | 00726848 | LR","Sent","Louise Summerall","Sent","4/3/2018 9:23:36 AM EDT","","","","","louisesummerall1947@gmail.com"
"corrected: Please DocuSign this agent of record form.-(954)720-6976 | 00722595 | LR","Sent","JACQUELINE CASSIO","Sent","4/3/2018 9:14:11 AM EDT","","","","","jacknskip@att.net"
"corrected: Please DocuSign this agent of record form.-(954)720-6976 | 00722595 | LR","Sent","JOSEPH CASSIO","Sent","4/3/2018 9:14:11 AM EDT","","","","","jacknskip@att.net"
"Please DocuSign: NVH-0003888 Inspection Letter.-(786)916-2794| 00720811 | LR","Sent","Harris-Carter Walter","Sent","4/3/2018 9:03:51 AM EDT","","","","","carterwalt60@yahoo.com"
"New app: Please DocuSign your ICAT insurance documents.-(786)281-6755| 00727366 SR","Sent","Marie Bony","Sent","4/3/2018 8:53:06 AM EDT","","","","","mlpierreno1@yahoo.com"
"Please DocuSign your TH & Cancellation request form documents.-(954)980-8782 | 00733668 | SB MO","Sent","Heather Saliba","AutoResponded","4/2/2018 5:21:32 PM EDT","","","","","heathergosaliba@gmail.com"
"Please DocuSign your TH & Cancellation request form documents.-(954)980-8782 | 00733668 | SB MO","Sent","Jake Saliba","AutoResponded","4/2/2018 5:21:32 PM EDT","","","","","heathergosaliba@gmail.com"
"Please DocuSign your UPCIC insurance documents.-(786)328-8341 | 00736151 | LR","Delivered","JORGE DE LA ROSA","Delivered","4/2/2018 5:04:35 PM EDT","","4/2/2018 5:52:08 PM EDT","","","Jorgedlr2004@gmail.com"
"Please DocuSign your UPC insurance documents.-(707)292-1802 | 00736129 | LR","Sent","WILLIAM MOYER","Sent","4/2/2018 5:00:55 PM EDT","","","","","Wm.david.moyer@gmail.com"
"Please DocuSign your UPC insurance documents.-(707)292-1802 | 00736129 | LR","Sent","NAOMI SAMPLE","Sent","4/2/2018 5:00:56 PM EDT","","","","","Wm.david.moyer@gmail.com"
"Please DocuSign your UPCIC insurance documents.- ph#:720-947-9476 pc#:1503-1801-2567 LR","Sent","Charlotte Sullivan","Sent","4/2/2018 4:55:19 PM EDT","","","","","ceo5sullivan@gmail.com"
"Please DocuSign: HVH-0001766 Inspection Letter.-(786)651-0663| 00727186 | LR","Sent","Stein Haslam, Mayra","Sent","4/2/2018 4:43:43 PM EDT","","","","","jacquelinehaslam612@gmail.com"
"Please DocuSign your Velocity insurance documents.-(850)710-3038| 00736109 |  SB","Delivered","Paul Doom","Delivered","4/2/2018 4:06:10 PM EDT","","4/2/2018 6:24:21 PM EDT","","","mqsbwa@gmail.com"
"Please DocuSign your UPCIC insurance documents.-(954)200-1041| 00452521 | LR","Completed","CARMEN ARANGO","Completed","4/2/2018 3:12:22 PM EDT","4/2/2018 3:28:48 PM EDT","4/2/2018 3:26:01 PM EDT","4/2/2018 3:28:48 PM EDT","4/2/2018 3:28:48 PM EDT","arango1322@gmail.com"
"Please DocuSign this policy change request.-(561)797-4127| 00670798 | AG","Sent","Williams, Frank","Sent","4/2/2018 2:44:10 PM EDT","","","","","natachapeuguero@yahoo.com"
"Corrected: Please DocuSign this policy change request.-(561)479-1543| 00720143 |LU","Completed","Stanley Civin","Completed","4/2/2018 2:37:52 PM EDT","4/2/2018 9:20:41 PM EDT","4/2/2018 9:18:37 PM EDT","4/2/2018 9:20:41 PM EDT","4/2/2018 9:20:41 PM EDT","stancivin@lbugroup.com"
"Please DocuSign your Allrisks insurance documents.-(321)777-4363 | 00736021 | SR HH","Delivered","Alridge, Ron","Delivered","4/2/2018 2:34:33 PM EDT","","4/2/2018 3:09:19 PM EDT","","","aldge193613@sbcglobal.net"
"Please DocuSign your Allrisks insurance documents.-(407)470-0983| 00736016 |  SR HH","Completed","Tatterson, James","Completed","4/2/2018 2:17:48 PM EDT","4/2/2018 4:44:41 PM EDT","4/2/2018 4:40:25 PM EDT","4/2/2018 4:44:41 PM EDT","4/2/2018 4:44:41 PM EDT","tattwo28216@yahoo.com"
"updated: Please DocuSign your Wind Mitigation inspection.-(321)508-4181 | 00724450 | KC SB","Sent","Teresa Guthrie","Sent","4/2/2018 1:26:01 PM EDT","","","","","taguth65@gmail.com"
"Please DocuSign your Travelers UM form.-(561)329-4847 | 00711208 | Matt","Completed","Erica Guider","Completed","4/2/2018 12:46:57 PM EDT","4/2/2018 12:57:13 PM EDT","4/2/2018 12:56:57 PM EDT","4/2/2018 12:57:13 PM EDT","4/2/2018 12:57:13 PM EDT","ericaguider@gmail.com"
"Please DocuSign your UPCIC insurance documents.-(770)363-4959| 00735998 | LR","Completed","Richelle Andrews","Completed","4/2/2018 12:39:40 PM EDT","4/2/2018 7:52:45 PM EDT","4/2/2018 1:10:41 PM EDT","4/2/2018 7:56:33 PM EDT","4/2/2018 7:52:45 PM EDT","rere90@gmail.com"
"Please DocuSign your UPCIC insurance documents.-(770)363-4959| 00735998 | LR","Completed","Marc Andrews","Completed","4/2/2018 12:39:40 PM EDT","4/2/2018 7:56:33 PM EDT","4/2/2018 7:49:13 PM EDT","4/2/2018 7:56:33 PM EDT","4/2/2018 7:56:33 PM EDT","rere90@gmail.com"
"Please DocuSign your Prepared  insurance documents.-(954)253-9160| 00181842 | LR","Completed","Barbara Segal","Completed","4/2/2018 12:12:46 PM EDT","4/2/2018 1:19:18 PM EDT","4/2/2018 1:16:58 PM EDT","4/2/2018 1:19:18 PM EDT","4/2/2018 1:19:18 PM EDT","kngmidas@bellsouth.net"
"Please DocuSign your UPCIC insurance documents.-(352)978-0032 | 00735975 |LU","Sent","Arcolia Wakefield","Sent","4/2/2018 11:55:42 AM EDT","","","","","hotcocoa52@gmail.com"
"Please DocuSign your BASS insurance documents.-(305)879-0554| 00735953 | SR DR","Completed","Brunel Bataille","Completed","4/2/2018 11:02:08 AM EDT","4/2/2018 9:17:44 PM EDT","4/2/2018 8:50:40 PM EDT","4/2/2018 9:17:44 PM EDT","4/2/2018 9:17:44 PM EDT","Maltema2000@yahoo.com"
"Please DocuSign your Bass insurance documents.- ph#:954-600-5803 pc#:AGP1294241 SR JK","Sent","Jarmila Kubikova","Sent","4/2/2018 2:59:08 PM EDT","","","","","jarmilakubikova@hotmail.com"
"Please DocuSign Replacement cost(516)724-5226| 00725722 |LR","Sent","Alan Levine","Sent","4/2/2018 10:41:13 AM EDT","","","","","blevine301@aol.com"
"Please DocuSign your Allrisk insurance documents.-(561)856-9566 | 00731113 | LR BB","Sent","Amanda Rivas","Sent","4/2/2018 10:39:14 AM EDT","","","","","Amandarivas78@yahoo.com"
"Please DocuSign your BASS insurance documents.-(954)437-0384| 00735729 |  LU JK","Completed","Donna Channer Rose","Completed","4/2/2018 10:31:03 AM EDT","4/2/2018 2:07:51 PM EDT","4/2/2018 2:04:12 PM EDT","4/2/2018 2:07:51 PM EDT","4/2/2018 2:07:51 PM EDT","dmcrose@gmail.com"
"Please DocuSign Cancellation request form.-(561)323-1590 | 00712515 | SB","Completed","William Kikta","Completed","4/2/2018 10:04:23 AM EDT","4/2/2018 10:13:08 AM EDT","4/2/2018 10:12:37 AM EDT","4/2/2018 10:13:08 AM EDT","4/2/2018 10:13:08 AM EDT","william_kikta@yahoo.com"
"Please DocuSign: NVF-0002440 Inspection Letter.-(954)732-2474 | 00729644 | LR","Sent","Mcgregor, Jenny","Sent","4/2/2018 9:56:00 AM EDT","","","","","jennymcgregor73@gmail.com"
"Please DocuSign your Seacoast insurance documents.-(561)722-9855 | 00735817 | SB","Completed","Zachariah Hodges","Completed","4/2/2018 9:48:56 AM EDT","4/2/2018 10:29:12 AM EDT","4/2/2018 10:14:41 AM EDT","4/2/2018 10:29:12 AM EDT","4/2/2018 10:29:12 AM EDT","iamepyon@gmail.com"
"Please DocuSign your SFI insurance documents.-(305)968-0584 | 00735812 SB","Completed","Nicholas Drummond","Completed","4/2/2018 9:40:40 AM EDT","4/2/2018 6:09:43 PM EDT","4/2/2018 6:07:52 PM EDT","4/2/2018 6:09:43 PM EDT","4/2/2018 6:09:43 PM EDT","donnick55@gmail.com"
"Please DocuSign your BASS insurance documents.- qt#: AGP1293471 ph#:305-322-7896 SR DR MANNY","Completed","Chris Cole","Completed","4/1/2018 2:04:50 PM EDT","4/1/2018 2:05:55 PM EDT","4/1/2018 2:05:17 PM EDT","4/3/2018 7:54:51 PM EDT","4/1/2018 2:05:55 PM EDT","kerry.clinton@brightway.com"
"Please DocuSign your BASS insurance documents.- qt#: AGP1293471 ph#:305-322-7896 SR DR MANNY","Completed","Lillian Beauchamp ","Completed","4/1/2018 2:04:50 PM EDT","4/3/2018 7:54:51 PM EDT","4/3/2018 7:31:34 PM EDT","4/3/2018 7:54:51 PM EDT","4/3/2018 7:54:51 PM EDT","lillilove33177@yahoo.com"