"Subject","Status","Recipient Name","Action","Sent On","Completed On","View Date","Status Changed Date","Sign Date","Recipient Email"
"Please DocuSign this policy change request.-(786)439-9665| 00745887 | SB","Completed","Michael Pascale","Completed","5/16/2018 4:48:34 PM EDT","5/16/2018 4:54:56 PM EDT","5/16/2018 4:49:12 PM EDT","5/16/2018 4:54:56 PM EDT","5/16/2018 4:54:56 PM EDT","mjp11117@yahoo.com"
"Please DocuSign Skipjack Premium Finance form.-(786)704-7500| 00659170 | AJ","Sent","Smith, Patricia","Sent","5/16/2018 2:48:14 PM EDT","","","","","womenofpurpose49@gmail.com"
"Please DocuSign your TH  insurance documents.-(561)706-2562| 00747190 | LU","Sent","Christopher Harris","Sent","5/16/2018 1:59:51 PM EDT","","","","","Cjharris12@comcast.net"
"Please DocuSign your TH  insurance documents.-(561)706-2562| 00747190 | LU","Sent","Maria Harris","Delivered","5/16/2018 1:59:52 PM EDT","","5/16/2018 9:51:38 PM EDT","","","Cjharris12@comcast.net"
"Please DocuSign your Aspen insurance documents.-(954)663-5018| 00738268 | SR JK","Completed","Charles Cross","Completed","5/16/2018 1:29:26 PM EDT","5/16/2018 11:30:18 PM EDT","5/16/2018 11:29:28 PM EDT","5/16/2018 11:30:18 PM EDT","5/16/2018 11:30:18 PM EDT","rickcross52@aol.com"
"Please DocuSign your Allrisks insurance documents.-(386)232-0299 | 00736396 | LR","Sent","Rautenberg, George","Sent","5/16/2018 1:24:16 PM EDT","","","","","george@rautenberg.biz"
"Please DocuSign your CP insurance documents.-(954)237-8138 | 00726658 |LR","Sent","Rafael Paredes Chavez","Sent","5/16/2018 1:21:33 PM EDT","","","","","alivingston24@gmail.com"
"Please DocuSign your new ASI flood insurance application.-(561)358-1557| 00131266 |LU","Sent","Robinson Charles","Sent","5/16/2018 1:20:11 PM EDT","","","","","CHAZ3120@GMAIL.COM"
"Please DocuSign Replacement cost(516)724-5226| 00725722 |LR","Completed","Alan Levine","Completed","5/16/2018 1:18:37 PM EDT","5/16/2018 6:44:47 PM EDT","5/16/2018 6:43:55 PM EDT","5/16/2018 6:44:47 PM EDT","5/16/2018 6:44:47 PM EDT","blevine301@aol.com"
"Please DocuSign your BASS insurance documents.- (517)740-6167| 00735774 | LU BB","Sent","Kenneth Casto","Sent","5/16/2018 1:16:19 PM EDT","","","","","Casto.mc@comcast.net"
"Please DocuSign your Progressive insurance documents.-(954)683-7159 | 00653833 | LU","Sent","WILKEN GEFFRARD","Sent","5/16/2018 1:04:06 PM EDT","","","","","aidengeffrard14@gmail.com"
"Please DocuSign Cancellation request form.-(754)246-9094| 00736364 | MO","Sent","Oraine  Pitt","Sent","5/16/2018 12:57:48 PM EDT","","","","","Orainpitt1976@gmail.com"
"Please DocuSign your BASS insurance documents.-(754)281-4059 | 00737242 | SR DR","Sent","Sylvia Englin","Sent","5/16/2018 12:54:14 PM EDT","","","","","basanglin2000@yahoo.com"
"Please DocuSign this policy change request.-(305)793-8836 | 00746385 | SB BB","Completed","Micheal Lee","Completed","5/16/2018 12:53:02 PM EDT","5/16/2018 1:08:33 PM EDT","5/16/2018 1:06:21 PM EDT","5/16/2018 1:08:33 PM EDT","5/16/2018 1:08:33 PM EDT","mikeplee3@aol.com"
"Please DocuSign your UPCIC insurance documents.-(615)517-4401| 00745037 | SB","Sent","Mary E Hall","Sent","5/16/2018 12:49:13 PM EDT","","","","","hallfamily5300@yahoo.com"
"Please DocuSign your UPCIC insurance documents.-(954)804-8346| 00740710 | LR","Sent","Irene Rifkind","Sent","5/16/2018 12:48:13 PM EDT","","","","","sahuston1@gmail.com"
"Please DocuSign your Geovera & Allrisks insurance documents.-(954)608-8985| 00744929 | LR DR","Sent","JOSEPH MATTARELLA","Sent","5/16/2018 12:47:07 PM EDT","","","","","jmobilemech1@gmail.com"
"Please DocuSign your Florida Speciality insurance documents.-(516)351-8534 | 00734535 | LR","Completed","HAFIZOON ALLI","Completed","5/16/2018 12:44:45 PM EDT","5/16/2018 10:29:19 PM EDT","5/16/2018 10:14:04 PM EDT","5/16/2018 10:31:16 PM EDT","5/16/2018 10:29:19 PM EDT","SALEENA.RAM.14@GMAIL.COM"
"Please DocuSign your Florida Speciality insurance documents.-(516)351-8534 | 00734535 | LR","Completed","RAMBAHAL RAMBAHAL","Completed","5/16/2018 12:44:45 PM EDT","5/16/2018 10:31:16 PM EDT","5/16/2018 10:29:34 PM EDT","5/16/2018 10:31:16 PM EDT","5/16/2018 10:31:16 PM EDT","SALEENA.RAM.14@GMAIL.COM"
"Please DocuSign your UPC insurance documents.-(305)282-2984| 00734722 | LR","Sent","WAYNE TAT","Sent","5/16/2018 12:43:18 PM EDT","","","","","Maxxtat@gmail.com"
"Please DocuSign your UPC insurance documents.-(305)282-2984| 00734722 | LR","Sent","SANDRA FERRIER","Delivered","5/16/2018 12:43:18 PM EDT","","5/16/2018 5:32:03 PM EDT","","","Maxxtat@gmail.com"
"Please DocuSign your TH insurance documents.-(561)558-5059| 00703594 | LR","Completed","Lisa  Goldberg","Completed","5/16/2018 12:41:39 PM EDT","5/16/2018 4:09:49 PM EDT","5/16/2018 4:08:51 PM EDT","5/16/2018 4:20:14 PM EDT","5/16/2018 4:09:49 PM EDT","lisarobingoldberg@gmail.com"
"Please DocuSign your TH insurance documents.-(561)558-5059| 00703594 | LR","Completed","mark goldberg","Completed","5/16/2018 12:41:39 PM EDT","5/16/2018 4:20:14 PM EDT","5/16/2018 4:10:13 PM EDT","5/16/2018 4:20:14 PM EDT","5/16/2018 4:20:14 PM EDT","lisarobingoldberg@gmail.com"
"Please DocuSign your Aspen insurance documents.-(703)338-9830| 00747101 | LR BB","Delivered","Susan Luster","Delivered","5/16/2018 12:31:52 PM EDT","","5/16/2018 12:46:55 PM EDT","","","hhogroup@aol.com"
"Please DocuSign your Aspen insurance documents.-(616)402-8828 | 00747151 | LR HH","Completed","Jack Parkhurst","Completed","5/16/2018 12:23:45 PM EDT","5/16/2018 9:49:19 PM EDT","5/16/2018 9:42:42 PM EDT","5/16/2018 9:49:19 PM EDT","5/16/2018 9:49:19 PM EDT","Jackbuys@msn.com"
"Please DocuSign your BASS insurance documents.-(360)608-3622 | 00743742 | LR JK","Sent","Virginia Vinson","Sent","5/16/2018 12:10:26 PM EDT","","","","","ginnyvinson1@comcast.net"
"Please DocuSign your Bankers insurance documents.-(786)241-2965| 00745541 | LR","Completed","Wilson, Leonard","Completed","5/16/2018 12:03:07 PM EDT","5/16/2018 4:32:25 PM EDT","5/16/2018 12:49:40 PM EDT","5/16/2018 4:32:25 PM EDT","5/16/2018 4:32:25 PM EDT","lwilson112@hotmail.com"
"Please DocuSign this policy change request.-(954)980-5486| 00109881 |  SZ","Completed","Annette Browne","Completed","5/16/2018 11:51:39 AM EDT","5/16/2018 8:36:19 PM EDT","5/16/2018 11:56:19 AM EDT","5/16/2018 8:36:19 PM EDT","5/16/2018 8:36:19 PM EDT","bigv3976@bellsouth.net"
"Please DocuSign Statement of No Loss form.-(954)822-7493| 00725074 | LR","Completed","Jonathan Harris","Completed","5/16/2018 11:22:30 AM EDT","5/16/2018 11:57:32 AM EDT","5/16/2018 11:57:10 AM EDT","5/16/2018 11:57:32 AM EDT","5/16/2018 11:57:32 AM EDT","jongarthy@gmail.com"
"Please DocuSign your ASPEN  insurance documents.-(561)891-2192| 00746980 | LR","Delivered","Alejandro Iriarte","Delivered","5/16/2018 11:17:40 AM EDT","","5/16/2018 11:35:51 AM EDT","","","alejoiriarte@hotmail.com"
"Please DocuSign your Velocity insurance documents.-(404)668-5042| 00746960 | LR VO","Completed","Boris A Orantes","Completed","5/16/2018 11:10:11 AM EDT","5/16/2018 1:46:36 PM EDT","5/16/2018 1:39:01 PM EDT","5/16/2018 1:49:10 PM EDT","5/16/2018 1:46:36 PM EDT","Borisorantes@msn.com"
"Please DocuSign your Velocity insurance documents.-(404)668-5042| 00746960 | LR VO","Completed","Martha E Portillo","Completed","5/16/2018 11:10:12 AM EDT","5/16/2018 1:49:10 PM EDT","5/16/2018 1:48:18 PM EDT","5/16/2018 1:49:10 PM EDT","5/16/2018 1:49:10 PM EDT","Borisorantes@msn.com"
"Please DocuSign your Bulldog insurance documents.-(321)609-0379| 00737637 | JM","Completed","Janet Boothe","Completed","5/16/2018 10:55:07 AM EDT","5/16/2018 10:58:57 AM EDT","5/16/2018 10:56:13 AM EDT","5/16/2018 10:58:57 AM EDT","5/16/2018 10:58:57 AM EDT","Jennifer.masso@brightway.com"
"Please DocuSign your UPCIC insurance documents.-(954)200-1553| 00742180 | SB VO","Sent","Mary  Kelly","Sent","5/16/2018 10:28:45 AM EDT","","","","","kellymary@gmail.com"
"Please DocuSign your Velocity & ASI flood  insurance documents.-(561)410-2458| 00746932 | LU LR","Completed","Clarke Stephen","Completed","5/16/2018 10:15:33 AM EDT","5/16/2018 10:23:49 AM EDT","5/16/2018 10:22:16 AM EDT","5/16/2018 10:23:49 AM EDT","5/16/2018 10:23:49 AM EDT","StephenC555@gmail.com"
"CORRECTED:Please DocuSign your ASI insurance documents.-(314)757-0280| 00746924 | LU MO","Completed","Natalie Frants","Completed","5/16/2018 10:01:54 AM EDT","5/16/2018 4:32:29 PM EDT","5/16/2018 11:14:58 AM EDT","5/16/2018 4:34:31 PM EDT","5/16/2018 4:32:29 PM EDT","ALEX01@CHARTER.NET"
"CORRECTED:Please DocuSign your ASI insurance documents.-(314)757-0280| 00746924 | LU MO","Completed","Alexander Goldenberg","Completed","5/16/2018 10:01:55 AM EDT","5/16/2018 4:34:31 PM EDT","5/16/2018 3:24:00 PM EDT","5/16/2018 4:34:31 PM EDT","5/16/2018 4:34:31 PM EDT","ALEX01@CHARTER.NET"
"Please DocuSign your new TH flood insurance application.-(203)414-2047  | 00742575 | LR","Completed","NEAL FISHMAN","Completed","5/16/2018 9:27:27 AM EDT","5/16/2018 12:06:24 PM EDT","5/16/2018 12:05:20 PM EDT","5/16/2018 12:06:24 PM EDT","5/16/2018 12:06:24 PM EDT","NWFISHMAN@GMAIL.COM"
"Please DocuSign this policy change request.-.-(718)761-7494 | 00729805 | LR","Completed","Francis Carley","Completed","5/16/2018 9:12:14 AM EDT","5/16/2018 9:31:03 AM EDT","5/16/2018 9:29:51 AM EDT","5/16/2018 9:31:03 AM EDT","5/16/2018 9:31:03 AM EDT","fcarley@verizon.net"
"Please DocuSign your Allrisks insurance documents.-(802)879-6110| 00746822 | LU DR","Completed","Joey & Marcia Purvis","Completed","5/16/2018 9:05:40 AM EDT","5/16/2018 11:50:53 AM EDT","5/16/2018 11:40:09 AM EDT","5/16/2018 11:50:53 AM EDT","5/16/2018 11:50:53 AM EDT","joeyfunbiz@aol.com"
"Please DocuSign acknowledgement form.-(954)553-6544| 00746807 | LU","Completed","Stearns, Barry","Completed","5/16/2018 8:51:43 AM EDT","5/16/2018 11:00:32 AM EDT","5/16/2018 11:00:15 AM EDT","5/16/2018 11:00:32 AM EDT","5/16/2018 11:00:32 AM EDT","sflfire@gmail.com"
"Please DocuSign Cancellation request form.--(561)667-6413| 00729952 | VO","Sent","Arnoux Vilmont","Sent","5/15/2018 5:25:10 PM EDT","","","","","gbabou74@me.com"
"Please DocuSign Cancellation request form.-(813)900-9065| 00737320 | MO","Delivered","Kirk Lytzki","Delivered","5/15/2018 5:11:27 PM EDT","","5/15/2018 5:15:21 PM EDT","","","kirkcanman@gmail.com"
"Please DocuSign Statement of No Loss form.-(614)216-0998| 00542892 | SB","Completed","Deepak Achary","Completed","5/15/2018 4:02:57 PM EDT","5/15/2018 4:20:32 PM EDT","5/15/2018 4:19:44 PM EDT","5/15/2018 4:20:32 PM EDT","5/15/2018 4:20:32 PM EDT","deepakvas@gmail.com"
"Please DocuSign your Bulldog insurance documents.-(321)609-0379| 00737637 | JM","Voided","Janet Boothe","Delivered","5/15/2018 3:53:07 PM EDT","","5/16/2018 10:44:22 AM EDT","5/16/2018 11:01:15 AM EDT","","Pinkpanache13@gmail.com"
"corrected:Please DocuSign your compliance form.- JK","Completed","Danette Tagliagambe","Completed","5/15/2018 3:41:26 PM EDT","5/16/2018 8:46:20 AM EDT","5/16/2018 8:45:34 AM EDT","5/16/2018 8:46:20 AM EDT","5/16/2018 8:46:20 AM EDT","dtaglia@bellsouth.net"
"Please DocuSign your Allrisks insurance documents.-(305)310-0734| 00657335 | LU BB VO","Delivered","Michael Taylor","Delivered","5/15/2018 3:31:01 PM EDT","","5/15/2018 5:31:42 PM EDT","","","kataylor1819@yahoo.com"
"Please DocuSign your Allrisks insurance documents.-(305)310-0734| 00657335 | LU BB VO","Delivered","Karen Taylor","Completed","5/15/2018 3:31:01 PM EDT","5/15/2018 6:18:26 PM EDT","5/15/2018 5:29:14 PM EDT","","5/15/2018 6:18:26 PM EDT","kataylor1819@yahoo.com"
"Please DocuSign your Allrisks insurance documents.-(305)586-2669| 00746895 | LR BB","Sent","Sloshay, Malerie","Sent","5/15/2018 3:12:56 PM EDT","","","","","msloshay@yahoo.com"
"Please DocuSign your Allrisks insurance documents.-(954)553-6544| 00746807 | LU","Completed","Stearns, Barry","Completed","5/15/2018 2:59:52 PM EDT","5/15/2018 4:22:17 PM EDT","5/15/2018 4:16:12 PM EDT","5/15/2018 4:22:17 PM EDT","5/15/2018 4:22:17 PM EDT","sflfire@gmail.com"
"Please DocuSign your Allrisks  insurance documents.-(561)236-2469| 00454996 | KG","Completed","Delgado, Marino","Completed","5/15/2018 2:02:53 PM EDT","5/15/2018 6:46:14 PM EDT","5/15/2018 6:44:21 PM EDT","5/15/2018 6:46:14 PM EDT","5/15/2018 6:46:14 PM EDT","sussan049@aol.com"
"Please DocuSign Cancellation request form.-(954)446-5366 | 00735159 |LU","Sent","Alyx R Magloire","Sent","5/15/2018 1:51:37 PM EDT","","","","","alyxmagloire@hotmail.com"
"Please DocuSign your UPCIC insurance documents.-(561)578-7802| 00723189 | AG VO","Sent","Ed  Ridgway","AutoResponded","5/15/2018 1:50:04 PM EDT","","","","","Edridgway36@gmail.com"
"Please DocuSign your Allrisks insurance documents.-(602)321-3586 | 00746616 |  LU BB","Completed","Dugan, Cathy","Completed","5/15/2018 1:32:00 PM EDT","5/15/2018 1:56:11 PM EDT","5/15/2018 1:53:00 PM EDT","5/15/2018 1:56:11 PM EDT","5/15/2018 1:56:11 PM EDT","cattalk@msn.com"
"Please DocuSign your UPCIC insurance documents.-(647)300-5461 | 00724370 |AG VO","Sent","Lan Jia","Sent","5/15/2018 1:26:34 PM EDT","","","","","nancy.dreamhomes@gmail.com"
"Please DocuSign your Allriks insurance documents.-(407)486-5609| 00746647 | LR BB","Completed","Dopico, Janette","Completed","5/15/2018 1:13:50 PM EDT","5/15/2018 1:18:18 PM EDT","5/15/2018 1:15:34 PM EDT","5/15/2018 1:18:18 PM EDT","5/15/2018 1:18:18 PM EDT","janettedopico@hotmail.com"
"Please DocuSign your Edison insurance documents.-(561)568-8046 | 00746849 | LU","Completed","Tracy Ruiz","Completed","5/15/2018 1:09:09 PM EDT","5/15/2018 3:36:49 PM EDT","5/15/2018 3:08:51 PM EDT","5/15/2018 3:36:49 PM EDT","5/15/2018 3:36:49 PM EDT","Tracy.ruiz7@gmail.com"
"Please DocuSign your Allrisks insurance documents.-(305)915-0962| 00746839 | LU Kory","Completed","Gilfillian, Orville","Completed","5/15/2018 1:00:41 PM EDT","5/16/2018 7:03:11 PM EDT","5/15/2018 8:27:05 PM EDT","5/16/2018 7:03:11 PM EDT","5/16/2018 7:03:11 PM EDT","orvillegilfillian@aol.com"
"MISSING SIG:Please DocuSign your The Hartford insurance documents.-(561)373-7173| 00477371 | LU","Completed","DAVIS,EUGENE","Completed","5/15/2018 12:51:56 PM EDT","5/15/2018 2:56:15 PM EDT","5/15/2018 2:51:32 PM EDT","5/15/2018 2:56:15 PM EDT","5/15/2018 2:56:15 PM EDT","colettedavis9106@comcast.net"
"Please DocuSign your new ASI flood insurance application.-(561)379-0353| 00599503 | LR","Completed","PAUL ROACH","Completed","5/15/2018 12:45:31 PM EDT","5/15/2018 2:32:13 PM EDT","5/15/2018 2:26:16 PM EDT","5/15/2018 2:32:13 PM EDT","5/15/2018 2:32:13 PM EDT","gmcinc@yahoo.com"
"Please DocuSign your UPCIC insurance documents.-(305)240-9310| 00746830 | AG","Sent","Monica  Greenhalgh","Sent","5/15/2018 12:40:46 PM EDT","","","","","monigreenhalgh@gmail.com"
"Please DocuSign Statement of No Loss form.-(786)271-1525| 00648298 | LR","Completed","Dunton Michelle","Completed","5/15/2018 12:28:38 PM EDT","5/15/2018 7:36:59 PM EDT","5/15/2018 7:33:30 PM EDT","5/15/2018 7:36:59 PM EDT","5/15/2018 7:36:59 PM EDT","toinahepburn@hotmail.com"
"Please DocuSign your TH  insurance documents.- pc#:H006229513 ph#:561-843-8511 LR","Completed","Christina Hultman","Completed","5/15/2018 12:11:10 PM EDT","5/16/2018 8:25:44 AM EDT","5/15/2018 7:55:57 PM EDT","5/16/2018 8:25:44 AM EDT","5/16/2018 8:25:44 AM EDT","christinahultman@yahoo.com"
"Please DocuSign your UPCIC  insurance documents.-(925)876-6531| 00703391 | SB","Sent","Engelbert  Guzman","Sent","5/15/2018 12:00:34 PM EDT","","","","","engelbertguzman@hotmail.com"
"Please DocuSign your UPCIC  insurance documents.-(925)876-6531| 00703391 | SB","Sent","Gladys  Guzman","Delivered","5/15/2018 12:00:34 PM EDT","","5/15/2018 12:11:25 PM EDT","","","engelbertguzman@hotmail.com"
"Please DocuSign your Wind Mitigation inspection.-(847)770-3900| 00660434 | AG","Completed","Arlene Rakowsky","Completed","5/15/2018 11:53:06 AM EDT","5/15/2018 4:06:05 PM EDT","5/15/2018 4:05:15 PM EDT","5/15/2018 4:06:05 PM EDT","5/15/2018 4:06:05 PM EDT","arakowsky1914@gmail.com"
"Please DocuSign this agent of record form.-(954)720-6976| 00722595 | AJ","Sent","Jacqueline Cassio","Sent","5/15/2018 11:50:17 AM EDT","","","","","jacknskip@att.net"
"Please DocuSign this agent of record form.-(954)720-6976| 00722595 | AJ","Sent","Joseph Cassio","Sent","5/15/2018 11:50:17 AM EDT","","","","","jacknskip@att.net"
"Please DocuSign your Progressive insurance documents.- pc#921695169 ph#:561-542-5230 Manny","Completed","ROSE JOHNSON","Completed","5/15/2018 11:43:50 AM EDT","5/15/2018 3:29:35 PM EDT","5/15/2018 3:28:08 PM EDT","5/15/2018 3:29:35 PM EDT","5/15/2018 3:29:35 PM EDT","rjohnson4@yahoo.com"
"Please DocuSign your ASI insurance documents.-(786)877-3375| 00746765 | AG","Sent","JOHN ROMERO","Sent","5/15/2018 11:33:05 AM EDT","","","","","JAYmiany@yahoo.com"
"Please DocuSign your St. Johns insurance documents.-(305)336-3114| 00485788 | LU VO","Delivered","Patricia Roberts","Delivered","5/15/2018 11:22:06 AM EDT","","5/15/2018 2:16:52 PM EDT","","","Pybroberts@gmail.com"
"Please DocuSign your CP insurance documents.-(941)286-2764| 00746500 | LR VO","Delivered","Nancy Willeke","Delivered","5/15/2018 10:57:23 AM EDT","","5/16/2018 11:46:54 AM EDT","","","willeken@yahoo.com"
"Please DocuSign your CP insurance documents.-(941)286-2764| 00746500 | LR VO","Delivered","Ralph Willeke","Delivered","5/15/2018 10:57:24 AM EDT","","5/16/2018 6:52:36 PM EDT","","","willeken@yahoo.com"
"Correct: Please DocuSign your  Tower Hill flood insurance application.-(727)251-5984| 00736865 | LU","Completed","STEFAN BABJACK","Completed","5/15/2018 10:56:32 AM EDT","5/15/2018 11:49:29 AM EDT","5/15/2018 11:45:20 AM EDT","5/15/2018 11:49:29 AM EDT","5/15/2018 11:49:29 AM EDT","stefanbabjak@gmail.com"
"Please DocuSign your Velocity insurance documents.-(954)547-3573| 00746593 |  LU VO","Sent","RICHARD TODD","Sent","5/15/2018 10:14:02 AM EDT","","","","","rpt9014@aol.com"
"Please DocuSign your Velocity insurance documents.-(954)547-3573| 00746593 |  LU VO","Sent","BOBBETTE H TODD","Sent","5/15/2018 10:14:02 AM EDT","","","","","rpt9014@aol.com"
"Please DocuSign your Allrisks insurance documents.-(978)503-2731| 00746581 |  LU HH","Completed","Fonseca, Glynn","Completed","5/15/2018 10:01:46 AM EDT","5/15/2018 10:53:02 AM EDT","5/15/2018 10:43:30 AM EDT","5/15/2018 10:53:02 AM EDT","5/15/2018 10:53:02 AM EDT","tacoatwork@gmail.com"
"Please DocuSign your UPCIC  insurance documents.-(305)905-3222| 00746573 |  AG","Completed","JUAN  DIEGO PINEDA","Completed","5/15/2018 9:39:07 AM EDT","5/15/2018 9:46:31 AM EDT","5/15/2018 9:45:10 AM EDT","5/15/2018 9:46:31 AM EDT","5/15/2018 9:46:31 AM EDT","juancho2402@gmail.com"
"Please DocuSign your Allrisks insurance documents.-(407)209-4704| 00746553 | LR Kory","Sent","Myers Judith","Sent","5/15/2018 9:34:24 AM EDT","","","","","judith_myrs@yahoo.com"
"Please DocuSign your new ASI flood insurance application.--(941)747-7987| 00527903 |  LR","Completed","Camille Loy","Completed","5/15/2018 9:20:05 AM EDT","5/15/2018 12:43:58 PM EDT","5/15/2018 12:43:42 PM EDT","5/15/2018 12:43:58 PM EDT","5/15/2018 12:43:58 PM EDT","camilleloy@att.net"
"missing sign:Please DocuSign Cancellation request form.-(954)541-5197| 00733942 | MO","Completed","Linda Lee Borys","Completed","5/15/2018 9:02:52 AM EDT","5/15/2018 9:22:46 AM EDT","5/15/2018 9:22:36 AM EDT","5/15/2018 9:22:46 AM EDT","5/15/2018 9:22:46 AM EDT","adam@bisonroofingandsolar.com"
"Please DocuSign Cancellation request form.-(954)826-0432| 00744426 | MO","Completed","Adeleke Omisande","Completed","5/15/2018 8:54:01 AM EDT","5/15/2018 8:40:04 PM EDT","5/15/2018 8:39:42 PM EDT","5/15/2018 8:40:04 PM EDT","5/15/2018 8:40:04 PM EDT","backtoland02@aol.com"
"Please DocuSign Cancellation request form.-(561)628-3525 | 00302980 | MO","Sent","Kelly  Shoumate","Sent","5/15/2018 8:47:57 AM EDT","","","","","rhondamrg@yahoo.com"
"Please DocuSign Cancellation request form.-(561)628-3525 | 00302980 | MO","Sent","Rhonda Shoumate","Sent","5/15/2018 8:47:57 AM EDT","","","","","rhondamrg@yahoo.com"
"Please DocuSign: FLH-0007892 Inspection Letter.-(727)310-9523| 00726406 | LR","Sent","MINOR HERBERT","Sent","5/14/2018 2:18:53 PM EDT","","","","","herbandcora@gmail.com"
"Please DocuSign your UPCIC insurance documents.-(561)596-6545| 00746512 | LU","Completed","Sara  Villar","Completed","5/14/2018 2:16:55 PM EDT","5/14/2018 3:20:51 PM EDT","5/14/2018 2:42:21 PM EDT","5/14/2018 3:20:51 PM EDT","5/14/2018 3:20:51 PM EDT","villar@kravis.org"
"Please DocuSign your UPCIC insurance documents.-(561)376-9905| 00620272 | LR VO","Delivered","Gloria  Dixon","Delivered","5/14/2018 2:02:21 PM EDT","","5/15/2018 10:18:53 AM EDT","","","gdpeace360@yahoo.com"
"Please DocuSign your UPCIC insurance documents.-(321)279-9056| 00746467 | LR","Completed","Max  Debonville","Completed","5/14/2018 1:11:35 PM EDT","5/14/2018 2:40:20 PM EDT","5/14/2018 2:39:48 PM EDT","5/14/2018 2:41:57 PM EDT","5/14/2018 2:40:20 PM EDT","Torresf2016@fau.edu"
"Please DocuSign your UPCIC insurance documents.-(321)279-9056| 00746467 | LR","Completed","Fernando  Torres","Completed","5/14/2018 1:11:34 PM EDT","5/14/2018 2:41:57 PM EDT","5/14/2018 1:16:33 PM EDT","5/14/2018 2:41:57 PM EDT","5/14/2018 2:41:57 PM EDT","Torresf2016@fau.edu"
"Please DocuSign your Florida Specialty insurance documents.-(561)312-2772| 00746441 | LR","Completed","Elaine Textor","Completed","5/14/2018 1:06:33 PM EDT","5/14/2018 6:07:12 PM EDT","5/14/2018 6:06:07 PM EDT","5/14/2018 6:07:12 PM EDT","5/14/2018 6:07:12 PM EDT","etartuce@gmail.com"
"Please DocuSign your Southern fidelity insurance documents.-(954)839-9592| 00746457 | LR","Completed","SEBASTIAN LARA","Completed","5/14/2018 1:01:20 PM EDT","5/14/2018 1:20:41 PM EDT","5/14/2018 1:01:43 PM EDT","5/14/2018 1:20:41 PM EDT","5/14/2018 1:20:41 PM EDT","aisha@lawflorida.com"
"Please DocuSign your The Hartford insurance documents.-(561)373-7173| 00477371 | LU","Completed","DAVIS,COLETTE","Completed","5/14/2018 12:53:00 PM EDT","5/14/2018 1:30:21 PM EDT","5/14/2018 1:27:07 PM EDT","5/14/2018 1:30:21 PM EDT","5/14/2018 1:30:21 PM EDT","colettedavis9106@comcast.net"
"Please DocuSign your ASI insurance documents.- pc#:FLD421612 ph#:(772)777-0793 SB","Completed","DONNIE POLLY","Completed","5/14/2018 11:56:38 AM EDT","5/14/2018 10:18:07 PM EDT","5/14/2018 10:17:33 PM EDT","5/14/2018 10:18:07 PM EDT","5/14/2018 10:18:07 PM EDT","TIPTOP.ROOFING@YAHOO.COM"
"Please DocuSign Cancellation request form.-(201)965-2295 | 00729054 | LR","Sent","Joanne Oltmanns","Sent","5/14/2018 11:08:33 AM EDT","","","","","joltmanns@optonline.net"
"Please DocuSign: NVH-0004175 Inspection Letter.-(786)314-3303| 00725824 |  LR","Sent","Jean Mary, Gloria","Sent","5/14/2018 11:03:15 AM EDT","","","","","gloria.jeanmary@yahoo.com"
"Please DocuSign your Bass & Cancellation insurance documents.-(321)947-9573| 00738455 | LR DR","Sent","Samuel Knight","Sent","5/14/2018 10:59:26 AM EDT","","","","","SAMUELKNIGHT1950@yahoo.com"
"Please DocuSign your Aspen insurance documents.-(561)336-4467| 00734352 | LR BB","Sent","John Kelly","Sent","5/14/2018 10:54:44 AM EDT","","","","","najadaddy@hotmail.com"
"Please DocuSign your Aspen insurance documents.-(954)773-5449 | 00740061 | LR DR","Sent","Asha Kiciman","Sent","5/14/2018 10:53:18 AM EDT","","","","","ashakiciman@hotmail.com"
"Please DocuSign your Statement.-(352)254-0307| 00729384 | LR","Completed","Wedell, Jordan","Completed","5/14/2018 10:32:16 AM EDT","5/14/2018 11:01:10 AM EDT","5/14/2018 10:59:38 AM EDT","5/14/2018 11:01:10 AM EDT","5/14/2018 11:01:10 AM EDT","jordan.wedell92@gmail.com"
"Please DocuSign Cancellation request form.-(561)301-2392| 00746170 | VO","Completed","Luis Marin","Completed","5/14/2018 10:22:30 AM EDT","5/14/2018 2:11:01 PM EDT","5/14/2018 2:09:37 PM EDT","5/16/2018 2:35:33 PM EDT","5/14/2018 2:11:01 PM EDT","titaban@aol.com"
"Please DocuSign Cancellation request form.-(561)301-2392| 00746170 | VO","Completed","Benilda Marin","Completed","5/14/2018 10:22:29 AM EDT","5/16/2018 2:35:33 PM EDT","5/14/2018 2:16:30 PM EDT","5/16/2018 2:35:33 PM EDT","5/16/2018 2:35:33 PM EDT","titaban@aol.com"
"Please DocuSign your Velocity  insurance documents.-(305)793-8836| 00746385 | SB","Delivered","Michael Lee","Delivered","5/14/2018 9:50:58 AM EDT","","5/16/2018 1:10:37 PM EDT","","","mikeplee3@aol.com"
"Please DocuSign your Velocity  insurance documents.-(305)793-8836| 00746385 | SB","Delivered","Jovita Lee","Delivered","5/14/2018 9:50:58 AM EDT","","5/14/2018 11:57:30 AM EDT","","","mikeplee3@aol.com"
"Please DocuSign your Bass insurance documents.- ph#:631-521-3863 pc#AGPT115477 LU BB","Sent","Wayne Bunting","Sent","5/14/2018 9:40:52 AM EDT","","","","","Junkman46@optionline.net"
"Please DocuSign Cancellation request form.-(775)340-4327| 00596020 | MO","Sent","Jennifer Swallow","Delivered","5/14/2018 9:12:39 AM EDT","","5/14/2018 2:17:52 PM EDT","","","arloswallow@gmail.com"
"Please DocuSign Cancellation request form.-(775)340-4327| 00596020 | MO","Sent","Arlo Swallow","Sent","5/14/2018 9:12:39 AM EDT","","","","","arloswallow@gmail.com"
"Please DocuSign Cancellation request form.-(321)482-0116| 00740785 | MO","Delivered","Elizabeth Trepanier","Delivered","5/14/2018 9:06:06 AM EDT","","5/14/2018 9:21:58 AM EDT","","","Epulliam1@att.net"
"Please DocuSign Cancellation request form.-(321)482-0116| 00740785 | MO","Delivered","Alan Trepanier","Delivered","5/14/2018 9:06:06 AM EDT","","5/14/2018 1:02:22 PM EDT","","","Epulliam1@att.net"
"Please DocuSign Cancellation request form.-(954)541-5197| 00733942 | MO","Completed","Kimberly  Coughlin","Completed","5/14/2018 9:00:13 AM EDT","5/14/2018 9:04:35 AM EDT","5/14/2018 9:04:26 AM EDT","5/14/2018 9:04:35 AM EDT","5/14/2018 9:04:35 AM EDT","adam@bisonroofingandsolar.com"
"Please DocuSign Cancellation request form.-(561)889-2366| 00583314 | MO","Sent","Gaines Tay B","Sent","5/14/2018 8:54:03 AM EDT","","","","","my3tays@gmail.com"
"Please DocuSign Cancellation request form.-(561)889-2366| 00583314 | MO","Sent","Debra L Robinson","Sent","5/14/2018 8:54:03 AM EDT","","","","","my3tays@gmail.com"
"Please DocuSign your Velocity  insurance documents.-(954)629-5512 | 00746129 |  LR","Completed","Greg Hester","Completed","5/11/2018 2:56:40 PM EDT","5/11/2018 3:29:42 PM EDT","5/11/2018 3:26:37 PM EDT","5/11/2018 3:29:42 PM EDT","5/11/2018 3:29:42 PM EDT","greghester62@gmail.com"
"Please DocuSign your ASI insurance documents.-(618)741-5207| 00746084 | LR","Completed","Matthew  Bailey","Completed","5/11/2018 2:50:42 PM EDT","5/16/2018 11:04:48 AM EDT","5/14/2018 3:16:35 PM EDT","5/16/2018 11:06:13 AM EDT","5/16/2018 11:04:48 AM EDT","Mattay83@yahoo.com"
"Please DocuSign your ASI insurance documents.-(618)741-5207| 00746084 | LR","Completed","Catherine  Bailey","Completed","5/11/2018 2:50:42 PM EDT","5/16/2018 11:06:13 AM EDT","5/11/2018 10:06:18 PM EDT","5/16/2018 11:06:13 AM EDT","5/16/2018 11:06:13 AM EDT","Mattay83@yahoo.com"
"Please DocuSign your Bass insurance documents.-(407)830-4140| 00746067 | LR JK","Completed","Laura Magdor","Completed","5/11/2018 2:42:06 PM EDT","5/11/2018 3:20:49 PM EDT","5/11/2018 3:14:01 PM EDT","5/11/2018 3:20:49 PM EDT","5/11/2018 3:20:49 PM EDT","Lmagdor@cfl.rr.com"
"Please DocuSign your Wind Mitigation inspection.-(561)350-7141| 00738688 | SB","Completed","Xavier Comment","Completed","5/11/2018 2:35:00 PM EDT","5/11/2018 2:49:13 PM EDT","5/11/2018 2:46:20 PM EDT","5/11/2018 2:49:13 PM EDT","5/11/2018 2:49:13 PM EDT","xaviercomment@gmail.com"
"Please DocuSign your St.Johns insurance documents.-(954)649-7014| 00620408 | LR  VO","Completed","MARY DEVINCENT","Completed","5/11/2018 2:26:29 PM EDT","5/11/2018 2:33:40 PM EDT","5/11/2018 2:32:25 PM EDT","5/11/2018 2:33:40 PM EDT","5/11/2018 2:33:40 PM EDT","MATBLACK5459@GMAIL.COM"
"Please DocuSign your UPC insurance documents.-(516)835-8756| 00746088 | LR","Completed","DONALD A MOS","Completed","5/11/2018 1:51:32 PM EDT","5/13/2018 6:49:15 AM EDT","5/13/2018 6:48:25 AM EDT","5/14/2018 8:29:48 PM EDT","5/13/2018 6:49:15 AM EDT","camdam@optonline.net"
"Please DocuSign your UPC insurance documents.-(516)835-8756| 00746088 | LR","Completed","CHERYL MOS","Completed","5/11/2018 1:51:31 PM EDT","5/14/2018 8:29:48 PM EDT","5/14/2018 8:26:09 PM EDT","5/14/2018 8:29:48 PM EDT","5/14/2018 8:29:48 PM EDT","camdam@optonline.net"
"Please DocuSign your Allrisks insurance documents.-(954)430-3035| 00746041  LR BB","Completed","Gregor, John","Completed","5/11/2018 1:43:09 PM EDT","5/14/2018 4:10:11 PM EDT","5/14/2018 1:19:56 PM EDT","5/14/2018 4:10:11 PM EDT","5/14/2018 4:10:11 PM EDT","codjd@comcast.net"
"Please DocuSign your Bass insurance documents.-(315)706-2149| 00745880 |  LR BB","Delivered","Eliran Halliva","Delivered","5/11/2018 1:36:04 PM EDT","","5/12/2018 8:52:03 AM EDT","","","viabellainc@gmail.com"
"Please DocuSign your UPC insurance documents.-(407)921-5211| 00745874 | LR","Completed","KATHLEEN JOHNSON","Completed","5/11/2018 1:15:08 PM EDT","5/11/2018 5:11:30 PM EDT","5/11/2018 5:10:58 PM EDT","5/11/2018 5:13:39 PM EDT","5/11/2018 5:11:30 PM EDT","Kjohnson0027@yahoo.com"
"Please DocuSign your UPC insurance documents.-(407)921-5211| 00745874 | LR","Completed","FLOYD JOHNSON","Completed","5/11/2018 1:15:08 PM EDT","5/11/2018 5:13:39 PM EDT","5/11/2018 5:12:13 PM EDT","5/11/2018 5:13:39 PM EDT","5/11/2018 5:13:39 PM EDT","Kjohnson0027@yahoo.com"
"Please DocuSign your UPCIC  insurance documents.-(954)629-1132| 00745863 | SB","Completed","Decius  Pierre Louis","Completed","5/11/2018 12:53:42 PM EDT","5/14/2018 5:34:07 PM EDT","5/14/2018 5:30:20 PM EDT","5/14/2018 5:34:07 PM EDT","5/14/2018 5:34:07 PM EDT","deciuslouis@yahoo.com"
"CORRECTED: Please DocuSign your Allrisks insurance documents.-(561)767-5610 00745857 | LR BB","Completed","Ruiz, Elizabeth","Completed","5/11/2018 12:48:18 PM EDT","5/15/2018 11:25:00 AM EDT","5/11/2018 3:53:04 PM EDT","5/15/2018 11:25:00 AM EDT","5/15/2018 11:25:00 AM EDT","lizruiz8@aol.com"
"Please DocuSign your UPCIC insurance documents.-(954)338-8934 | 00746071 | SB","Sent","Modelet  Jossaint","Sent","5/11/2018 12:39:04 PM EDT","","","","","mjossaint@sunsentinal.com"
"Please DocuSign your UPCIC insurance documents.-(954)338-8934 | 00746071 | SB","Sent","Edeline  Siffrain","Sent","5/11/2018 12:39:05 PM EDT","","","","","mjossaint@sunsentinal.com"
"Please DocuSign your UPC insurance documents.-(407)376-9499| 00746053 | SB","Completed","Veronica Denoia","Completed","5/11/2018 12:33:20 PM EDT","5/11/2018 12:44:18 PM EDT","5/11/2018 12:40:25 PM EDT","5/11/2018 12:44:18 PM EDT","5/11/2018 12:44:18 PM EDT","ronniedenoia@aol.com"
"Please DocuSign your UPCIC insurance documents.-(561)723-4028| 00745893 |  LR","Sent","VIANA  MAURICE","Sent","5/11/2018 12:25:32 PM EDT","","","","","Giljoseph79@yahoo.com"
"Please DocuSign your UPCIC insurance documents.-(561)723-4028| 00745893 |  LR","Sent","GILBERT PRESUME","Sent","5/11/2018 12:25:32 PM EDT","","","","","Giljoseph79@yahoo.com"
"Please DocuSign your Velocity  insurance documents.-(786)439-9665| 00745887 | SB VO","Completed","Michael Pascale","Completed","5/11/2018 12:08:49 PM EDT","5/11/2018 6:55:17 PM EDT","5/11/2018 3:49:14 PM EDT","5/11/2018 6:55:17 PM EDT","5/11/2018 6:55:17 PM EDT","mjp11117@yahoo.com"
"Please DocuSign your UPC insurance documents.-(757)232-5928| 00746018 |  SB VO","Completed","KATHY DOBSON","Completed","5/11/2018 11:15:29 AM EDT","5/11/2018 12:07:44 PM EDT","5/11/2018 12:05:26 PM EDT","5/11/2018 12:10:47 PM EDT","5/11/2018 12:07:44 PM EDT","jdobson6@verizon.net"
"Please DocuSign your UPC insurance documents.-(757)232-5928| 00746018 |  SB VO","Completed","JAMES T DOBSON","Completed","5/11/2018 11:15:29 AM EDT","5/11/2018 12:10:47 PM EDT","5/11/2018 12:09:41 PM EDT","5/11/2018 12:10:47 PM EDT","5/11/2018 12:10:47 PM EDT","jdobson6@verizon.net"
"Please DocuSign your UPCIC insurance documents.-(954)632-0539| 00736563 | LR","Completed","Nicholas Pacheco","Completed","5/11/2018 11:10:49 AM EDT","5/11/2018 11:13:05 AM EDT","5/11/2018 11:11:32 AM EDT","5/11/2018 11:13:05 AM EDT","5/11/2018 11:13:05 AM EDT","N_pachecus@outlook.com"
"Please DocuSign your BASS insurance documents.-(941)623-9105| 00654758 | LR","Completed","Barbara Rowland","Completed","5/11/2018 10:50:21 AM EDT","5/12/2018 3:29:19 PM EDT","5/12/2018 3:23:48 PM EDT","5/12/2018 3:29:19 PM EDT","5/12/2018 3:29:19 PM EDT","Barjorowland45@gmail.com"
"Please DocuSign your new ASI flood insurance application.-(954)200-9112| 00745982 | SB","Completed","DANAIRY PEREZ","Completed","5/11/2018 10:42:52 AM EDT","5/12/2018 8:11:27 AM EDT","5/11/2018 11:03:43 AM EDT","5/12/2018 8:11:27 AM EDT","5/12/2018 8:11:27 AM EDT","danairyperez29@gmail.com"
"new:Please DocuSign your TH  insurance documents.-(360)350-2912| 00745973 | SB","Delivered","Stephen Fox","Delivered","5/11/2018 10:38:51 AM EDT","","5/11/2018 1:16:56 PM EDT","","","stephen.e.fox@gmail.com"
"new:Please DocuSign your TH  insurance documents.-(360)350-2912| 00745973 | SB","Delivered","Carmen D Dominguez","Delivered","5/11/2018 10:38:52 AM EDT","","5/11/2018 1:30:05 PM EDT","","","stephen.e.fox@gmail.com"
"new:Please DocuSign Aspen insurance documents.-(561)420-2105 | 00712869 | KC","Completed","Eve Caty","Completed","5/11/2018 10:26:55 AM EDT","5/11/2018 11:05:02 AM EDT","5/11/2018 11:03:20 AM EDT","5/11/2018 11:05:02 AM EDT","5/11/2018 11:05:02 AM EDT","evecaty@gmail.com"
"Please DocuSign Cancellation request form.-(850)499-3306| 00602528 | MO","Completed","Michael Woods","Completed","5/11/2018 10:20:39 AM EDT","5/11/2018 11:05:56 AM EDT","5/11/2018 11:04:45 AM EDT","5/11/2018 11:05:56 AM EDT","5/11/2018 11:05:56 AM EDT","mikew614@yahoo.com"
"Please DocuSign Cancellation request form.- (310)993-7423| 00738527 | MO","Completed","Rafael Molina","Completed","5/11/2018 10:16:42 AM EDT","5/15/2018 7:47:48 AM EDT","5/15/2018 7:47:01 AM EDT","5/15/2018 7:47:48 AM EDT","5/15/2018 7:47:48 AM EDT","rjimolina@gmail.com"
"Please DocuSign your Allrisks insurance documents.-(321)301-6183| 00738052 |  SR HH","Sent","Elbagoury, Mervat","Sent","5/11/2018 10:13:44 AM EDT","","","","","mervatbagoury1@gmail.com"
"Please DocuSign Cancellation request form.-(786)556-4722| 00733497 | MO","Completed","Sahada Alcazar","Completed","5/11/2018 10:08:18 AM EDT","5/11/2018 10:40:32 AM EDT","5/11/2018 10:15:08 AM EDT","5/11/2018 10:40:32 AM EDT","5/11/2018 10:40:32 AM EDT","SAHADA_1@HOTMAIL.COM"
"Please DocuSign this agent of record form.- KG","Completed","Carmen Riner","Completed","5/11/2018 10:03:53 AM EDT","5/11/2018 2:18:41 PM EDT","5/11/2018 2:16:41 PM EDT","5/11/2018 2:18:41 PM EDT","5/11/2018 2:18:41 PM EDT","dcrin2010@hotmail.com"
"Please DocuSign Skipjack Premium Finance form.-(954)993-0200| 00595627 | AJ KC","Delivered","Scott Rose","Delivered","5/11/2018 10:00:50 AM EDT","","5/13/2018 12:53:44 PM EDT","","","scottrose222@gmail.com"
"Please DocuSign your compliance form.- JK","Completed","Matthew Bailey","Completed","5/11/2018 9:53:56 AM EDT","5/11/2018 11:29:00 AM EDT","5/11/2018 11:21:17 AM EDT","5/11/2018 11:29:00 AM EDT","5/11/2018 11:29:00 AM EDT","mattbaileyblues@yahoo.com"
"Please DocuSign your UPCIC insurance documents.-(954)937-5423| 00520816 | SB","Completed","Nathan  Kohley","Completed","5/11/2018 9:30:43 AM EDT","5/11/2018 10:00:38 AM EDT","5/11/2018 9:46:26 AM EDT","5/12/2018 1:44:30 PM EDT","5/11/2018 10:00:38 AM EDT","kohley@gmail.com"
"Please DocuSign your UPCIC insurance documents.-(954)937-5423| 00520816 | SB","Completed","Jessica  Kohley","Completed","5/11/2018 9:30:43 AM EDT","5/12/2018 1:44:30 PM EDT","5/11/2018 5:31:58 PM EDT","5/12/2018 1:44:30 PM EDT","5/12/2018 1:44:30 PM EDT","kohley@gmail.com"
"Please DocuSign your Progressive UM Form, (754)715-2677 | 00612955 | LU","Completed","LUIS PEREZ","Completed","5/11/2018 9:28:12 AM EDT","5/15/2018 1:12:37 PM EDT","5/15/2018 1:12:37 PM EDT","5/15/2018 1:12:37 PM EDT","5/15/2018 1:12:37 PM EDT","dispatchlp@gmail.com"
"Please DocuSign your compliance form.- JK","Completed","Gregory Hester","Completed","5/11/2018 9:14:52 AM EDT","5/11/2018 9:26:02 AM EDT","5/11/2018 9:25:19 AM EDT","5/11/2018 9:26:02 AM EDT","5/11/2018 9:26:02 AM EDT","andreftl68@aol.com"
"Please DocuSign your Allrisks insurance documents.-630-336-4110| 00745841 | LU Kory","Completed","Lynn M Stone","Completed","5/11/2018 9:12:05 AM EDT","5/11/2018 9:40:34 AM EDT","5/11/2018 9:40:07 AM EDT","5/11/2018 9:40:34 AM EDT","5/11/2018 9:40:34 AM EDT","lmstonenhp@gmail.com"
"Please DocuSign your TH new flood insurance application.-(954)965-9080| 00745825 | LR","Completed","Lisa Bavaro","Completed","5/11/2018 9:03:27 AM EDT","5/11/2018 9:24:45 AM EDT","5/11/2018 9:23:47 AM EDT","5/11/2018 9:27:25 AM EDT","5/11/2018 9:24:45 AM EDT","LF12@MSN.COM"
"Please DocuSign your TH new flood insurance application.-(954)965-9080| 00745825 | LR","Completed","KEITH  BAVARO","Completed","5/11/2018 9:03:28 AM EDT","5/11/2018 9:27:25 AM EDT","5/11/2018 9:26:49 AM EDT","5/11/2018 9:27:25 AM EDT","5/11/2018 9:27:25 AM EDT","LF12@MSN.COM"
"Please DocuSign your UPCIC insurance documents.-(954)822-7347| 00372924 | LR","Completed","Bambi  Fellows","Completed","5/11/2018 8:56:29 AM EDT","5/11/2018 12:01:47 PM EDT","5/11/2018 11:58:21 AM EDT","5/11/2018 12:01:47 PM EDT","5/11/2018 12:01:47 PM EDT","homedesigns4u@gmail.com"
"CORRECTED:Please DocuSign your ASI insurance document .-(787)671-4528 | 00279285 | SB MO","Sent","Carlos Hernandez","Sent","5/10/2018 9:02:37 PM EDT","","","","","Charlie1971@hotmail.com"
"CORRECTED:Please DocuSign your ASI insurance document .-(787)671-4528 | 00279285 | SB MO","Sent","MARIBEL CASTELLANOS","Completed","5/10/2018 9:02:37 PM EDT","5/10/2018 9:05:07 PM EDT","5/10/2018 9:03:31 PM EDT","","5/10/2018 9:05:07 PM EDT","maribelcaste@gmail.com"
"missing sig:Please DocuSign Cancellation request form.- (518)945-2697| 00346735 |  AG MO","Sent","Patricia M Baldwin","Sent","5/10/2018 7:25:41 PM EDT","","","","","klbaldwin1@yahoo.com"
"Please DocuSign your new ASI flood insurance application.-(941)323-4940 | 00636745 | LU","Completed","Kent Dexter","Completed","5/10/2018 2:48:51 PM EDT","5/13/2018 4:03:31 PM EDT","5/13/2018 3:39:56 PM EDT","5/13/2018 4:03:31 PM EDT","5/13/2018 4:03:31 PM EDT","shawnbce@gmail.com"
"Please DocuSign Cancellation request form.-(786)326-6172 | 00741716 | VO","Completed","Luis Giannattasio","Completed","5/10/2018 2:46:32 PM EDT","5/10/2018 5:27:55 PM EDT","5/10/2018 5:26:53 PM EDT","5/10/2018 5:27:55 PM EDT","5/10/2018 5:27:55 PM EDT","sellingmiamihomes@gmail.com"
"Please DocuSign your Allrisks insurance documents.-(541)410-3893 | 00745769 | LU HH","Completed","Rucks, Ernest","Completed","5/10/2018 2:09:18 PM EDT","5/10/2018 2:31:16 PM EDT","5/10/2018 2:29:30 PM EDT","5/10/2018 2:31:16 PM EDT","5/10/2018 2:31:16 PM EDT","arronrucks@hotmail.com"
"Please DocuSign your UPCIC insurance documents.-(813)516-1324| 00639838 | SB","Sent","Ana  Colon","Sent","5/10/2018 2:00:34 PM EDT","","","","","anap680@hotmail.com"
"New:Please DocuSign your Allrisks insurance documents.-(305)299-6084| 00735580 | LU","Completed","Adair William","Completed","5/10/2018 1:48:17 PM EDT","5/10/2018 2:16:07 PM EDT","5/10/2018 2:10:24 PM EDT","5/10/2018 2:16:07 PM EDT","5/10/2018 2:16:07 PM EDT","billadair05@yahoo.com"
"Please DocuSign your Florida Speciality insurance documents.-(561)818-4318| 00745737 | SB","Completed","Angela Riveros","Completed","5/10/2018 12:37:17 PM EDT","5/10/2018 1:52:38 PM EDT","5/10/2018 1:51:41 PM EDT","5/10/2018 1:52:38 PM EDT","5/10/2018 1:52:38 PM EDT","angeladriveros@gmail.com"
"Please DocuSign your UPCIC insurance documents.-(786)317-1597| 00636812 | SB","Completed","Shevon  Smith Alexis","Completed","5/10/2018 11:35:12 AM EDT","5/10/2018 2:14:28 PM EDT","5/10/2018 2:12:18 PM EDT","5/10/2018 2:14:28 PM EDT","5/10/2018 2:14:28 PM EDT","shevonsmith17@yahoo.com"
"Please DocuSign your Florida Specialty insurance documents.-(646)875-1444| 00745503 |  LU","Completed","Irit Ben Aharon","Completed","5/10/2018 11:26:45 AM EDT","5/10/2018 11:30:45 AM EDT","5/10/2018 11:30:19 AM EDT","5/10/2018 11:30:45 AM EDT","5/10/2018 11:30:45 AM EDT","iritbenaharon1@gmail.com"
"Please DocuSign Statement of No Loss form.-(917)923-3204| 00738804 | SB","Completed","Donald Trenkle","Completed","5/10/2018 11:21:11 AM EDT","5/10/2018 11:47:59 AM EDT","5/10/2018 11:47:20 AM EDT","5/10/2018 11:47:59 AM EDT","5/10/2018 11:47:59 AM EDT","dtss396@verizon.net"
"Please DocuSign your Velocity insurance documents.-(646)513-1430| 00745535 | SB","Completed","Alexis Atilano","Completed","5/10/2018 11:13:02 AM EDT","5/10/2018 12:04:10 PM EDT","5/10/2018 12:02:19 PM EDT","5/10/2018 12:04:10 PM EDT","5/10/2018 12:04:10 PM EDT","alexatilano85@gmail.com"
"Please DocuSign your Progressive insurance documents.-(954)599-3672| 00194182 | LU VO","Completed","Judith Adelstein","Completed","5/10/2018 11:03:05 AM EDT","5/14/2018 9:48:31 AM EDT","5/10/2018 12:32:14 PM EDT","5/14/2018 9:54:47 AM EDT","5/14/2018 9:48:31 AM EDT","steveadelstein@yahoo.com"
"Please DocuSign your Progressive insurance documents.-(954)599-3672| 00194182 | LU VO","Completed","Steven Adelstein","Completed","5/10/2018 11:03:06 AM EDT","5/14/2018 9:54:47 AM EDT","5/11/2018 3:02:57 PM EDT","5/14/2018 9:54:47 AM EDT","5/14/2018 9:54:47 AM EDT","steveadelstein@yahoo.com"
"Please DocuSign your UPCIC insurance documents.-(561)231-1609| 00745483 |  LR MO","Completed","Maria  Torres","Completed","5/10/2018 10:33:56 AM EDT","5/10/2018 11:19:43 AM EDT","5/10/2018 11:14:32 AM EDT","5/10/2018 11:19:43 AM EDT","5/10/2018 11:19:43 AM EDT","mariatorresc56@gmail.com"
"Please DocuSign your ASI flood insurance documents.-(305)393-4800 pc#FLD434480 SB","Completed","RALPH JUSTEN","Completed","5/10/2018 10:17:00 AM EDT","5/10/2018 11:12:59 AM EDT","5/10/2018 11:12:45 AM EDT","5/10/2018 11:12:59 AM EDT","5/10/2018 11:12:59 AM EDT","RJJ400@AOL.COM"
"Please DocuSign your UPCIC insurance documents.-(954)541-5197| 00733942 | SB","Completed","Linda Lee  Borys","Completed","5/10/2018 8:59:42 AM EDT","5/12/2018 6:54:41 PM EDT","5/12/2018 5:09:07 PM EDT","5/12/2018 6:58:23 PM EDT","5/12/2018 6:54:41 PM EDT","kimberly@bisonroofingandsolar.com"
"Please DocuSign your UPCIC insurance documents.-(954)541-5197| 00733942 | SB","Completed","KIMBERLY  COUGHLIN","Completed","5/10/2018 8:59:42 AM EDT","5/12/2018 6:58:23 PM EDT","5/12/2018 6:56:52 PM EDT","5/12/2018 6:58:23 PM EDT","5/12/2018 6:58:23 PM EDT","kimberly@bisonroofingandsolar.com"
"Please DocuSign your Progressive  insurance documents.-(248)752-1063| 00724905 | Manny","Completed","DIANNE TOCCO","Completed","5/9/2018 4:26:51 PM EDT","5/10/2018 8:45:12 AM EDT","5/10/2018 8:40:09 AM EDT","5/10/2018 8:45:12 AM EDT","5/10/2018 8:45:12 AM EDT","trtocco@gmail.com"
"Please DocuSign your Lexington insurance documents.-(954)294-6118| 00663042 | LR BB manny","Completed","Randy Starr","Completed","5/9/2018 4:06:58 PM EDT","5/9/2018 4:45:14 PM EDT","5/9/2018 4:44:12 PM EDT","5/9/2018 4:45:14 PM EDT","5/9/2018 4:45:14 PM EDT","rstarr@comcast.net"
"Please DocuSign your UPCIC insurance documents.-(954)410-9166| 00745388 | SB","Sent","Sally  Lorenzo","Sent","5/9/2018 1:37:08 PM EDT","","","","","Rlorenzo1985@gmail.com"
"Please DocuSign your new Asi flood insurance application.-(561)308-4326| 00225545 | LU","Completed","WENDY TOPOLINSKI","Completed","5/9/2018 1:27:02 PM EDT","5/9/2018 1:36:02 PM EDT","5/9/2018 1:33:09 PM EDT","5/9/2018 1:36:02 PM EDT","5/9/2018 1:36:02 PM EDT","wltopo@gmail.com"
"Please DocuSign your UPCIC insurance documents.-(813)231-0997| 00745361 | SB","Sent","Jerry  Alexander","Sent","5/9/2018 1:07:12 PM EDT","","","","","Gismo4951@yahoo.com"
"Please DocuSign your UPCIC insurance documents.-(813)231-0997| 00745361 | SB","Sent","Patricia  Tyler","Sent","5/9/2018 1:07:12 PM EDT","","","","","Gismo4951@yahoo.com"
"Please DocuSign your Lexington insurance documents.-(954)294-6118| 00663042 | LR VO BB","Completed","Randy Starr","Completed","5/9/2018 12:59:26 PM EDT","5/9/2018 1:40:35 PM EDT","5/9/2018 1:35:33 PM EDT","5/9/2018 1:40:35 PM EDT","5/9/2018 1:40:35 PM EDT","rstarr@comcast.net"
"Please DocuSign your BASS & Bulldog insurance documents.-(321)609-0379| 00737637 | KG LR","Completed","Janet Boothe","Completed","5/9/2018 12:29:38 PM EDT","5/11/2018 12:01:02 AM EDT","5/10/2018 11:46:29 PM EDT","5/11/2018 12:01:02 AM EDT","5/11/2018 12:01:02 AM EDT","Pinkpanache13@gmail.com"
"Please DocuSign your new ASI flood insurance application(917)913-5302 | 00547310 | LR","Sent","PHYLLIS GOODEN","Sent","5/9/2018 12:27:57 PM EDT","","","","","phyllisgooden@hotmail.com"
"Please DocuSign: NVH-0004337 Inspection Letter.-(810)444-0004| 00732482 | LR","Completed","Moore, Davis","Completed","5/9/2018 12:27:36 PM EDT","5/16/2018 3:00:38 PM EDT","5/16/2018 2:59:54 PM EDT","5/16/2018 3:00:38 PM EDT","5/16/2018 3:00:38 PM EDT","jdmo007@yahoo.com"
"Please DocuSign your Allrisks insurance documents.-(352)383-0675| 00740152 | SB BB","Sent","Johnson, Karen","Sent","5/9/2018 12:25:35 PM EDT","","","","","Jjoh104011@gmail.com"
"Please DocuSign your UPCIC insurance documents.-(954)562-6625| 00735600 | LR","Completed","ALEXIS ANDRES TORRES","Completed","5/9/2018 12:07:40 PM EDT","5/9/2018 1:52:47 PM EDT","5/9/2018 1:49:01 PM EDT","5/9/2018 1:52:47 PM EDT","5/9/2018 1:52:47 PM EDT","atstorres7@gmail.com"
"Please DocuSign your UPCIC  insurance documents.-(786)975-4069| 00741355 | LR","Completed","Jerry Desir","Completed","5/9/2018 11:57:52 AM EDT","5/10/2018 1:24:53 PM EDT","5/10/2018 1:23:48 PM EDT","5/10/2018 1:26:02 PM EDT","5/10/2018 1:24:53 PM EDT","jerrypaul519@gmail.com"
"Please DocuSign your UPCIC  insurance documents.-(786)975-4069| 00741355 | LR","Completed","Florence Paul-Felix","Completed","5/9/2018 11:57:53 AM EDT","5/10/2018 1:26:02 PM EDT","5/10/2018 1:25:21 PM EDT","5/10/2018 1:26:02 PM EDT","5/10/2018 1:26:02 PM EDT","jerrypaul519@gmail.com"
"Please DocuSign your Velocity insurance documents.-(718)427-4406 | 00745340 | SB","Completed","Gyorgy  Vereszki","Completed","5/9/2018 11:46:46 AM EDT","5/9/2018 12:23:26 PM EDT","5/9/2018 12:19:24 PM EDT","5/9/2018 12:23:26 PM EDT","5/9/2018 12:23:26 PM EDT","vergyurka@yahoo.com"
"NEW: Please DocuSign your Velocity insurance documents.-(561)732-8707| 00376909 | SB","Delivered","Martha Glaser","Delivered","5/9/2018 11:39:42 AM EDT","","5/9/2018 12:00:06 PM EDT","","","irenemarg1@gmail.com"
"Please DocuSign your UPCIC insurance documents.-(704)495-1316 | 00739026 | SB","Sent","Evelyn Hughes","Sent","5/9/2018 11:00:34 AM EDT","","","","","ehughesuk@aol.com"
"Please DocuSign your Wind Mitigation inspection.-(603)437-9234 | 00740844 | SB","Completed","Doris  Perlmutter","Completed","5/9/2018 10:57:21 AM EDT","5/10/2018 2:50:32 PM EDT","5/10/2018 7:27:48 AM EDT","5/10/2018 2:50:32 PM EDT","5/10/2018 2:50:32 PM EDT","batya22@aol.com"
"Please DocuSign your Bass insurance documents.-(352)754-1923 | 00097333 | LR BB","Completed","kevin b.quirke","Completed","5/9/2018 10:39:04 AM EDT","5/13/2018 6:26:59 AM EDT","5/13/2018 6:23:55 AM EDT","5/13/2018 6:26:59 AM EDT","5/13/2018 6:26:59 AM EDT","k_quirke@hotmail.com"
"Please DocuSign your Allrisks & Geovera insurance documents.-(561)945-5060| 00533158 | LR MO Matt","Completed","Tracey Davis","Completed","5/9/2018 10:26:48 AM EDT","5/9/2018 2:02:27 PM EDT","5/9/2018 2:01:57 PM EDT","5/9/2018 2:02:27 PM EDT","5/9/2018 2:02:27 PM EDT","Tracey.davis44@gmail.com"
"Please DocuSign Statement of No Loss form.-(772)532-8889| 00723305 | LR","Completed","Wetzel, Ralph","Completed","5/9/2018 10:06:47 AM EDT","5/9/2018 5:56:13 PM EDT","5/9/2018 5:54:53 PM EDT","5/9/2018 5:56:13 PM EDT","5/9/2018 5:56:13 PM EDT","rdw1772@gmail.com"
"Please DocuSign: HVH-0001735 Inspection Letter.-(754)422-9657 | 00715400 | KC LR","Delivered","Hart, Elizabeth","Delivered","5/9/2018 10:01:18 AM EDT","","5/16/2018 5:51:44 AM EDT","","","ehart208@gmail.com"
"Please DocuSign your Olympus insurance documents.-(702)757-7507| 00470083 | SB VO","Completed","Dennis Hinckley","Completed","5/9/2018 9:57:55 AM EDT","5/10/2018 7:08:21 PM EDT","5/9/2018 9:59:19 AM EDT","5/10/2018 7:08:21 PM EDT","5/10/2018 7:08:21 PM EDT","dhbb@yahoo.com"
"Please DocuSign your Florida Peninsula insurance documents.-(561)452-3246| 00745127 | LR","Completed","LAMERTO SUAZO","Completed","5/9/2018 9:27:39 AM EDT","5/9/2018 4:38:11 PM EDT","5/9/2018 11:49:58 AM EDT","5/9/2018 4:38:11 PM EDT","5/9/2018 4:38:11 PM EDT","SUAZOLAMBERTO@YAHOO.COM"
"Please DocuSign your SFI  insurance documents.-(913)235-9942| 00728318 | SB","Delivered","Kevin Johnson","Delivered","5/9/2018 9:15:41 AM EDT","","5/10/2018 8:31:44 AM EDT","","","kjohnson5535@gmail.com"
"Please DocuSign your Velocity insurance documents.-(561)629-6904 | 00737324 |  SB","Completed","Tina Fisher","Completed","5/9/2018 9:02:05 AM EDT","5/9/2018 10:00:15 AM EDT","5/9/2018 9:59:44 AM EDT","5/9/2018 10:00:55 AM EDT","5/9/2018 10:00:15 AM EDT","domis111@yahoo.com"
"Please DocuSign your Velocity insurance documents.-(561)629-6904 | 00737324 |  SB","Completed","Kenneth J Fisher III","Completed","5/9/2018 9:02:05 AM EDT","5/9/2018 10:00:55 AM EDT","5/9/2018 10:00:30 AM EDT","5/9/2018 10:00:55 AM EDT","5/9/2018 10:00:55 AM EDT","domis111@yahoo.com"
"Please DocuSign your Foremost insurance documents.-(561)906-3942 | 00745167 | LU","Completed","DUSTYN MCCOY","Completed","5/9/2018 8:51:53 AM EDT","5/14/2018 12:47:27 PM EDT","5/14/2018 12:46:53 PM EDT","5/14/2018 12:47:27 PM EDT","5/14/2018 12:47:27 PM EDT","Rdhdldy15@gmail.com"
"Please DocuSign your Velocity insurance documents.-(360)635-7915| 00743649 | SB VO","Completed","Cynthia Pierre","Completed","5/8/2018 3:28:40 PM EDT","5/8/2018 4:47:12 PM EDT","5/8/2018 4:45:28 PM EDT","5/8/2018 4:50:48 PM EDT","5/8/2018 4:47:12 PM EDT","pierrecynthia@gmail.com"
"Please DocuSign your Velocity insurance documents.-(360)635-7915| 00743649 | SB VO","Completed","Agnes Pierre","Completed","5/8/2018 3:28:40 PM EDT","5/8/2018 4:50:48 PM EDT","5/8/2018 4:50:25 PM EDT","5/8/2018 4:50:48 PM EDT","5/8/2018 4:50:48 PM EDT","pierrecynthia@gmail.com"
"Please DocuSign compliance form  | 00744809 | (908)414-9431  SB","Completed","Daisy Ortiz","Completed","5/8/2018 2:52:21 PM EDT","5/8/2018 3:36:23 PM EDT","5/8/2018 3:35:52 PM EDT","5/8/2018 3:36:23 PM EDT","5/8/2018 3:36:23 PM EDT","dortiz0707@gmail.com"
"Please DocuSign your UPCIC insurance documents.-(954)804-8346| 00740710 | LR","Voided","Irene Rifkind","Delivered","5/8/2018 1:51:40 PM EDT","","5/9/2018 11:21:58 AM EDT","5/16/2018 12:27:37 AM EDT","","sahuston1@gmail.com"
"Please DocuSign your UPCIC insurance documents.-(516)309-3282 | 00745060 | LR","Completed","Cary  Press","Completed","5/8/2018 1:40:06 PM EDT","5/9/2018 10:24:55 AM EDT","5/8/2018 1:41:21 PM EDT","5/9/2018 10:24:55 AM EDT","5/9/2018 10:24:55 AM EDT","cspcary@gmail.com"
"Please DocuSign your UPCIC insurance documents.-(615)517-4401| 00745037 | SB","Voided","Mary E Hall","Delivered","5/8/2018 1:29:09 PM EDT","","5/8/2018 2:03:56 PM EDT","5/16/2018 12:26:44 AM EDT","","hallfamily5300@yahoo.com"
"Please DocuSign your UPCIC insurance documents.-(401)405-8595| 00745032 | SB","Completed","Christopher M Lanni","Completed","5/8/2018 1:11:52 PM EDT","5/8/2018 4:49:43 PM EDT","5/8/2018 4:41:23 PM EDT","5/8/2018 4:49:43 PM EDT","5/8/2018 4:49:43 PM EDT","chris.ml1000@cox.net"
"Please DocuSign your new ASI flood insurance application.-(336)996-7049| 00094073 | LU","Completed","Betty L Munson","Completed","5/8/2018 1:07:41 PM EDT","5/9/2018 10:18:44 AM EDT","5/9/2018 10:13:06 AM EDT","5/9/2018 10:18:44 AM EDT","5/9/2018 10:18:44 AM EDT","berichbuns@aol.com"
"Please DocuSign your UPC insurance documents.-(321)474-7903| 00745017 | SB","Completed","MELINDA AYALA","Completed","5/8/2018 1:03:17 PM EDT","5/8/2018 6:09:07 PM EDT","5/8/2018 6:08:35 PM EDT","5/8/2018 7:34:28 PM EDT","5/8/2018 6:09:07 PM EDT","melayala01@gmail.com"
"Please DocuSign your UPC insurance documents.-(321)474-7903| 00745017 | SB","Completed","JOHN AYALA","Completed","5/8/2018 1:03:17 PM EDT","5/8/2018 7:34:28 PM EDT","5/8/2018 3:05:18 PM EDT","5/8/2018 7:34:28 PM EDT","5/8/2018 7:34:28 PM EDT","melayala01@gmail.com"
"Please DocuSign your UPCIC insurance documents.-(904)537-3691| 00744823 | LR","Completed","David  Carrion","Completed","5/8/2018 12:43:54 PM EDT","5/8/2018 1:21:50 PM EDT","5/8/2018 1:19:58 PM EDT","5/8/2018 1:21:50 PM EDT","5/8/2018 1:21:50 PM EDT","davidrcarrion@gmail.com"
"Please DocuSign your TH insurance documents.-(561)558-5059| 00703594 | LR","Voided","Mark Goldberg","Sent","5/8/2018 12:35:14 PM EDT","","","5/16/2018 12:28:25 AM EDT","","lisarobingoldberg@gmail.com"
"Please DocuSign your TH insurance documents.-(561)558-5059| 00703594 | LR","Voided","Lisa  Goldberg","Sent","5/8/2018 12:35:14 PM EDT","","","5/16/2018 12:28:25 AM EDT","","lisarobingoldberg@gmail.com"
"Please DocuSign your Velocity insurance documents.-(941)747-7987| 00527903 |  LR VO","Completed","Camille Loy","Completed","5/8/2018 12:24:52 PM EDT","5/8/2018 12:33:57 PM EDT","5/8/2018 12:29:56 PM EDT","5/8/2018 12:33:57 PM EDT","5/8/2018 12:33:57 PM EDT","camilleloy@att.net"
"Please DocuSign your Geovera & Allrisks insurance documents.-(954)608-8985| 00744929 | LR DR","Voided","JOSEPH MATTARELLA","Sent","5/8/2018 11:27:29 AM EDT","","","5/16/2018 12:27:36 AM EDT","","jmobilemech1@gmail.com"
"Please DocuSign: NVH-0004406 Inspection Letter.-(954)549-7917 | 00728113 | LR","Completed","Scott, Devon","Completed","5/8/2018 11:12:53 AM EDT","5/9/2018 8:56:36 AM EDT","5/9/2018 8:53:18 AM EDT","5/9/2018 8:56:36 AM EDT","5/9/2018 8:56:36 AM EDT","ds3dkids@yahoo.com"
"Please DocuSign your UPCIC insurance documents.-(954)200-1553| 00742180 | SB","Voided","Mary  Kelly","Sent","5/8/2018 10:26:12 AM EDT","","","5/16/2018 12:26:39 AM EDT","","kellymary@gmail.com"
"Please DocuSign your Velocity insurance documents.-(843)267-3232| 00718821 | SB","Completed","Diana Murphy","Completed","5/8/2018 10:00:09 AM EDT","5/8/2018 10:10:37 AM EDT","5/8/2018 10:05:50 AM EDT","5/8/2018 10:15:16 AM EDT","5/8/2018 10:10:37 AM EDT","dianavmurph@gmail.com"
"Please DocuSign your Velocity insurance documents.-(843)267-3232| 00718821 | SB","Completed","Chris Murphy","Completed","5/8/2018 10:00:09 AM EDT","5/8/2018 10:15:16 AM EDT","5/8/2018 10:14:46 AM EDT","5/8/2018 10:15:16 AM EDT","5/8/2018 10:15:16 AM EDT","dianavmurph@gmail.com"
"Please DocuSign your UPCIC insurance documents.-(775)340-4327| 00596020 | SB","Completed","Jennifer Swallow","Completed","5/8/2018 9:41:10 AM EDT","5/8/2018 11:25:41 AM EDT","5/8/2018 11:19:36 AM EDT","5/8/2018 11:28:46 AM EDT","5/8/2018 11:25:41 AM EDT","arloswallow@gmail.com"
"Please DocuSign your UPCIC insurance documents.-(775)340-4327| 00596020 | SB","Completed","Arlo Swallow","Completed","5/8/2018 9:41:09 AM EDT","5/8/2018 11:28:46 AM EDT","5/8/2018 11:26:52 AM EDT","5/8/2018 11:28:46 AM EDT","5/8/2018 11:28:46 AM EDT","arloswallow@gmail.com"
"Please DocuSign your Progressive insurance documents.-(732)928-9931| 00322590 | LU","Completed","Loretta Collins","Completed","5/8/2018 9:32:31 AM EDT","5/13/2018 12:11:00 PM EDT","5/13/2018 12:05:17 PM EDT","5/13/2018 12:11:00 PM EDT","5/13/2018 12:11:00 PM EDT","clorior@msn.com"
"Please DocuSign your UPC insurance documents.-(305)282-2984| 00734722 | LR","Voided","WAYNE TAT","Delivered","5/8/2018 9:30:16 AM EDT","","5/12/2018 10:05:35 AM EDT","5/16/2018 12:27:52 AM EDT","","Maxxtat@gmail.com"
"Please DocuSign your UPC insurance documents.-(305)282-2984| 00734722 | LR","Voided","SANDRA FERRIER","Delivered","5/8/2018 9:30:16 AM EDT","","5/15/2018 9:14:43 AM EDT","5/16/2018 12:27:52 AM EDT","","Maxxtat@gmail.com"
"Please DocuSign your Florida Speciality insurance documents.-(516)351-8534 | 00734535 | LR","Voided","HAFIZOON ALLI","Sent","5/8/2018 9:27:05 AM EDT","","","5/16/2018 12:27:46 AM EDT","","SALEENA.RAM.14@GMAIL.COM"
"Please DocuSign your Florida Speciality insurance documents.-(516)351-8534 | 00734535 | LR","Voided","RAMBAHAL RAMBAHAL","Sent","5/8/2018 9:27:05 AM EDT","","","5/16/2018 12:27:46 AM EDT","","SALEENA.RAM.14@GMAIL.COM"
"Please DocuSign your UPCIC insurance documents.-(813)900-9065| 00737320 | LR","Voided","Kirk  Lytzki","Sent","5/8/2018 9:25:44 AM EDT","","","5/16/2018 12:27:42 AM EDT","","kirkcanman@gmail.com"
"Please DocuSign your BASS insurance documents.-(305)282-7902| 00743120 |  LU JK","Voided","Carmen Johnson","Delivered","5/8/2018 8:59:08 AM EDT","","5/8/2018 11:07:57 AM EDT","5/14/2018 10:00:51 AM EDT","","robertb@miamidade.gov"
"Please DocuSign your home insurance documents.-(203)414-2047  | 00742575 | VO LR","Completed","NEAL FISHMAN","Completed","5/8/2018 7:35:23 AM EDT","5/8/2018 11:49:13 AM EDT","5/8/2018 11:29:55 AM EDT","5/8/2018 12:03:23 PM EDT","5/8/2018 11:49:13 AM EDT","NWFISHMAN@GMAIL.COM"
"Please DocuSign your home insurance documents.-(203)414-2047  | 00742575 | VO LR","Completed","ADRIENNE FISHMAN","Completed","5/8/2018 7:35:24 AM EDT","5/8/2018 12:03:23 PM EDT","5/8/2018 12:02:44 PM EDT","5/8/2018 12:03:23 PM EDT","5/8/2018 12:03:23 PM EDT","NWFISHMAN@GMAIL.COM"
"Please DocuSign your home insurance documents.- (917)453-4183  | 00528512 |  LR VO","Completed","LINDA KLONER","Completed","5/7/2018 8:52:10 PM EDT","5/7/2018 9:21:58 PM EDT","5/7/2018 9:18:37 PM EDT","5/7/2018 9:21:58 PM EDT","5/7/2018 9:21:58 PM EDT","lskloner@verizon.net"
"Please DocuSign your home insurance documents.-  | 00744809 | (908)414-9431  SB","Completed","Daisy Ortiz","Completed","5/7/2018 8:38:19 PM EDT","5/7/2018 10:45:19 PM EDT","5/7/2018 10:10:40 PM EDT","5/7/2018 10:45:19 PM EDT","5/7/2018 10:45:19 PM EDT","dortiz0707@gmail.com"
"Please DocuSign your home insurance documents.-| 00744795 |  (561)401-7596 LU","Delivered","Pauline Forbes","Delivered","5/7/2018 8:30:43 PM EDT","","5/7/2018 10:37:28 PM EDT","","","prfward@yahoo.com"
"Please DocuSign your home insurance documents.-(954)536-1623  | 00744779 |  LR","Completed","Shamike Beasley","Completed","5/7/2018 8:22:49 PM EDT","5/7/2018 10:43:19 PM EDT","5/7/2018 9:52:08 PM EDT","5/7/2018 10:43:19 PM EDT","5/7/2018 10:43:19 PM EDT","shamika_patton@yahoo.com"
"Please DocuSign your home insurance documents.-  (561)735-0237   | 00056808 | SB MO","Completed","Lillie Rubin","Completed","5/7/2018 8:12:11 PM EDT","5/9/2018 2:05:18 PM EDT","5/7/2018 10:13:31 PM EDT","5/9/2018 2:05:18 PM EDT","5/9/2018 2:05:18 PM EDT","AIMEEMASON@CHARTER.NET"
"Please DocuSign Cancellation request form.-(754)252-7439 | 00366074 | KG","Voided","Kristine Gomez","Delivered","5/7/2018 3:17:07 PM EDT","","5/7/2018 3:36:53 PM EDT","5/15/2018 12:26:49 AM EDT","","kristine.gomez@brightway.com"
"Please DocuSign Cancellation request form.-(754)252-7439 | 00366074 | KG","Completed","George Cheddar","Completed","5/7/2018 3:16:05 PM EDT","5/7/2018 3:38:01 PM EDT","5/7/2018 3:16:59 PM EDT","5/7/2018 3:38:01 PM EDT","5/7/2018 3:38:01 PM EDT","georgecheddar72@Yahoo.com"
"Please DocuSign Statement of No Loss form.-(305)951-7527 | 00675087 | KG","Completed","Butler , Lynne","Completed","5/7/2018 12:35:01 PM EDT","5/7/2018 12:59:44 PM EDT","5/7/2018 12:58:47 PM EDT","5/7/2018 12:59:44 PM EDT","5/7/2018 12:59:44 PM EDT","lbutlerkow@gmail.com"
"Please DocuSign your Allrisks insurance documents.- pc#3483519 ph#:813-817-8009 LR BB","Voided","Paul Orphe","Sent","5/7/2018 12:19:09 PM EDT","","","5/15/2018 12:27:15 AM EDT","","paulorphe@yahoo.com"
"Please DocuSign Cancellation request form.-(754)246-9094| 00736364 | VO","Voided","Oraine  Pitt","Delivered","5/7/2018 12:06:56 PM EDT","","5/9/2018 10:54:39 AM EDT","5/15/2018 12:27:22 AM EDT","","Orainpitt1976@gmail.com"
"Please DocuSign your BASS  insurance documents.-(301)326-7277| 00730032 | SR DR","Voided","Karin  Kaulakis","Sent","5/7/2018 11:37:27 AM EDT","","","5/15/2018 12:27:31 AM EDT","","karindb@comcast.net"
"Please DocuSign your UPCIC insurance documents.-(239)784-9069| 00744641 | LR","Completed","Elizabeth  Miles","Completed","5/7/2018 10:45:29 AM EDT","5/7/2018 11:43:13 AM EDT","5/7/2018 11:40:14 AM EDT","5/7/2018 11:44:54 AM EDT","5/7/2018 11:43:13 AM EDT","Rickmmc@yahoo.com"
"Please DocuSign your UPCIC insurance documents.-(239)784-9069| 00744641 | LR","Completed","Richard  Miles","Completed","5/7/2018 10:45:29 AM EDT","5/7/2018 11:44:54 AM EDT","5/7/2018 11:41:53 AM EDT","5/7/2018 11:44:54 AM EDT","5/7/2018 11:44:54 AM EDT","Rickmmc@yahoo.com"
"Please DocuSign your Velocity insurance documents.-(954)445-7530| 00627326 | LR","Completed","Heeralall Jaiprashad","Completed","5/7/2018 10:35:30 AM EDT","5/8/2018 7:22:50 PM EDT","5/8/2018 4:42:31 AM EDT","5/8/2018 7:32:12 PM EDT","5/8/2018 7:22:50 PM EDT","jaiprashadc@gmail.com"
"Please DocuSign your Velocity insurance documents.-(954)445-7530| 00627326 | LR","Completed","Vidah Jaiprashad","Completed","5/7/2018 10:35:30 AM EDT","5/8/2018 7:32:12 PM EDT","5/8/2018 4:58:06 AM EDT","5/8/2018 7:32:12 PM EDT","5/8/2018 7:32:12 PM EDT","jaiprashadc@gmail.com"
"Please DocuSign your UPCIC insurance documents.-(352)573-8971| pc#1507-1800-2274  LR","Completed","John  McQueeney","Completed","5/7/2018 9:17:54 AM EDT","5/7/2018 10:49:29 AM EDT","5/7/2018 10:47:09 AM EDT","5/7/2018 11:44:57 AM EDT","5/7/2018 10:49:29 AM EDT","Johnandsylvie@yahoo.com"
"Please DocuSign your UPCIC insurance documents.-(352)573-8971| pc#1507-1800-2274  LR","Completed","Sylvie  McQueeney","Completed","5/7/2018 9:17:54 AM EDT","5/7/2018 11:44:57 AM EDT","5/7/2018 11:44:17 AM EDT","5/7/2018 11:44:57 AM EDT","5/7/2018 11:44:57 AM EDT","Johnandsylvie@yahoo.com"
"Please DocuSign your UPC insurance documents.-(407)592-4358 | 00744417 | LR","Completed","ATHANASIA V OAKLEY","Completed","5/7/2018 9:03:15 AM EDT","5/7/2018 9:40:37 AM EDT","5/7/2018 9:36:54 AM EDT","5/7/2018 9:47:19 AM EDT","5/7/2018 9:40:37 AM EDT","oakleysmall@gmail.com"
"Please DocuSign your UPC insurance documents.-(407)592-4358 | 00744417 | LR","Completed","GORDON OAKLEY","Completed","5/7/2018 9:03:14 AM EDT","5/7/2018 9:47:19 AM EDT","5/7/2018 9:45:31 AM EDT","5/7/2018 9:47:19 AM EDT","5/7/2018 9:47:19 AM EDT","oakleysmall@gmail.com"
"Please DocuSign your home insurance documents.-(484)919-1834  | 00744471 | SB","Completed","Stacey Wielecki","Completed","5/7/2018 7:21:15 AM EDT","5/8/2018 5:46:32 PM EDT","5/7/2018 7:23:01 AM EDT","5/8/2018 5:46:32 PM EDT","5/8/2018 5:46:32 PM EDT","staceyr0877@gmail.com"
"Please DocuSign your home insurance documents.-  (954)558-1471  | 00744443 |  SB","Completed","Rebecca Pirtle","Completed","5/7/2018 7:15:35 AM EDT","5/7/2018 9:31:58 AM EDT","5/7/2018 9:30:46 AM EDT","5/7/2018 9:54:12 AM EDT","5/7/2018 9:31:58 AM EDT","johncpirtle@gmail.com"
"Please DocuSign your home insurance documents.-  (954)558-1471  | 00744443 |  SB","Completed","Jonathan Pirtle","Completed","5/7/2018 7:15:35 AM EDT","5/7/2018 9:54:12 AM EDT","5/7/2018 9:33:53 AM EDT","5/7/2018 9:54:12 AM EDT","5/7/2018 9:54:12 AM EDT","johncpirtle@gmail.com"
"Please DocuSign your home insurance documents.-.(954)826-0432    | 00744426 |","Completed","Adeleke Omisande","Completed","5/7/2018 7:08:13 AM EDT","5/7/2018 1:37:43 PM EDT","5/7/2018 1:31:07 PM EDT","5/7/2018 1:37:43 PM EDT","5/7/2018 1:37:43 PM EDT","backtoland02@aol.com"
"Please DocuSign your new flood insurance application.-(305)803-0068   | 00742076 | LR","Completed","JOSE ARANJO","Completed","5/7/2018 7:03:04 AM EDT","5/7/2018 8:13:13 AM EDT","5/7/2018 8:12:38 AM EDT","5/7/2018 8:13:13 AM EDT","5/7/2018 8:13:13 AM EDT","elizabethnaranjo12@gmail.com"
"Please DocuSign your home insurance documents.-| 00744140 |    (305)393-4800 SB","Completed","RALPH JUSTEN","Completed","5/7/2018 6:57:31 AM EDT","5/8/2018 11:43:58 AM EDT","5/8/2018 11:42:44 AM EDT","5/8/2018 11:43:58 AM EDT","5/8/2018 11:43:58 AM EDT","RJJ400@AOL.COM"
".Please DocuSign your home insurance documents.- | 00744103 |   (646)239-9579 SB","Completed","Clarens Charles","Completed","5/7/2018 6:50:51 AM EDT","5/7/2018 7:57:51 AM EDT","5/7/2018 7:53:30 AM EDT","5/7/2018 7:57:51 AM EDT","5/7/2018 7:57:51 AM EDT","cclarens@hotmail.com"
"Please DocuSign your st.Johns insurance documents.-(954)200-1553 | 00742180 | LR","Voided","Mary Kelly","Sent","5/4/2018 3:48:30 PM EDT","","","5/12/2018 12:32:13 AM EDT","","kellymary@gmail.com"
"Please DocuSign Cancellation request form.-(617)516-7065| 00726929 | SB","Completed","Julio A Oliva","Completed","5/4/2018 3:39:20 PM EDT","5/9/2018 11:05:32 AM EDT","5/9/2018 11:03:39 AM EDT","5/9/2018 11:06:58 AM EDT","5/9/2018 11:05:32 AM EDT","juliooliva1953@yahoo.com"
"Please DocuSign Cancellation request form.-(617)516-7065| 00726929 | SB","Completed","KARIN OLIVA","Completed","5/4/2018 3:39:20 PM EDT","5/9/2018 11:06:58 AM EDT","5/9/2018 11:06:39 AM EDT","5/9/2018 11:06:58 AM EDT","5/9/2018 11:06:58 AM EDT","juliooliva1953@yahoo.com"
"Please DocuSign your Florida Specialty insurance documents.-(413)522-2801| 00744402 | SB","Completed","ANDREA CIALEK","Completed","5/4/2018 3:27:48 PM EDT","5/4/2018 6:38:20 PM EDT","5/4/2018 4:59:14 PM EDT","5/4/2018 6:41:17 PM EDT","5/4/2018 6:38:20 PM EDT","Djgirard17@yahoo.com"
"Please DocuSign your Florida Specialty insurance documents.-(413)522-2801| 00744402 | SB","Completed","DONNA GIRARD","Completed","5/4/2018 3:27:48 PM EDT","5/4/2018 6:41:17 PM EDT","5/4/2018 5:02:42 PM EDT","5/4/2018 6:41:17 PM EDT","5/4/2018 6:41:17 PM EDT","Djgirard17@yahoo.com"
"Please DocuSign your UPCIC insurance documents.-(954)708-6839| 00731982 | LR","Completed","Ericky  Dos Santos","Completed","5/4/2018 3:16:12 PM EDT","5/4/2018 3:50:47 PM EDT","5/4/2018 3:48:45 PM EDT","5/4/2018 3:50:47 PM EDT","5/4/2018 3:50:47 PM EDT","ERICKY_K_Y@HOTMAIL.COM"
"New app:  Please DocuSign your ICAT insurance documents.-(786)281-6755| 00727366 SR","Voided","Marie Bony","Sent","5/4/2018 3:00:07 PM EDT","","","5/12/2018 12:32:11 AM EDT","","mlpierreno1@yahoo.com"
"Please DocuSign your Secoast Brokers insurance documents.-(561)339-8881| 00631935 |  LR DR","Completed","Olga Nikolaeva","Completed","5/4/2018 2:00:34 PM EDT","5/5/2018 1:45:15 PM EDT","5/5/2018 1:45:06 PM EDT","5/5/2018 1:45:15 PM EDT","5/5/2018 1:45:15 PM EDT","INFO@LIQUIDGOLD.STORE"
"Please DocuSign your BASS insurance documents.-(218)849-2618 | 00738839 | LU BB AJ","Completed","Mark Fingalson","Completed","5/4/2018 1:29:28 PM EDT","5/4/2018 2:47:33 PM EDT","5/4/2018 2:44:01 PM EDT","5/4/2018 2:47:33 PM EDT","5/4/2018 2:47:33 PM EDT","wenttodive@yahoo.com"
"Please DocuSign your Allrisks & Cancellation  insurance documents.-(305)439-2683 | 00736932 |  LU DR","Voided","ALLEN G. ADAMS","Sent","5/4/2018 12:32:06 PM EDT","","","5/12/2018 12:32:24 AM EDT","","stlatshaw@aol.com"
"Please DocuSign your Allrisks & Cancellation  insurance documents.-(305)439-2683 | 00736932 |  LU DR","Voided","ADAMS THELMA","Sent","5/4/2018 12:32:06 PM EDT","","","5/12/2018 12:32:24 AM EDT","","stlatshaw@aol.com"
"Please DocuSign your Florida Specialty  insurance documents.-(239)340-8171| 00744311 | LR","Completed","Joseph A Lauro","Completed","5/4/2018 12:11:19 PM EDT","5/4/2018 3:44:35 PM EDT","5/4/2018 3:41:08 PM EDT","5/4/2018 3:44:35 PM EDT","5/4/2018 3:44:35 PM EDT","Joelauro6470@gmail.com"
"corrected:Please DocuSign your BASS insurance documents.-(305)409-3607| 00740041 | LR DR AJ","Voided","Raquel A. Perez","Sent","5/4/2018 11:42:41 AM EDT","","","5/7/2018 11:48:53 AM EDT","","rocky0420@hotmail.com"
"Please DocuSign your TH  flood insurance application.-(786)315-0841| 00736684 |  LR","Completed","BULL 1512 LLC, DROGO 1512 LLC, CHUCHAMGUITO LLC","Completed","5/4/2018 11:40:02 AM EDT","5/8/2018 9:38:42 AM EDT","5/7/2018 12:44:25 PM EDT","5/8/2018 9:38:42 AM EDT","5/8/2018 9:38:42 AM EDT","SARTORIIVONE@GMAIL.COM"
"Please DocuSign your Aspen insurance documents.-(561)336-4467| 00734352 | LR BB","Voided","John Kelly","Sent","5/4/2018 11:38:29 AM EDT","","","5/12/2018 12:31:44 AM EDT","","najadaddy@hotmail.com"
"Please DocuSign your UPCIC  insurance documents.-(561)777-9893 | 00731594 |LR","Completed","Susan Stewart","Completed","5/4/2018 11:34:59 AM EDT","5/8/2018 12:37:18 PM EDT","5/7/2018 11:25:12 AM EDT","5/8/2018 12:37:18 PM EDT","5/8/2018 12:37:18 PM EDT","sustewart56@gmail.com"
"Please DocuSign your BASS insurance documents.-(305)247-8269 | 00737984 | LU DR","Voided","Brenda Cade","Sent","5/4/2018 11:23:57 AM EDT","","","5/12/2018 12:32:07 AM EDT","","jamescade456@gmail.com"
"Please DocuSign your UPCIC insurance documents.- (352)219-5308  | 00744302 | SB","Completed","Marion  J. Caffey","Completed","5/4/2018 11:15:21 AM EDT","5/5/2018 8:12:16 AM EDT","5/5/2018 8:09:22 AM EDT","5/5/2018 8:12:16 AM EDT","5/5/2018 8:12:16 AM EDT","marionjcaffey@gmail.com"
"Please DocuSign your Velocity insurance documents.-(201)294-7041| 00744120 | LR","Voided","Norman Finestine","AutoResponded","5/4/2018 11:06:59 AM EDT","","","5/16/2018 12:42:32 AM EDT","","rfinestine@yahoo.com"
"Please DocuSign your Velocity insurance documents.-(201)294-7041| 00744120 | LR","Voided","Cindy Finestine","AutoResponded","5/4/2018 11:06:59 AM EDT","","","5/16/2018 12:42:32 AM EDT","","rfinestine@yahoo.com"
"Please DocuSign your Progressive insurance documents.-(954)683-7159 | 00653833 | LU","Voided","WILKEN GEFFRARD","Sent","5/4/2018 10:38:47 AM EDT","","","5/12/2018 12:32:07 AM EDT","","aidengeffrard14@gmail.com"
"CORRECTED: Please DocuSign your TH insurance documents.-(847)668-8611| 00744251 | SB","Completed","Alyssa M Reiter","Completed","5/4/2018 10:34:30 AM EDT","5/10/2018 12:48:36 PM EDT","5/4/2018 10:41:15 AM EDT","5/10/2018 12:48:36 PM EDT","5/10/2018 12:48:36 PM EDT","Alyssaharrison2@gmail.com"
"Please DocuSign your Foremost insurance documents.-","Completed","Alyx R Magloire","Completed","5/4/2018 10:30:06 AM EDT","5/4/2018 10:36:59 AM EDT","5/4/2018 10:35:23 AM EDT","5/4/2018 10:36:59 AM EDT","5/4/2018 10:36:59 AM EDT","alyxmagloire@hotmail.com"
"Please DocuSign your BASS insurance documents.-(941)730-0380| 00735420 | SB JK","Completed","Brittany Jones","Completed","5/4/2018 10:17:00 AM EDT","5/6/2018 7:44:02 AM EDT","5/4/2018 1:32:14 PM EDT","5/6/2018 7:44:02 AM EDT","5/6/2018 7:44:02 AM EDT","brittanynpenn@gmail.com"
"Please DocuSign your Safeco insurance documents.-(414)243-0888 | 00348158 | Maria VO","Completed","Daphne Soltau","Completed","5/4/2018 9:18:58 AM EDT","5/6/2018 3:56:18 PM EDT","5/6/2018 3:53:28 PM EDT","5/6/2018 3:56:18 PM EDT","5/6/2018 3:56:18 PM EDT","dasoltau@gmail.com"
"Please DocuSign your Safeco insurance documents.-(321)914-3802 | 00161337 | Maria VO","Completed","Kim Sowers","Completed","5/3/2018 3:37:53 PM EDT","5/3/2018 4:11:35 PM EDT","5/3/2018 4:03:45 PM EDT","5/3/2018 7:42:15 PM EDT","5/3/2018 4:11:35 PM EDT","dencraigs@aol.com"
"Please DocuSign your Safeco insurance documents.-(321)914-3802 | 00161337 | Maria VO","Completed","DENNIS SOWERS","Completed","5/3/2018 3:37:53 PM EDT","5/3/2018 7:42:15 PM EDT","5/3/2018 4:12:20 PM EDT","5/3/2018 7:42:15 PM EDT","5/3/2018 7:42:15 PM EDT","dencraigs@aol.com"
"Please DocuSign your Velocity  insurance documents.- (954)756-5578| 00744075 | LR","Completed","Tian Hua Huang","Completed","5/3/2018 3:04:42 PM EDT","5/3/2018 3:36:01 PM EDT","5/3/2018 3:32:05 PM EDT","5/3/2018 3:36:01 PM EDT","5/3/2018 3:36:01 PM EDT","access922@hotmail.com"
"Please DocuSign your BASS insurance documents.-(305)282-7902| 00743120 |  LU JK","Voided","Carmen Johnson","Delivered","5/3/2018 2:54:52 PM EDT","","5/3/2018 2:56:47 PM EDT","5/4/2018 10:55:37 AM EDT","","robertb@miamidade.gov"
"Please DocuSign your new Tower Hill flood insurance application.-(727)251-5984| 00736865 | LU","Completed","STEFAN BABJACK","Completed","5/3/2018 2:54:17 PM EDT","5/3/2018 3:06:56 PM EDT","5/3/2018 3:05:45 PM EDT","5/3/2018 3:06:56 PM EDT","5/3/2018 3:06:56 PM EDT","stefanbabjak@gmail.com"
"Please DocuSign Replacement cost(516)724-5226| 00725722 |LR","Voided","Alan Levine","Sent","5/3/2018 2:13:25 PM EDT","","","5/11/2018 12:30:02 AM EDT","","blevine301@aol.com"
"Please DocuSign your BASS insurance documents.- ph#:517-740-6167 pc#AGP1293220 SR BB","Voided","Kenneth Casto","Sent","5/3/2018 2:06:34 PM EDT","","","5/11/2018 12:31:16 AM EDT","","Casto.mc@comcast.net"
"Please DocuSign your Bass & Cancellation insurance documents.-(321)947-9573| 00738455 | LR DR","Voided","Samuel Knight","Sent","5/3/2018 1:39:19 PM EDT","","","5/11/2018 12:31:07 AM EDT","","SAMUELKNIGHT1950@yahoo.com"
"Please DocuSign your new ASI flood insurance application.-(561)827-0420| 00559850 | LU","Completed","Tony Dionese","Completed","5/3/2018 1:36:23 PM EDT","5/5/2018 8:33:48 PM EDT","5/5/2018 8:30:26 PM EDT","5/5/2018 8:33:48 PM EDT","5/5/2018 8:33:48 PM EDT","Tonyd1056@aol.com"
"Please DocuSign your CP insurance documents.-(954)237-8138 | 00726658 |LR","Voided","Rafael Paredes Chavez","Sent","5/3/2018 1:30:14 PM EDT","","","5/11/2018 12:28:59 AM EDT","","alivingston24@gmail.com"
"Please DocuSign: NVH-0003888 Inspection Letter.-(786)916-2794| 00720811 | LR","Completed","Harris-Carter Walter","Completed","5/3/2018 1:28:45 PM EDT","5/7/2018 7:07:09 PM EDT","5/7/2018 7:03:33 PM EDT","5/7/2018 7:07:09 PM EDT","5/7/2018 7:07:09 PM EDT","carterwalt60@yahoo.com"
"Please DocuSign your Allrisks insurance documents.-(786)326-6172| 00741716 | LU BB","Completed","GIANNATTASIO, LUIS","Completed","5/3/2018 1:23:43 PM EDT","5/8/2018 3:49:29 PM EDT","5/7/2018 6:23:51 PM EDT","5/8/2018 3:49:29 PM EDT","5/8/2018 3:49:29 PM EDT","sellingmiamihomes@gmail.com"
"Please DocuSign your Prepared & ASI  insurance documents.- (786)521-3342 | 00744010 | SB","Completed","Alejandro De Aza","Completed","5/3/2018 1:15:44 PM EDT","5/3/2018 1:37:16 PM EDT","5/3/2018 1:29:13 PM EDT","5/3/2018 1:39:41 PM EDT","5/3/2018 1:37:16 PM EDT","jdenisseg@gmail.com"
"Please DocuSign your Prepared & ASI  insurance documents.- (786)521-3342 | 00744010 | SB","Completed","Jennifer Garcia","Completed","5/3/2018 1:15:44 PM EDT","5/3/2018 1:39:41 PM EDT","5/3/2018 1:39:06 PM EDT","5/3/2018 1:39:41 PM EDT","5/3/2018 1:39:41 PM EDT","jdenisseg@gmail.com"
"Please DocuSign your BASS insurance documents.-(360)608-3622 | 00743742 | LR JK","Voided","Virginia Vinson","Delivered","5/3/2018 1:07:13 PM EDT","","5/3/2018 1:12:50 PM EDT","5/11/2018 12:30:02 AM EDT","","ginnyvinson1@comcast.net"
"Please DocuSign your UPCIC insurance documents.-(954)632-0539| 00736563 | LR","Voided","Nicholas Pacheco","Sent","5/3/2018 12:54:53 PM EDT","","","5/11/2018 12:28:19 AM EDT","","N_pachecus@outlook.com"
"Please DocuSign Cancellation request form.-(720)947-9476| 00736353 | LR","Completed","Charlotte Sullivan","Completed","5/3/2018 12:49:11 PM EDT","5/3/2018 5:50:07 PM EDT","5/3/2018 5:49:00 PM EDT","5/3/2018 5:50:07 PM EDT","5/3/2018 5:50:07 PM EDT","ceo5sullivan@gmail.com"
"Please DocuSign your Velocity insurance documents.-(787)341-2585 | 00743995 | SB","Completed","Roseina Merced","Completed","5/3/2018 12:44:10 PM EDT","5/3/2018 3:06:07 PM EDT","5/3/2018 3:03:48 PM EDT","5/3/2018 3:06:07 PM EDT","5/3/2018 3:06:07 PM EDT","Midoris2@hotmail.com"
"Please DocuSign your Bass insurance documents.- (631)521-3863| 00735489 | LU BB","Completed","Wayne Bunting","Completed","5/3/2018 12:25:19 PM EDT","5/3/2018 8:53:32 PM EDT","5/3/2018 8:46:38 PM EDT","5/3/2018 8:53:32 PM EDT","5/3/2018 8:53:32 PM EDT","Junkman46@optonline.net"
"Please DocuSign your UPCIC insurance documents.-(425)628-3517| 00729635 | LR","Completed","Mario  Faria","Completed","5/3/2018 11:17:15 AM EDT","5/3/2018 1:02:12 PM EDT","5/3/2018 1:01:03 PM EDT","5/3/2018 1:02:12 PM EDT","5/3/2018 1:02:12 PM EDT","fariamario@gmail.com"
"Please DocuSign your Wind Mitigation inspection.-(561)667-1567| 00741265 | SB","Completed","Deborah Moisam","Completed","5/3/2018 10:55:36 AM EDT","5/3/2018 11:31:33 AM EDT","5/3/2018 11:29:28 AM EDT","5/3/2018 11:31:33 AM EDT","5/3/2018 11:31:33 AM EDT","belongtoyou@hotmail.com"
"Please DocuSign your UPCIC insurance documents.-(617)818-8763| 00573125 | SB","Completed","JULIAN  CASSANETTI","Completed","5/3/2018 10:32:07 AM EDT","5/5/2018 4:07:37 PM EDT","5/5/2018 4:02:15 PM EDT","5/5/2018 4:07:37 PM EDT","5/5/2018 4:07:37 PM EDT","8julian8@gmail.com"
"Please DocuSign your UPC insurance documents.-(407)267-0936 | 00743891 |  SB","Completed","Tessa J Carballo","Completed","5/3/2018 10:23:34 AM EDT","5/3/2018 10:50:26 AM EDT","5/3/2018 10:48:53 AM EDT","5/3/2018 10:50:26 AM EDT","5/3/2018 10:50:26 AM EDT","tessacarballo@icloud.com"
"Please DocuSign your new ASI flood insurance application.-(561)358-1557| 00131266 |LU","Voided","Robinson Charles","Delivered","5/3/2018 10:20:53 AM EDT","","5/8/2018 12:11:52 PM EDT","5/11/2018 12:29:28 AM EDT","","CHAZ3120@GMAIL.COM"
"Please DocuSign your BASS insurance documents.-(803)603-5567| 00743918 |  LR BB","Completed","Gladys Wilson","Completed","5/3/2018 10:15:06 AM EDT","5/3/2018 4:02:45 PM EDT","5/3/2018 3:59:00 PM EDT","5/3/2018 4:02:45 PM EDT","5/3/2018 4:02:45 PM EDT","belllw@att.net"
"Please DocuSign Cancellation request form.-(508)476-3900 | 00740332 |  VO","Completed","Harold Davis","Completed","5/3/2018 9:55:19 AM EDT","5/3/2018 4:16:50 PM EDT","5/3/2018 10:18:35 AM EDT","5/3/2018 4:17:35 PM EDT","5/3/2018 4:16:50 PM EDT","need@govincentives.com"
"Please DocuSign Cancellation request form.-(508)476-3900 | 00740332 |  VO","Completed","Alida Davis","Completed","5/3/2018 9:55:19 AM EDT","5/3/2018 4:17:35 PM EDT","5/3/2018 4:17:24 PM EDT","5/3/2018 4:17:35 PM EDT","5/3/2018 4:17:35 PM EDT","need@govincentives.com"
"Please DocuSign your home insurance documents.-(954)279-5168  | 00743808 | ST VO","Completed","Zandra Ricketts","Completed","5/3/2018 3:03:35 AM EDT","5/4/2018 11:05:39 AM EDT","5/3/2018 7:59:04 AM EDT","5/4/2018 11:05:39 AM EDT","5/4/2018 11:05:39 AM EDT","tinyz31@gmail.com"
"Please DocuSign your home insurance documents.-(502)645-8684  | 00083497 |  LR MO","Completed","Pamela Raque","Completed","5/3/2018 2:53:11 AM EDT","5/4/2018 2:42:04 PM EDT","5/4/2018 8:47:52 AM EDT","5/4/2018 2:42:04 PM EDT","5/4/2018 2:42:04 PM EDT","pamraque12@gmail.com"
"Please DocuSign your home insurance documents.-(305)725-4804  | 00464754 |  LR","Completed","Bernette Simpson","Completed","5/3/2018 2:46:07 AM EDT","5/4/2018 12:27:34 PM EDT","5/4/2018 12:10:58 PM EDT","5/4/2018 12:27:34 PM EDT","5/4/2018 12:27:34 PM EDT","bballeynesimpson@aol.com"
"Please DocuSign your home insurance documents.-(561)777-3916   | 00742475 |  LR","Completed","Frank Malafronte","Completed","5/3/2018 2:39:17 AM EDT","5/13/2018 5:33:51 PM EDT","5/3/2018 10:22:18 AM EDT","5/13/2018 5:35:24 PM EDT","5/13/2018 5:33:51 PM EDT","kbymali11@gmail.com"
"Please DocuSign your home insurance documents.-(561)777-3916   | 00742475 |  LR","Completed","KIMBERLEE YBARRA","Completed","5/3/2018 2:39:17 AM EDT","5/13/2018 5:35:24 PM EDT","5/13/2018 5:34:16 PM EDT","5/13/2018 5:35:24 PM EDT","5/13/2018 5:35:24 PM EDT","kbymali11@gmail.com"
"...Please DocuSign your home insurance documents.- (772)634-5996   | 00597288 | LR VO","Completed","Sherryl Snyder","Completed","5/3/2018 2:33:35 AM EDT","5/4/2018 6:28:03 PM EDT","5/4/2018 8:19:50 AM EDT","5/4/2018 6:28:03 PM EDT","5/4/2018 6:28:03 PM EDT","blazeyboyrecliner@yahoo.com"
": Please DocuSign your home insurance documents.-(954)907-1286  | 00743374 | LR","Completed","Jovanny Lopez","Completed","5/3/2018 2:24:26 AM EDT","5/8/2018 9:22:28 PM EDT","5/8/2018 12:03:48 PM EDT","5/8/2018 9:22:28 PM EDT","5/8/2018 9:22:28 PM EDT","jovy9111@gmail.com"
"Please DocuSign: NVH-0004478 Inspection Letter.-(954)608-2280| 00723119 | LR","Completed","Juliane Da Silva","Completed","5/2/2018 5:07:51 PM EDT","5/4/2018 7:53:55 PM EDT","5/4/2018 7:53:44 PM EDT","5/4/2018 7:53:55 PM EDT","5/4/2018 7:53:55 PM EDT","max@baolasolas.com"
"Please DocuSign your Allrisks insurance documents.-(386)232-0299 | 00736396 | LR","Voided","Rautenberg, George","Sent","5/2/2018 4:52:42 PM EDT","","","5/10/2018 12:26:10 AM EDT","","george@rautenberg.biz"
"Please DocuSign your Acknowledgement form (305)319-1421 | 00743401 | LU","Completed","John Eason","Completed","5/2/2018 1:50:02 PM EDT","5/2/2018 6:41:20 PM EDT","5/2/2018 6:39:56 PM EDT","5/2/2018 6:41:20 PM EDT","5/2/2018 6:41:20 PM EDT","dje71864@bellsouth.net"
"Please DocuSign your BASS insurance documents.-(512)552-8176| 00731607 | LR DR","Completed","JUAN CARLOS OROZCO","Completed","5/2/2018 1:09:45 PM EDT","5/3/2018 2:56:41 PM EDT","5/3/2018 2:55:47 PM EDT","5/3/2018 2:56:41 PM EDT","5/3/2018 2:56:41 PM EDT","misterorozco@yahoo.com"
"Please DocuSign your UPCIC insurance documents.-(617)335-7852| 00743663 | SB","Completed","ERIC  KETO","Completed","5/2/2018 1:02:20 PM EDT","5/8/2018 9:34:03 PM EDT","5/8/2018 5:08:33 PM EDT","5/8/2018 9:40:50 PM EDT","5/8/2018 9:34:03 PM EDT","ericrketo@gmail.com"
"Please DocuSign your UPCIC insurance documents.-(617)335-7852| 00743663 | SB","Completed","JIAN  GAO","Completed","5/2/2018 1:02:20 PM EDT","5/8/2018 9:40:50 PM EDT","5/8/2018 5:10:37 PM EDT","5/8/2018 9:40:50 PM EDT","5/8/2018 9:40:50 PM EDT","ericrketo@gmail.com"
"Please DocuSign your UPCIC insurance documents.-(863)662-4906| 00743634 | LR","Completed","Linda  Heffintrayer","Completed","5/2/2018 12:54:11 PM EDT","5/7/2018 12:06:09 PM EDT","5/7/2018 11:33:59 AM EDT","5/7/2018 12:06:09 PM EDT","5/7/2018 12:06:09 PM EDT","lhlpn91@yahoo.com"
"Please DocuSign your BASS insurance documents.-(561)574-6954| 00638805 |  SR BB","Completed","Tropical Gardens Villas Inc.","Completed","5/2/2018 12:48:17 PM EDT","5/2/2018 1:42:12 PM EDT","5/2/2018 1:38:15 PM EDT","5/2/2018 1:42:12 PM EDT","5/2/2018 1:42:12 PM EDT","richardmc31@icloud.com"
"CORRECTED:Please DocuSign your  Seacoast brokers insurance documents.- (954)439-1011| 00743617 | LR","Completed","Cyndi Freedman","Completed","5/2/2018 12:45:53 PM EDT","5/4/2018 4:17:16 PM EDT","5/3/2018 11:30:44 AM EDT","5/4/2018 4:17:16 PM EDT","5/4/2018 4:17:16 PM EDT","cyndifree@comcast.net"
"Please DocuSign your Progressive insurance documents.-(561)676-8436  00449285 Manny","Completed","Lichun Zhang","Completed","5/2/2018 12:03:30 PM EDT","5/4/2018 8:34:51 AM EDT","5/2/2018 1:00:41 PM EDT","5/4/2018 8:34:51 AM EDT","5/4/2018 8:34:51 AM EDT","chen.m.qi@gmail.com"
"Please DocuSign Statement of No Loss form.-(561)531-0313| 00737023 | JM","Completed","Belinda Cyr","Completed","5/2/2018 12:00:21 PM EDT","5/2/2018 12:06:33 PM EDT","5/2/2018 12:06:09 PM EDT","5/2/2018 12:06:33 PM EDT","5/2/2018 12:06:33 PM EDT","BCYR59@Gmail.com"
"Please DocuSign your Umbrella insurance documents.- pc#21PH935268  Ph#:(917)453-4183 Matt","Completed","Linda Kloner","Completed","5/2/2018 11:36:37 AM EDT","5/2/2018 2:30:16 PM EDT","5/2/2018 12:53:53 PM EDT","5/2/2018 2:30:16 PM EDT","5/2/2018 2:30:16 PM EDT","lskloner@verizon.net"
"Please DocuSign your Allrisks insurance documents.-(321)301-6183| 00738052 |  SR HH","Voided","Elbagoury, Mervat","Sent","5/2/2018 11:16:29 AM EDT","","","5/10/2018 12:26:35 AM EDT","","mervatbagoury1@gmail.com"
"Please DocuSign Cancellation request form.-(305)505-9845| 00737380 | VO","Completed","Janice Munoz","Completed","5/2/2018 10:56:58 AM EDT","5/3/2018 3:26:10 PM EDT","5/3/2018 3:26:02 PM EDT","5/3/2018 3:26:10 PM EDT","5/3/2018 3:26:10 PM EDT","Jmunoz0422@gmail.com"
"Please DocuSign your St. Johns insurance documents.-(561)350-7141| 00738688 | SB","Completed","Xavier Comment","Completed","5/2/2018 10:26:10 AM EDT","5/2/2018 12:52:51 PM EDT","5/2/2018 12:51:36 PM EDT","5/2/2018 12:52:51 PM EDT","5/2/2018 12:52:51 PM EDT","xaviercomment@gmail.com"
"Please DocuSign your UPCIC insurance documents.- ph#:305-560-7583  pc#:1501-1802-1402 LR","Completed","Tara  Philcox","Completed","5/2/2018 10:12:44 AM EDT","5/2/2018 10:43:53 AM EDT","5/2/2018 10:42:19 AM EDT","5/2/2018 10:43:53 AM EDT","5/2/2018 10:43:53 AM EDT","tarabull@gmail.com"
"Please DocuSign your ICAT insurance documents.-(305)319-1421 | 00743401 | LU","Completed","John Eason","Completed","5/2/2018 10:03:09 AM EDT","5/2/2018 10:19:42 AM EDT","5/2/2018 10:10:17 AM EDT","5/2/2018 10:19:42 AM EDT","5/2/2018 10:19:42 AM EDT","dje71864@bellsouth.net"
"Please DocuSign your Velocity insurance documents.-(804)516-6475| 00743384 | LR","Completed","John M Mize","Completed","5/2/2018 9:49:35 AM EDT","5/2/2018 1:52:32 PM EDT","5/2/2018 9:51:42 AM EDT","5/2/2018 1:53:42 PM EDT","5/2/2018 1:52:32 PM EDT","john.mize84@gmail.com"
"Please DocuSign your Velocity insurance documents.-(804)516-6475| 00743384 | LR","Completed","Stephania A Mize","Completed","5/2/2018 9:49:35 AM EDT","5/2/2018 1:53:42 PM EDT","5/2/2018 1:47:09 PM EDT","5/2/2018 1:53:42 PM EDT","5/2/2018 1:53:42 PM EDT","john.mize84@gmail.com"
"Please DocuSign Cancellation request form.-(813)810-8182 | 00742917  VO","Completed","Rodger Wenzlaff","Completed","5/2/2018 9:40:05 AM EDT","5/2/2018 10:11:58 AM EDT","5/2/2018 10:11:42 AM EDT","5/2/2018 10:36:57 AM EDT","5/2/2018 10:11:58 AM EDT","jeanniewenzlaff@gmail.com"
"Please DocuSign Cancellation request form.-(813)810-8182 | 00742917  VO","Completed","Jeannie Wenzlaff","Completed","5/2/2018 9:40:05 AM EDT","5/2/2018 10:36:57 AM EDT","5/2/2018 10:36:38 AM EDT","5/2/2018 10:36:57 AM EDT","5/2/2018 10:36:57 AM EDT","jeanniewenzlaff@gmail.com"
"Please DocuSign Statement of No Loss form.-(561)632-8791| 00095405 | JM","Completed","Vera Dias","Completed","5/1/2018 4:21:22 PM EDT","5/2/2018 6:56:44 AM EDT","5/2/2018 6:55:47 AM EDT","5/2/2018 6:56:44 AM EDT","5/2/2018 6:56:44 AM EDT","vdias2470@gmail.com"
"Please DocuSign Replacement cost estimator form.-(561)676-8842 | 00669309 | KC","Voided","Robert oliveras","Delivered","5/1/2018 4:00:13 PM EDT","","5/2/2018 9:40:01 AM EDT","5/9/2018 12:24:00 AM EDT","","Oliveras4soccer@gmail.com"
"Please DocuSign your UPCIC insurance documents.-(561)232-8379 | 00743363 |  LR","Completed","Alan  Gitlin","Completed","5/1/2018 2:58:10 PM EDT","5/1/2018 3:04:32 PM EDT","5/1/2018 3:01:02 PM EDT","5/1/2018 3:04:32 PM EDT","5/1/2018 3:04:32 PM EDT","mlgitlin@yahoo.com"
"Please DocuSign Cancellation request form.-(305)461-6678 | 00743291 | VO","Completed","JULIA MENDOZA","Completed","5/1/2018 2:50:28 PM EDT","5/1/2018 4:02:03 PM EDT","5/1/2018 4:01:29 PM EDT","5/1/2018 4:02:03 PM EDT","5/1/2018 4:02:03 PM EDT","julia.mendoza@hotmail.com"
"Please DocuSign your Statement of variance & elevated building form.-(229)200-1589| 00732446 | LR","Completed","Lucas Matthews","Completed","5/1/2018 2:14:36 PM EDT","5/1/2018 2:53:24 PM EDT","5/1/2018 2:51:50 PM EDT","5/1/2018 2:53:24 PM EDT","5/1/2018 2:53:24 PM EDT","lmatthews@tcjackets.net"
"Please DocuSign your Allrisks insurance documents.-(786)440-3596 | 00735592 | LU DR AJ","Voided","Castro, Eduardo","Sent","5/1/2018 2:04:07 PM EDT","","","5/9/2018 12:23:52 AM EDT","","ecastroy@gmail.com"
"Please DocuSign this agent of record form.-MCabrera","Completed","Martin E Jennings","Completed","5/1/2018 1:28:29 PM EDT","5/1/2018 1:36:01 PM EDT","5/1/2018 1:35:17 PM EDT","5/1/2018 1:36:01 PM EDT","5/1/2018 1:36:01 PM EDT","mjennings@toweroptical.com"
"Please DocuSign your Florida specialty insurance documents.-(207)944-3400 | 00743274 |  LR","Completed","Sharon  Stover","Completed","5/1/2018 1:22:23 PM EDT","5/1/2018 1:39:13 PM EDT","5/1/2018 1:25:56 PM EDT","5/1/2018 1:39:13 PM EDT","5/1/2018 1:39:13 PM EDT","Sharonstover27@gmail.com"
"Please DocuSign your Edison insurance documents.-(305)461-6678| 00743291 | SB","Completed","JULIA MENDOZA","Completed","5/1/2018 1:09:08 PM EDT","5/1/2018 1:38:30 PM EDT","5/1/2018 1:28:31 PM EDT","5/1/2018 1:38:30 PM EDT","5/1/2018 1:38:30 PM EDT","julia.mendoza@hotmail.com"
"Please DocuSign your Velocity insurance documents.-(561)537-1613| 00668776 | LR VO","Completed","Melissa Rodriguez ","Completed","5/1/2018 12:48:43 PM EDT","5/1/2018 1:50:15 PM EDT","5/1/2018 1:48:49 PM EDT","5/4/2018 4:31:12 PM EDT","5/1/2018 1:50:15 PM EDT","Melirod47@gmail.com"
"Please DocuSign your Velocity insurance documents.-(561)537-1613| 00668776 | LR VO","Completed","Christopher Rodriguez","Completed","5/1/2018 12:48:43 PM EDT","5/4/2018 4:31:12 PM EDT","5/4/2018 4:30:22 PM EDT","5/4/2018 4:31:12 PM EDT","5/4/2018 4:31:12 PM EDT","Crod279@gmail.com"
"Please DocuSign Cancellation request form.-(631)974-3050| 00742515 | VO","Completed","Frank Macri","Completed","5/1/2018 11:48:19 AM EDT","5/1/2018 1:05:47 PM EDT","5/1/2018 1:02:44 PM EDT","5/1/2018 1:10:13 PM EDT","5/1/2018 1:05:47 PM EDT","rodcon46@aol.com"
"Please DocuSign Cancellation request form.-(631)974-3050| 00742515 | VO","Completed","Emily  Macri","Completed","5/1/2018 11:48:19 AM EDT","5/1/2018 1:10:13 PM EDT","5/1/2018 1:07:46 PM EDT","5/1/2018 1:10:13 PM EDT","5/1/2018 1:10:13 PM EDT","rodcon46@aol.com"
"Please DocuSign your UPC insurance documents.-(407)456-1525 | 00265689 | LR VO","Completed","MARIA AMEZOLA","Completed","5/1/2018 11:29:59 AM EDT","5/1/2018 3:18:43 PM EDT","5/1/2018 3:18:06 PM EDT","5/1/2018 3:20:47 PM EDT","5/1/2018 3:18:43 PM EDT","pdeamezola@me.com"
"Please DocuSign your UPC insurance documents.-(407)456-1525 | 00265689 | LR VO","Completed","Pierre De Amezola","Completed","5/1/2018 11:29:59 AM EDT","5/1/2018 3:20:47 PM EDT","5/1/2018 3:19:09 PM EDT","5/1/2018 3:20:47 PM EDT","5/1/2018 3:20:47 PM EDT","pdeamezola@me.com"
"Please DocuSign your UPCIC insurance documents.-(352)328-1357 | 00739445 | SB","Completed","Erik Montee","Completed","5/1/2018 11:07:51 AM EDT","5/1/2018 4:30:09 PM EDT","5/1/2018 4:27:08 PM EDT","5/1/2018 4:30:09 PM EDT","5/1/2018 4:30:09 PM EDT","erik.montee@gmail.com"
"Please DocuSign your UPCIC insurance documents.-(321)417-2734| 00743186 | LR","Completed","Leticia Velez","Completed","5/1/2018 11:01:44 AM EDT","5/1/2018 12:23:25 PM EDT","5/1/2018 12:18:38 PM EDT","5/1/2018 12:29:11 PM EDT","5/1/2018 12:23:25 PM EDT","velez.leticia7@gmail.com"
"Please DocuSign your UPCIC insurance documents.-(321)417-2734| 00743186 | LR","Completed","Orlando Fernandez","Completed","5/1/2018 11:01:45 AM EDT","5/1/2018 12:29:11 PM EDT","5/1/2018 12:25:47 PM EDT","5/1/2018 12:29:11 PM EDT","5/1/2018 12:29:11 PM EDT","velez.leticia7@gmail.com"
"Please DocuSign your Seacoast insurance documents.-(305)282-7902 | 00743120 | LR JK","Voided","Johnson, Carmen","Delivered","5/1/2018 10:54:00 AM EDT","","5/1/2018 3:46:02 PM EDT","5/2/2018 1:20:43 PM EDT","","robertb@miamidade.gov"
"Please DocuSign your ASPEN insurance documents.-(305)926-0256 | 00743115 | LU JK","Completed","Ana  Sastre","Completed","5/1/2018 10:43:26 AM EDT","5/3/2018 6:15:25 AM EDT","5/3/2018 5:58:55 AM EDT","5/3/2018 6:15:25 AM EDT","5/3/2018 6:15:25 AM EDT","asastre@comcast.net"
"Please DocuSign: NVH-0004371 Inspection Letter.-(305)890-3730| 00722097 | LR","Completed","Lewis, Anthony","Completed","5/1/2018 10:35:30 AM EDT","5/6/2018 10:31:39 PM EDT","5/6/2018 10:29:53 PM EDT","5/6/2018 10:31:39 PM EDT","5/6/2018 10:31:39 PM EDT","anthonyhlewis@aol.com"
"Please DocuSign: HVH-0001735 Inspection Letter.-(754)422-9657 | 00715400 | KC LR","Voided","Hart, Elizabeth","Sent","5/1/2018 10:31:16 AM EDT","","","5/9/2018 12:23:54 AM EDT","","ehart208@gmail.com"
"Please DocuSign your Progressive insurance documents.-(561)676-8436  00449285 Manny","Completed","Lichun Zhang","Completed","5/1/2018 10:27:11 AM EDT","5/2/2018 10:11:34 AM EDT","5/1/2018 10:55:42 AM EDT","5/2/2018 10:11:34 AM EDT","5/2/2018 10:11:34 AM EDT","chen.m.qi@gmail.com"
"Please DocuSign your Heritage property & Casualty insurance documents.-(631)974-3050| 00742515 | SB","Voided","Emily Macri","Sent","5/1/2018 10:15:58 AM EDT","","","5/1/2018 10:18:23 AM EDT","","rodcon46@aol.com"
"Please DocuSign your Heritage property & Casualty insurance documents.-(631)974-3050| 00742515 | SB","Voided","Frank Macri","Sent","5/1/2018 10:15:59 AM EDT","","","5/1/2018 10:18:23 AM EDT","","rodcon46@aol.com"
"Please DocuSign Cancellation request form.-(561)309-2710| 00459353 | VO","Completed","Marisol Cardenas","Completed","5/1/2018 9:37:18 AM EDT","5/1/2018 11:12:39 AM EDT","5/1/2018 11:11:24 AM EDT","5/1/2018 11:13:14 AM EDT","5/1/2018 11:12:39 AM EDT","solita007@hotmail.com"
"Please DocuSign Cancellation request form.-(561)309-2710| 00459353 | VO","Completed","Roberto Rodriguez","Completed","5/1/2018 9:37:19 AM EDT","5/1/2018 11:13:14 AM EDT","5/1/2018 11:13:03 AM EDT","5/1/2018 11:13:14 AM EDT","5/1/2018 11:13:14 AM EDT","solita007@hotmail.com"
"Please DocuSign your Aspen insurance documents.-(954)663-5018| 00738268 | SR JK","Voided","Charles Cross","Sent","5/1/2018 9:21:01 AM EDT","","","5/9/2018 12:22:47 AM EDT","","rickcross52@aol.com"
": Please DocuSign your auto insurance documents.-  | 00612222 |   (561)866-5814 LR","Completed","Gregory Torre","Completed","5/1/2018 7:43:09 AM EDT","5/1/2018 9:33:36 AM EDT","5/1/2018 9:28:25 AM EDT","5/1/2018 9:33:36 AM EDT","5/1/2018 9:33:36 AM EDT","gregoryt27@gmail.com"
"Please DocuSign your home insurance documents.-  (786)484-6695    | 00615462 |  LR","Completed","Oliver Kanuty","Completed","5/1/2018 7:25:03 AM EDT","5/1/2018 9:28:19 AM EDT","5/1/2018 9:26:47 AM EDT","5/2/2018 9:24:42 AM EDT","5/1/2018 9:28:19 AM EDT","okanuty@gmail.com"
"Please DocuSign your home insurance documents.-  (786)484-6695    | 00615462 |  LR","Completed","Suzanne Kanuty","Completed","5/1/2018 7:25:03 AM EDT","5/2/2018 9:24:42 AM EDT","5/2/2018 9:24:08 AM EDT","5/2/2018 9:24:42 AM EDT","5/2/2018 9:24:42 AM EDT","okanuty@gmail.com"