"Subject","Status","Recipient Name","Action","Sent On","Completed On","View Date","Status Changed Date","Sign Date","Recipient Email"
"Please DocuSign your TH & Cancellation request form documents.-(954)980-8782 | 00733668 | SB MO","Sent","Heather Saliba","AutoResponded","","","","","","heathergosaliba@gmail.com"
"Please DocuSign your TH & Cancellation request form documents.-(954)980-8782 | 00733668 | SB MO","Sent","Jake Saliba","AutoResponded","","","","","","heathergosaliba@gmail.com"
"Please DocuSign your UPCIC insurance documents.-(786)328-8341 | 00736151 | LR","Delivered","JORGE DE LA ROSA","Delivered","","","4/2/2018 5:52:08 PM EDT","","","Jorgedlr2004@gmail.com"
"Please DocuSign your UPC insurance documents.-(707)292-1802 | 00736129 | LR","Sent","WILLIAM MOYER","Sent","4/2/2018 5:00:55 PM EDT","","","","","Wm.david.moyer@gmail.com"
"Please DocuSign your UPC insurance documents.-(707)292-1802 | 00736129 | LR","Sent","NAOMI SAMPLE","Sent","4/2/2018 5:00:56 PM EDT","","","","","Wm.david.moyer@gmail.com"
"Please DocuSign your UPCIC insurance documents.- ph#:720-947-9476 pc#:1503-1801-2567 LR","Sent","Charlotte Sullivan","Sent","4/2/2018 4:55:19 PM EDT","","","","","ceo5sullivan@gmail.com"
"Please DocuSign: HVH-0001766 Inspection Letter.-(786)651-0663| 00727186 | LR","Sent","Stein Haslam, Mayra","Sent","4/2/2018 4:43:43 PM EDT","","","","","jacquelinehaslam612@gmail.com"
"Please DocuSign your Velocity insurance documents.-(850)710-3038| 00736109 |  SB","Delivered","Paul Doom","Delivered","4/2/2018 4:06:10 PM EDT","","4/2/2018 6:24:21 PM EDT","","","mqsbwa@gmail.com"
"Please DocuSign your UPCIC insurance documents.-(954)200-1041| 00452521 | LR","Completed","CARMEN ARANGO","Completed","4/2/2018 3:12:22 PM EDT","4/2/2018 3:28:48 PM EDT","4/2/2018 3:26:01 PM EDT","4/2/2018 3:28:48 PM EDT","4/2/2018 3:28:48 PM EDT","arango1322@gmail.com"
"Please DocuSign this policy change request.-(561)797-4127| 00670798 | AG","Sent","Williams, Frank","Sent","4/2/2018 2:44:10 PM EDT","","","","","natachapeuguero@yahoo.com"
"Corrected: Please DocuSign this policy change request.-(561)479-1543| 00720143 |LU","Completed","Stanley Civin","Completed","4/2/2018 2:37:52 PM EDT","4/2/2018 9:20:41 PM EDT","4/2/2018 9:18:37 PM EDT","4/2/2018 9:20:41 PM EDT","4/2/2018 9:20:41 PM EDT","stancivin@lbugroup.com"
"Please DocuSign your Allrisks insurance documents.-(321)777-4363 | 00736021 | SR HH","Delivered","Alridge, Ron","Delivered","4/2/2018 2:34:33 PM EDT","","4/2/2018 3:09:19 PM EDT","","","aldge193613@sbcglobal.net"
"Please DocuSign your Allrisks insurance documents.-(407)470-0983| 00736016 |  SR HH","Completed","Tatterson, James","Completed","4/2/2018 2:17:48 PM EDT","4/2/2018 4:44:41 PM EDT","4/2/2018 4:40:25 PM EDT","4/2/2018 4:44:41 PM EDT","4/2/2018 4:44:41 PM EDT","tattwo28216@yahoo.com"
"updated: Please DocuSign your Wind Mitigation inspection.-(321)508-4181 | 00724450 | KC SB","Sent","Teresa Guthrie","Sent","4/2/2018 1:26:01 PM EDT","","","","","taguth65@gmail.com"
"Please DocuSign your Travelers UM form.-(561)329-4847 | 00711208 | Matt","Completed","Erica Guider","Completed","4/2/2018 12:46:57 PM EDT","4/2/2018 12:57:13 PM EDT","4/2/2018 12:56:57 PM EDT","4/2/2018 12:57:13 PM EDT","4/2/2018 12:57:13 PM EDT","ericaguider@gmail.com"
"Please DocuSign your UPCIC insurance documents.-(770)363-4959| 00735998 | LR","Completed","Richelle Andrews","Completed","4/2/2018 12:39:40 PM EDT","4/2/2018 7:52:45 PM EDT","4/2/2018 1:10:41 PM EDT","4/2/2018 7:56:33 PM EDT","4/2/2018 7:52:45 PM EDT","rere90@gmail.com"
"Please DocuSign your UPCIC insurance documents.-(770)363-4959| 00735998 | LR","Completed","Marc Andrews","Completed","4/2/2018 12:39:40 PM EDT","4/2/2018 7:56:33 PM EDT","4/2/2018 7:49:13 PM EDT","4/2/2018 7:56:33 PM EDT","4/2/2018 7:56:33 PM EDT","rere90@gmail.com"
"Please DocuSign your Prepared  insurance documents.-(954)253-9160| 00181842 | LR","Completed","Barbara Segal","Completed","4/2/2018 12:12:46 PM EDT","4/2/2018 1:19:18 PM EDT","4/2/2018 1:16:58 PM EDT","4/2/2018 1:19:18 PM EDT","4/2/2018 1:19:18 PM EDT","kngmidas@bellsouth.net"
"Please DocuSign your UPCIC insurance documents.-(352)978-0032 | 00735975 |LU","Sent","Arcolia Wakefield","Sent","4/2/2018 11:55:42 AM EDT","","","","","hotcocoa52@gmail.com"
"Please DocuSign your BASS insurance documents.-(305)879-0554| 00735953 | SR DR","Completed","Brunel Bataille","Completed","4/2/2018 11:02:08 AM EDT","4/2/2018 9:17:44 PM EDT","4/2/2018 8:50:40 PM EDT","4/2/2018 9:17:44 PM EDT","4/2/2018 9:17:44 PM EDT","Maltema2000@yahoo.com"
"Please DocuSign your Bass insurance documents.- ph#:954-600-5803 pc#:AGP1294241 SR JK","Sent","Jarmila Kubikova","Sent","4/2/2018 2:59:08 PM EDT","","","","","jarmilakubikova@hotmail.com"
"Please DocuSign Replacement cost(516)724-5226| 00725722 |LR","Sent","Alan Levine","Sent","4/2/2018 10:41:13 AM EDT","","","","","blevine301@aol.com"
"Please DocuSign your Allrisk insurance documents.-(561)856-9566 | 00731113 | LR BB","Sent","Amanda Rivas","Sent","4/2/2018 10:39:14 AM EDT","","","","","Amandarivas78@yahoo.com"
"Please DocuSign your BASS insurance documents.-(954)437-0384| 00735729 |  LU JK","Completed","Donna Channer Rose","Completed","4/2/2018 10:31:03 AM EDT","4/2/2018 2:07:51 PM EDT","4/2/2018 2:04:12 PM EDT","4/2/2018 2:07:51 PM EDT","4/2/2018 2:07:51 PM EDT","dmcrose@gmail.com"
"Please DocuSign Cancellation request form.-(561)323-1590 | 00712515 | SB","Completed","William Kikta","Completed","4/2/2018 10:04:23 AM EDT","4/2/2018 10:13:08 AM EDT","4/2/2018 10:12:37 AM EDT","4/2/2018 10:13:08 AM EDT","4/2/2018 10:13:08 AM EDT","william_kikta@yahoo.com"
"Please DocuSign: NVF-0002440 Inspection Letter.-(954)732-2474 | 00729644 | LR","Sent","Mcgregor, Jenny","Sent","4/2/2018 9:56:00 AM EDT","","","","","jennymcgregor73@gmail.com"
"Please DocuSign your Seacoast insurance documents.-(561)722-9855 | 00735817 | SB","Completed","Zachariah Hodges","Completed","4/2/2018 9:48:56 AM EDT","4/2/2018 10:29:12 AM EDT","4/2/2018 10:14:41 AM EDT","4/2/2018 10:29:12 AM EDT","4/2/2018 10:29:12 AM EDT","iamepyon@gmail.com"
"Please DocuSign your SFI insurance documents.-(305)968-0584 | 00735812 SB","Completed","Nicholas Drummond","Completed","4/2/2018 9:40:40 AM EDT","4/2/2018 6:09:43 PM EDT","4/2/2018 6:07:52 PM EDT","4/2/2018 6:09:43 PM EDT","4/2/2018 6:09:43 PM EDT","donnick55@gmail.com"
"Please DocuSign your BASS insurance documents.- qt#: AGP1293471 ph#:305-322-7896 SR DR MANNY","Sent","Lillian Beauchamp ","Sent","4/1/2018 2:04:50 PM EDT","","","","","lillilove33177@yahoo.com"
"Please DocuSign your BASS insurance documents.- qt#: AGP1293471 ph#:305-322-7896 SR DR MANNY","Sent","Chris Cole","Completed","4/1/2018 2:04:50 PM EDT","4/1/2018 2:05:55 PM EDT","4/1/2018 2:05:17 PM EDT","","4/1/2018 2:05:55 PM EDT","kerry.clinton@brightway.com"