"Subject","Status","Recipient Name","Action","Sent On","Completed On","View Date","Status Changed Date","Sign Date","Recipient Email"
"Please DocuSign your UPCIC insurance documents.-(772)532-1459 | 00644806 | AG VO","Delivered","Tamara  Brandes","Delivered","7/6/2018 5:50:00 PM EDT","","7/8/2018 6:00:13 AM EDT","","","chriskbrandes@aol.com"
"Please DocuSign your UPCIC insurance documents.-(772)532-1459 | 00644806 | AG VO","Delivered","CHRISTOPHER  BRANDES","Delivered","7/6/2018 5:50:00 PM EDT","","7/8/2018 6:03:09 AM EDT","","","chriskbrandes@aol.com"
"Please DocuSign your Florida Peninsula  insurance documents.-(704)668-5056 | 00604085 | LU","Completed","VINCENT RANURO","Completed","7/6/2018 5:33:34 PM EDT","7/6/2018 5:58:14 PM EDT","7/6/2018 5:50:03 PM EDT","7/6/2018 5:58:14 PM EDT","7/6/2018 5:58:14 PM EDT","vinnman500@gmail.com"
"Please DocuSign your Velocity insurance documents.-(301)529-4753| 00490382 | LP VO","Sent","Marvin Riibner","Sent","7/6/2018 5:18:31 PM EDT","","","","","Mriibner1@mac.com"
"Please DocuSign your Allrisks insurance documents.-(617)697-0611| 00759220 | LR KG","Completed","Abreu, Luiz","Completed","7/6/2018 5:04:55 PM EDT","7/6/2018 7:25:21 PM EDT","7/6/2018 7:15:14 PM EDT","7/6/2018 7:25:21 PM EDT","7/6/2018 7:25:21 PM EDT","Brotherabreu@hotmail.com"
"Please DocuSign your Prepared & ASI insurance documents.-(561)317-8221| 00759194 | LP AG","Completed","Fanny  Cardenas","Completed","7/6/2018 4:59:33 PM EDT","7/6/2018 5:06:47 PM EDT","7/6/2018 5:06:04 PM EDT","7/6/2018 5:06:47 PM EDT","7/6/2018 5:06:47 PM EDT","geralyn.cardenas@brightway.com"
"Please DocuSign your Prepared & ASI insurance documents.-(561)317-8221| 00759194 | LP AG","Sent","Fanny  Cardenas","Sent","7/6/2018 4:59:06 PM EDT","","","","","Fannycardenas@bellsouth.net"
"Please DocuSign your Capitol Preferred insurance documents.-(813)505-6636| 00547403 | LU VO","Completed","YENEY PENA GONZALEZ","Completed","7/6/2018 4:50:04 PM EDT","7/8/2018 8:11:41 AM EDT","7/8/2018 8:09:18 AM EDT","7/8/2018 8:11:41 AM EDT","7/8/2018 8:11:41 AM EDT","jaimedyenyd@yahoo.com"
"Please DocuSign Statement of No Loss form.- | 00597560 |  AJ","Sent","Schwartz, Julian","Sent","7/6/2018 4:29:43 PM EDT","","","","","jusyl77@aol.com"
"Please DocuSign your progressive insurance documents.-(519)980-7002| 00754023 |  LU","Voided","Natalia Ghilzon","Sent","7/6/2018 4:07:44 PM EDT","","","7/6/2018 4:13:07 PM EDT","","natalia18@hotmail.com"
"Please DocuSign your UPCIC insurance documents.-(207)890-3743 | 00759179 | AG","Completed","Donna Desalvo","Completed","7/6/2018 3:26:16 PM EDT","7/7/2018 8:48:18 AM EDT","7/7/2018 8:31:22 AM EDT","7/7/2018 8:48:18 AM EDT","7/7/2018 8:48:18 AM EDT","dmdesalvo@comcast.net"
"Please DocuSign your UPC insurance documents.-(904)955-2316| 00759167 | LP","Completed","SUSAN HOLMES","Completed","7/6/2018 3:05:13 PM EDT","7/6/2018 10:51:29 PM EDT","7/6/2018 10:47:43 PM EDT","7/6/2018 10:51:29 PM EDT","7/6/2018 10:51:29 PM EDT","srholmes1951@gmail.com"
"Please DocuSign your new ASI flood insurance application.-(407)435-6247| 00757537 | AG","Completed","Robert Murdoch","Completed","7/6/2018 2:59:22 PM EDT","7/7/2018 8:18:58 AM EDT","7/7/2018 8:08:37 AM EDT","7/7/2018 8:18:58 AM EDT","7/7/2018 8:18:58 AM EDT","chris6string@yahoo.com"
"Please DocuSign your UPCIC insurance documents.-(305)494-9036| 00532667 | AG","Sent","Bernice Davila","Sent","7/6/2018 2:55:37 PM EDT","","","","","Bxd345@med.miami.edu"
"Please DocuSign your Olympus insurance documents.-(786)389-1239 | 00759138 | LU","Completed","Kelvin Carnell Byrd","Completed","7/6/2018 2:42:03 PM EDT","7/7/2018 11:38:20 AM EDT","7/7/2018 8:03:03 AM EDT","7/7/2018 7:24:31 PM EDT","7/7/2018 11:38:20 AM EDT","Kcbyrd3@yahoo.com"
"Please DocuSign your Olympus insurance documents.-(786)389-1239 | 00759138 | LU","Completed","Constance Marie Byrd","Completed","7/6/2018 2:42:04 PM EDT","7/7/2018 7:24:31 PM EDT","7/6/2018 5:34:48 PM EDT","7/7/2018 7:24:31 PM EDT","7/7/2018 7:24:31 PM EDT","Kcbyrd3@yahoo.com"
"Please DocuSign your new ASI flood insurance application.-(732)995-1727| 00598865 |  AG","Completed","Josephine Hammond","Completed","7/6/2018 2:32:14 PM EDT","7/7/2018 8:48:10 AM EDT","7/7/2018 8:46:51 AM EDT","7/7/2018 8:48:10 AM EDT","7/7/2018 8:48:10 AM EDT","josephine@redpeppergroup.com"
"Please DocuSign Cancellation request form.-(754)244-2040| 00755676 | VO","Sent","Oscar A Romero","Sent","7/6/2018 2:26:28 PM EDT","","","","","oaromero30@gmail.com"
"Please DocuSign your UPCIC & ASI insurance documents.-(305)916-9076 | 00757580 |  AG LU","Completed","Charlene  Ameralis","Completed","7/6/2018 2:25:15 PM EDT","7/6/2018 3:06:03 PM EDT","7/6/2018 2:44:17 PM EDT","7/6/2018 3:06:03 PM EDT","7/6/2018 3:06:03 PM EDT","charleneameralis@yahoo.com"
"Please DocuSign your Edison insurance documents.-(772)878-2494| 00755824 | LR","Sent","CAROLE REID","Sent","7/6/2018 1:55:01 PM EDT","","","","","Kenshouldeen994@gmail.com"
"Please DocuSign Cancellation request form.-(561)351-4102 | 00752768 | VO","Delivered","Chad Sepersaude","Delivered","7/6/2018 1:36:45 PM EDT","","7/6/2018 1:44:16 PM EDT","","","sepersa@yahoo.com"
"Please DocuSign your Florida Specialty & Cat4 insurance documents.-(407)804-1591| 00688316 LP LU VO","Completed","JOAN BRESLIN","Completed","7/6/2018 1:27:15 PM EDT","7/6/2018 4:32:52 PM EDT","7/6/2018 4:12:40 PM EDT","7/6/2018 5:21:37 PM EDT","7/6/2018 4:32:52 PM EDT","JASPERS56@YAHOO.COM"
"Please DocuSign your Florida Specialty & Cat4 insurance documents.-(407)804-1591| 00688316 LP LU VO","Completed","Francis Breslin","Completed","7/6/2018 1:27:15 PM EDT","7/6/2018 5:21:37 PM EDT","7/6/2018 5:18:10 PM EDT","7/6/2018 5:21:37 PM EDT","7/6/2018 5:21:37 PM EDT","JASPERS56@YAHOO.COM"
"Please DocuSign Wind mitigation.-(561)309-2686| 00320314 |  LU","Completed","Martha Molter","Completed","7/6/2018 1:08:56 PM EDT","7/6/2018 6:49:40 PM EDT","7/6/2018 6:49:27 PM EDT","7/6/2018 6:49:40 PM EDT","7/6/2018 6:49:40 PM EDT","MM9757@gmail.com"
"Please DocuSign your Capitol Preferred insurance documents.-(603)339-7616| 00738981 | LR VO","Completed","Mary B Cappotto","Completed","7/6/2018 12:33:37 PM EDT","7/7/2018 8:08:48 AM EDT","7/7/2018 8:05:20 AM EDT","7/7/2018 8:11:13 AM EDT","7/7/2018 8:08:48 AM EDT","dcappotto@comcast.net"
"Please DocuSign your Capitol Preferred insurance documents.-(603)339-7616| 00738981 | LR VO","Completed","DENNIS B CAPPOTTO","Completed","7/6/2018 12:33:37 PM EDT","7/7/2018 8:11:13 AM EDT","7/7/2018 8:09:35 AM EDT","7/7/2018 8:11:13 AM EDT","7/7/2018 8:11:13 AM EDT","dcappotto@comcast.net"
"Please DocuSign your UPCIC insurance documents.-(321)795-9837| 00688157 | AG","Completed","Helen Ducille","Completed","7/6/2018 12:00:20 PM EDT","7/6/2018 2:21:40 PM EDT","7/6/2018 2:19:32 PM EDT","7/6/2018 2:21:40 PM EDT","7/6/2018 2:21:40 PM EDT","helenduci@gmail.com"
"Please DocuSign your Peoples Trust insurance documents.-(423)309-3283| 00750478 | LU","Delivered","ERIKA R JUNTUNEN","Delivered","7/6/2018 11:33:20 AM EDT","","7/6/2018 12:06:00 PM EDT","","","bttrflygl79@aol.com"
"Please DocuSign your Peoples Trust insurance documents.-(423)309-3283| 00750478 | LU","Delivered","JOHN JUNTUNEN","Delivered","7/6/2018 11:33:20 AM EDT","","7/6/2018 4:34:33 PM EDT","","","bttrflygl79@aol.com"
"Please DocuSign Skipjack Premium Finance form.-(786)262-5262| 00603414 | AJ","Sent","ST CHARLES, ANNE-MARIE","Sent","7/6/2018 11:23:16 AM EDT","","","","","AStCharles.JHS@MIAMI.org"
"NEW: Please DocuSign your Peoples Trust insurance documents.-(917)239-2213| 00757386 | LR","Completed","Linda Lamb","Completed","7/6/2018 11:16:57 AM EDT","7/6/2018 12:51:45 PM EDT","7/6/2018 12:51:16 PM EDT","7/6/2018 12:51:45 PM EDT","7/6/2018 12:51:45 PM EDT","baron3595@yahoo.com"
"Please DocuSign Skipjack Premium Finance form.-(941)219-8609| 00718486 | AJ","Completed","Mira, George","Completed","7/6/2018 11:12:32 AM EDT","7/6/2018 6:07:56 PM EDT","7/6/2018 5:59:25 PM EDT","7/6/2018 6:07:56 PM EDT","7/6/2018 6:07:56 PM EDT","Gmira2@hotmail.com"
"Please DocuSign Cancellation request form.-(561)429-6466| 00407984 | KC","Completed","Kelly Michele","Completed","7/6/2018 11:10:24 AM EDT","7/6/2018 11:29:15 AM EDT","7/6/2018 11:28:53 AM EDT","7/6/2018 11:29:15 AM EDT","7/6/2018 11:29:15 AM EDT","mkelly0683@aol.com"
"Please DocuSign your Aspen insurance documents.-(240)938-7647| 00743435 | LR","Delivered","Cavanaugh, Viviane","Delivered","7/6/2018 10:56:02 AM EDT","","7/7/2018 8:40:24 AM EDT","","","vivianeredondo@hotmail.com"
"Please DocuSign your BASS insurance documents.-(786)617-4850| 00750263 | DR LR","Sent","Nelson Cabral","Sent","7/6/2018 10:51:05 AM EDT","","","","","freshcabral@gmail.com"
"Please DocuSign: FLH-0008561 Inspection Letter.-(954)608-8985 | 00744929 |  LR","Completed","Matterella, Joseph","Completed","7/6/2018 10:49:50 AM EDT","7/8/2018 12:43:03 PM EDT","7/8/2018 12:42:54 PM EDT","7/8/2018 12:43:03 PM EDT","7/8/2018 12:43:03 PM EDT","jmobilemech1@gmail.com"
"Please DocuSign your CAT4 insurance documents.-(845)392-8181| 00759000 | LU","Completed","Leigh Scirbona","Completed","7/6/2018 10:25:22 AM EDT","7/6/2018 11:23:49 AM EDT","7/6/2018 11:21:41 AM EDT","7/6/2018 11:23:49 AM EDT","7/6/2018 11:23:49 AM EDT","Leigh_scir@hotmail.com"
"Please DocuSign your Capitol Preferred insurance documents.-(561)531-7019 | 00757924 | LR VO","Completed","NELSON GRULLON","Completed","7/6/2018 10:14:55 AM EDT","7/6/2018 12:48:28 PM EDT","7/6/2018 10:55:54 AM EDT","7/8/2018 12:23:21 PM EDT","7/6/2018 12:48:28 PM EDT","RAISAGRULLON0303@GMAIL.COM"
"Please DocuSign your Capitol Preferred insurance documents.-(561)531-7019 | 00757924 | LR VO","Completed","RAISA GRULLON","Completed","7/6/2018 10:14:56 AM EDT","7/8/2018 12:23:21 PM EDT","7/8/2018 11:38:42 AM EDT","7/8/2018 12:23:21 PM EDT","7/8/2018 12:23:21 PM EDT","raisagrullon0303@gmail.com"
"Please DocuSign your Velocity insurance documents.-(305)621-4873| 00212947 | LP","Sent","Albert Jackson","Sent","7/6/2018 10:05:23 AM EDT","","","","","albertjackjr@att.net"
"Please DocuSign your Velocity insurance documents.-(305)621-4873| 00212947 | LP","Sent","Willa Jackson","Delivered","7/6/2018 10:05:23 AM EDT","","7/6/2018 11:29:09 AM EDT","","","albertjackjr@att.net"
"Please DocuSign your home insurance documents.-(954)817-5468| 00444052 | LR VO","Completed","TERRANCE E CAMPBELL","Completed","7/6/2018 9:30:22 AM EDT","7/6/2018 10:10:58 AM EDT","7/6/2018 10:08:28 AM EDT","7/6/2018 5:06:16 PM EDT","7/6/2018 10:10:58 AM EDT","tc2pres@gmail.com"
"Please DocuSign your home insurance documents.-(954)817-5468| 00444052 | LR VO","Completed","Tamara Campbell","Completed","7/6/2018 9:30:22 AM EDT","7/6/2018 5:06:16 PM EDT","7/6/2018 5:06:05 PM EDT","7/6/2018 5:06:16 PM EDT","7/6/2018 5:06:16 PM EDT","tc2pres@gmail.com"
"Please DocuSign your UPCIC insurance documents.-(631)365-4579| 00758906 | AG","Delivered","MARY BELLOTTI","Delivered","7/6/2018 8:58:23 AM EDT","","7/8/2018 9:58:12 PM EDT","","","mbellotti12@gmail.com"
"Please DocuSign your UPCIC insurance documents.-(813)867-9252 | 00758914 | AG","Completed","WILLIAM HUSSEY","Completed","7/6/2018 8:53:20 AM EDT","7/6/2018 9:00:07 AM EDT","7/6/2018 8:59:11 AM EDT","7/8/2018 7:51:37 AM EDT","7/6/2018 9:00:07 AM EDT","Bill.Hussey@bicgraphic.com"
"Please DocuSign your UPCIC insurance documents.-(813)867-9252 | 00758914 | AG","Completed","GHADA HUSSEY","Completed","7/6/2018 8:53:20 AM EDT","7/8/2018 7:51:37 AM EDT","7/8/2018 7:51:05 AM EDT","7/8/2018 7:51:37 AM EDT","7/8/2018 7:51:37 AM EDT","Bill.Hussey@bicgraphic.com"
"Please DocuSign your new ASI flood insurance application.-(772)634-3481| 00518781 | AG","Completed","ANGEL ORTIZ","Completed","7/5/2018 3:50:34 PM EDT","7/5/2018 4:13:15 PM EDT","7/5/2018 4:12:54 PM EDT","7/5/2018 4:13:15 PM EDT","7/5/2018 4:13:15 PM EDT","oquendopainting@aol.com"
"Please DocuSign your Velocity insurance documents.-(561)512-9585| 00105221 | LP VO","Completed","Cristina Martin","Completed","7/5/2018 2:01:30 PM EDT","7/5/2018 3:33:42 PM EDT","7/5/2018 3:26:14 PM EDT","7/5/2018 3:44:55 PM EDT","7/5/2018 3:33:42 PM EDT","crissy64@hotmail.com"
"Please DocuSign your Velocity insurance documents.-(561)512-9585| 00105221 | LP VO","Completed","RICHARD MARTIN","Completed","7/5/2018 2:01:30 PM EDT","7/5/2018 3:44:55 PM EDT","7/5/2018 3:43:12 PM EDT","7/5/2018 3:44:55 PM EDT","7/5/2018 3:44:55 PM EDT","crissy64@hotmail.com"
"Please DocuSign your Geovera insurance documents.-(516)557-9962| 00758769 | LU DR","Completed","Timothy Simmons","Completed","7/5/2018 1:42:40 PM EDT","7/8/2018 2:43:19 PM EDT","7/8/2018 2:41:24 PM EDT","7/8/2018 2:43:19 PM EDT","7/8/2018 2:43:19 PM EDT","ajiabrenjustsims@aol.com"
"Please DocuSign your UPCIC insurance documents.-(817)937-2496| 00758758 | AG","Completed","Chris  Matchniff","Completed","7/5/2018 1:37:17 PM EDT","7/5/2018 2:17:30 PM EDT","7/5/2018 2:15:55 PM EDT","7/5/2018 2:17:30 PM EDT","7/5/2018 2:17:30 PM EDT","matchniff@yahoo.com"
"Please DocuSign your no loss & EFT withdrawals.-(423)309-3283| 00750478 | KG","Completed","ERIKA R JUNTUNEN","Completed","7/5/2018 1:14:30 PM EDT","7/5/2018 3:10:10 PM EDT","7/5/2018 3:08:47 PM EDT","7/5/2018 3:10:10 PM EDT","7/5/2018 3:10:10 PM EDT","bttrflygl79@aol.com"
"Please DocuSign your Automatic EFT Withdrawals-(917)239-2213| 00757386 LR","Completed","Linda Lamb","Completed","7/5/2018 1:06:22 PM EDT","7/5/2018 1:19:35 PM EDT","7/5/2018 1:07:20 PM EDT","7/5/2018 1:19:35 PM EDT","7/5/2018 1:19:35 PM EDT","baron3595@yahoo.com"
"Please DocuSign Statement of No Loss form.-(917)239-2213| 00757386 | LR","Completed","Linda Lamb","Completed","7/5/2018 11:42:55 AM EDT","7/5/2018 12:21:07 PM EDT","7/5/2018 12:20:41 PM EDT","7/5/2018 12:21:07 PM EDT","7/5/2018 12:21:07 PM EDT","baron3595@yahoo.com"
"Please DocuSign your Velocity  insurance documents.-(801)979-4824| 00749003 | LR","Sent","Adam Bakhouche","AutoResponded","7/5/2018 11:21:27 AM EDT","","","","","alec2ab@gmail.com"
"Please DocuSign this policy change request.-(305)461-6649| 00666185 |  LR","Completed","Anne-Sophie Colas","Completed","7/5/2018 11:19:51 AM EDT","7/5/2018 11:55:46 AM EDT","7/5/2018 11:49:06 AM EDT","7/5/2018 11:55:46 AM EDT","7/5/2018 11:55:46 AM EDT","ascolas@hotmail.com"
"Please DocuSign your Allrisks insurance documents.-(954)496-5517| 00750604 | LU BB","Completed","Samantha Reid","Completed","7/5/2018 11:15:30 AM EDT","7/5/2018 11:45:29 AM EDT","7/5/2018 11:43:32 AM EDT","7/5/2018 11:45:29 AM EDT","7/5/2018 11:45:29 AM EDT","jguess17@hotmail.com"
"Please DocuSign your UPCIC insurance documents.-(914)356-9833| 00758575 | AG","Sent","Marjorie  Brooks","Sent","7/5/2018 11:11:24 AM EDT","","","","","marjoriebrooks@hotmail.com"
"Please DocuSign your Federated National insurance documents.-(954)481-9921| 00758679 | LR","Sent","Dorota Kotowski","Sent","7/5/2018 11:00:09 AM EDT","","","","","eurodeli0200@yahoo.com"
"Please DocuSign this agent of record form.- (786)399-8038 | 00758514 |  GC","Sent","Wayman Pierce","Sent","7/5/2018 10:50:02 AM EDT","","","","","wpl1250@aol.com"
"Please DocuSign your Bass & Geovera insurance documents.-(954)520-9521| 00758613 |  LU DR VO","Sent","JAMES GORMAN","Sent","7/5/2018 10:46:58 AM EDT","","","","","harborseawall@yahoo.com"
"Please DocuSign your peoples trust insurance documents.-(954)803-3755| 00758604 | LR","Completed","SCOTT BRASSINGTON","Completed","7/5/2018 10:13:15 AM EDT","7/6/2018 8:11:57 AM EDT","7/6/2018 8:05:33 AM EDT","7/6/2018 8:11:57 AM EDT","7/6/2018 8:11:57 AM EDT","Scottiebrassington@yahoo.com"
"corrected:Please DocuSign your UPC insurance documents.-(305)988-9590| 00758591 | LP","Completed","EDUARDO ZBINDEN","Completed","7/5/2018 10:04:52 AM EDT","7/7/2018 9:42:53 AM EDT","7/5/2018 11:07:20 AM EDT","7/7/2018 9:43:45 AM EDT","7/7/2018 9:42:53 AM EDT","eduardo@harmonyfg.com"
"corrected:Please DocuSign your UPC insurance documents.-(305)988-9590| 00758591 | LP","Completed","CAMILIA MUNOZ","Completed","7/5/2018 10:04:52 AM EDT","7/7/2018 9:43:45 AM EDT","7/5/2018 11:06:42 AM EDT","7/7/2018 9:43:45 AM EDT","7/7/2018 9:43:45 AM EDT","eduardo@harmonyfg.com"
"Please DocuSign your UPCIC insurance documents.-(786)512-9536| 00758558 | AG","Sent","Joseph  E Pearlman","Sent","7/5/2018 9:50:43 AM EDT","","","","","joeypearlman@yahoo.com"
"Please DocuSign your UPCIC insurance documents.-(786)512-9536| 00758558 | AG","Sent","Ludena  Payne Pearlman","Delivered","7/5/2018 9:50:43 AM EDT","","7/7/2018 7:29:51 AM EDT","","","denapearlman@yahoo.com"
"Please DocuSign Cancellation request form.-(631)682-4539| 00751047 | VO","Completed","Russell H Boeger","Completed","7/5/2018 9:28:09 AM EDT","7/5/2018 9:30:18 AM EDT","7/5/2018 9:29:47 AM EDT","7/6/2018 8:52:30 AM EDT","7/5/2018 9:30:18 AM EDT","RESPGIRL26@GMAIL.COM"
"Please DocuSign Cancellation request form.-(631)682-4539| 00751047 | VO","Completed","PAULA  BOEGER","Completed","7/5/2018 9:28:09 AM EDT","7/6/2018 8:52:30 AM EDT","7/5/2018 9:49:58 PM EDT","7/6/2018 8:52:30 AM EDT","7/6/2018 8:52:30 AM EDT","RESPGIRL26@GMAIL.COM"
"CORRECTEDPlease DocuSign your Capitol Preferred insurance documents.-(727)810-0444| 00671344 | LR VO","Completed","Paul Salisz","Completed","7/3/2018 5:15:44 PM EDT","7/7/2018 8:13:43 AM EDT","7/3/2018 7:36:13 PM EDT","7/7/2018 8:13:43 AM EDT","7/7/2018 8:13:43 AM EDT","paulsalisz@gmail.com"
"Please DocuSign Cancellation request form.-(502)409-3406| 00757032 | VO","Completed","EMBRY, PRISCILLA","Completed","7/3/2018 4:33:29 PM EDT","7/3/2018 6:41:21 PM EDT","7/3/2018 6:40:59 PM EDT","7/3/2018 6:41:21 PM EDT","7/3/2018 6:41:21 PM EDT","Cmnw03@yahoo.com"
"Please DocuSign: HVH-0001735 Inspection Letter.-(754)422-9657 | 00715400 | KC LR","Sent","Hart, Elizabeth","Sent","7/3/2018 4:18:37 PM EDT","","","","","ehart208@gmail.com"
"Please DocuSign Cancellation request form.-(901)828-3458| 00530805 | VO","Sent","Loyd Ryan","Sent","7/3/2018 4:01:18 PM EDT","","","","","loydvols@gmail.com"
"Please DocuSign Cancellation request form.-(786)285-1108| 00749994 | VO","Sent","Marilyn Crucet","Sent","7/3/2018 3:54:36 PM EDT","","","","","sutra1111@aol.com"
"Please DocuSign Cancellation request form.-(206)450-1825| 00457159 | VO","Completed","Clinton Goodman","Completed","7/3/2018 3:28:29 PM EDT","7/3/2018 3:32:25 PM EDT","7/3/2018 3:30:28 PM EDT","7/3/2018 3:33:01 PM EDT","7/3/2018 3:32:25 PM EDT","cj809@hotmail.com"
"Please DocuSign Cancellation request form.-(206)450-1825| 00457159 | VO","Completed","Stephanie Goodman","Completed","7/3/2018 3:28:29 PM EDT","7/3/2018 3:33:01 PM EDT","7/3/2018 3:32:50 PM EDT","7/3/2018 3:33:01 PM EDT","7/3/2018 3:33:01 PM EDT","cj809@hotmail.com"
"Please DocuSign your UPCIC insurance documents.-(647)300-5461 | 00724370 |AG VO","Sent","Lan Jia","Sent","7/3/2018 3:23:48 PM EDT","","","","","nancy.dreamhomes@gmail.com"
"Please DocuSign Cancellation request form.-(954)608-1303| 00201966 | VO","Completed","DEBORAH  KNEBEL-SMOLKA","Completed","7/3/2018 2:59:30 PM EDT","7/3/2018 3:22:58 PM EDT","7/3/2018 3:01:54 PM EDT","7/3/2018 3:23:57 PM EDT","7/3/2018 3:22:58 PM EDT","deborah.smolka@irs.gov"
"Please DocuSign Cancellation request form.-(954)608-1303| 00201966 | VO","Completed","JAMES  KNEBEL","Completed","7/3/2018 2:59:30 PM EDT","7/3/2018 3:23:57 PM EDT","7/3/2018 3:06:01 PM EDT","7/3/2018 3:23:57 PM EDT","7/3/2018 3:23:57 PM EDT","deborah.smolka@irs.gov"
"Please DocuSign Statement of No Loss form.-(813)992-9972| 00729416 | KC DR","Voided","Robert Broadwater","Delivered","7/3/2018 2:44:43 PM EDT","","7/5/2018 9:27:24 AM EDT","7/5/2018 9:49:13 AM EDT","","rbworkmail@gmail.com"
"Please DocuSign Cancellation request form.-(904)477-8582| 00730044 | VO","Delivered","KATHLEEN DAUTEL","Delivered","7/3/2018 1:55:19 PM EDT","","7/5/2018 8:02:52 AM EDT","","","jameswdautel@gmail.com"
"Please DocuSign Cancellation request form.-(904)477-8582| 00730044 | VO","Delivered","JAMES DAUTEL","Completed","7/3/2018 1:55:19 PM EDT","7/4/2018 8:30:10 AM EDT","7/4/2018 8:29:32 AM EDT","","7/4/2018 8:30:10 AM EDT","jameswdautel@gmail.com"
"Please DocuSign your Southern fidelity insurance documents.-(954)274-2400| 00755654 | AG","Sent","Seims, Suzanne","Sent","7/3/2018 1:29:46 PM EDT","","","","","dakotars@hotmail.com"
"Please DocuSign this agent of record form.- GC JK","Completed","Wayman Pierce","Completed","7/3/2018 1:23:10 PM EDT","7/3/2018 2:04:33 PM EDT","7/3/2018 1:59:54 PM EDT","7/3/2018 2:04:33 PM EDT","7/3/2018 2:04:33 PM EDT","wpl1250@aol.com"
"Please DocuSign your Velocity insurance documents.-(954)422-3552| 00397882 |  LP","Completed","Aziz Jafferjee","Completed","7/3/2018 1:17:44 PM EDT","7/4/2018 10:23:01 AM EDT","7/4/2018 10:12:48 AM EDT","7/4/2018 10:29:14 AM EDT","7/4/2018 10:23:01 AM EDT","Azizjafferjee@gmail.com"
"Please DocuSign your Velocity insurance documents.-(954)422-3552| 00397882 |  LP","Completed","Amena Jafferjee","Completed","7/3/2018 1:17:44 PM EDT","7/4/2018 10:29:14 AM EDT","7/4/2018 10:26:38 AM EDT","7/4/2018 10:29:14 AM EDT","7/4/2018 10:29:14 AM EDT","Azizjafferjee@gmail.com"
"Please DocuSign your Progressive insurance documents.-(561)312-1156| 00758496 | LU","Completed","Kyle Smith","Completed","7/3/2018 1:10:11 PM EDT","7/4/2018 8:53:18 AM EDT","7/4/2018 8:52:32 AM EDT","7/4/2018 8:53:18 AM EDT","7/4/2018 8:53:18 AM EDT","2050syrup@gmail.com"
"Please DocuSign your Progressive insurance documents.-(561)537-0361| 00758434 | LU","Sent","KENNETH SANDT","Sent","7/3/2018 1:07:02 PM EDT","","","","","allsrvcrepair@yahoo.com"
"Please DocuSign your UPCIC insurance documents.-(954)245-6405| 00718425 | AG","Completed","ALIZA DAGA","Completed","7/3/2018 1:00:32 PM EDT","7/6/2018 4:22:34 PM EDT","7/6/2018 4:19:26 PM EDT","7/6/2018 4:22:34 PM EDT","7/6/2018 4:22:34 PM EDT","LIFLOWERS05@GMAIL.COM"
"Please DocuSign your American Integrity insurance documents.-(561)503-3566 | 00758423 | AG","Completed","Canh Tran","Completed","7/3/2018 12:54:27 PM EDT","7/5/2018 3:10:36 PM EDT","7/5/2018 3:10:07 PM EDT","7/5/2018 3:11:39 PM EDT","7/5/2018 3:10:36 PM EDT","van.nguyen@cardinalfinancial.com"
"Please DocuSign your American Integrity insurance documents.-(561)503-3566 | 00758423 | AG","Completed","Nghia Tran","Completed","7/3/2018 12:54:27 PM EDT","7/5/2018 3:11:39 PM EDT","7/5/2018 3:10:56 PM EDT","7/5/2018 3:11:39 PM EDT","7/5/2018 3:11:39 PM EDT","van.nguyen@cardinalfinancial.com"
"Please DocuSign your UPC insurance documents.-(317)750-9523 | 00758402 | LP","Completed","RAMONA THOMAS","Completed","7/3/2018 12:45:08 PM EDT","7/4/2018 9:31:18 AM EDT","7/4/2018 9:30:34 AM EDT","7/4/2018 9:33:16 AM EDT","7/4/2018 9:31:18 AM EDT","hpthomas41@hotmail.com"
"Please DocuSign your UPC insurance documents.-(317)750-9523 | 00758402 | LP","Completed","HENRY THOMAS","Completed","7/3/2018 12:45:08 PM EDT","7/4/2018 9:33:16 AM EDT","7/4/2018 9:31:57 AM EDT","7/4/2018 9:33:16 AM EDT","7/4/2018 9:33:16 AM EDT","hpthomas41@hotmail.com"
"Please DocuSign your Peoples Trust insurance documents.-(772)634-3858| 00602419 | LR","Completed","DAVID JONES","Completed","7/3/2018 12:19:39 PM EDT","7/5/2018 3:58:56 PM EDT","7/3/2018 5:28:21 PM EDT","7/5/2018 3:58:56 PM EDT","7/5/2018 3:58:56 PM EDT","littleman4551@gmail.com"
"Please DocuSign your Capitol Preferred insurance documents.-(561)693-8773 | 00758323 |  LU","Completed","Tara J.K. Gonzalez","Completed","7/3/2018 12:07:03 PM EDT","7/5/2018 2:03:56 AM EDT","7/5/2018 1:55:51 AM EDT","7/5/2018 2:03:56 AM EDT","7/5/2018 2:03:56 AM EDT","tarajkgonzalez@gmail.com"
"Please DocuSign: NVH-0005198 Inspection Letter.-(305)915-0962| 00746839 | LR","Completed","Gilfillian, Orville","Completed","7/3/2018 11:49:40 AM EDT","7/5/2018 5:30:03 PM EDT","7/5/2018 5:27:04 PM EDT","7/5/2018 5:30:03 PM EDT","7/5/2018 5:30:03 PM EDT","orvillegilfillian@aol.com"
"Please DocuSign your Progressive insurance documents.-(305)302-1143| 00403124 | LU","Completed","Brendan A Okeefe              Brendan A Okeefe","Completed","7/3/2018 11:47:20 AM EDT","7/6/2018 12:26:42 PM EDT","7/4/2018 10:57:53 AM EDT","7/6/2018 12:26:42 PM EDT","7/6/2018 12:26:42 PM EDT","BrendanAOkeefe@comcast.net"
"Please DocuSign your Bass insurance documents.-(954)854-2987| 00757813 | LU","Sent","Edir Silva","Sent","7/3/2018 11:43:35 AM EDT","","","","","marinasilvausa@yahoo.com"
"Please DocuSign your Wind Mitigation inspection.-(954)608-1418| 00758276 | LP","Sent","Jerry Haigler","Sent","7/3/2018 11:31:34 AM EDT","","","","","glassdaddypro@gmail.com"
"Please DocuSign your Peoples Trust insurance documents.-(786)346-7926| 00758259 | LU","Completed","Ryan Myers","Completed","7/3/2018 11:26:01 AM EDT","7/5/2018 11:01:39 AM EDT","7/5/2018 10:59:32 AM EDT","7/5/2018 11:01:39 AM EDT","7/5/2018 11:01:39 AM EDT","rmyers1994@aol.com"
"CORRECTED: Please DocuSign Replacement cost estimator form.-(407)496-1325| 00757958 |LU","Completed","Brent Cunningham","Completed","7/3/2018 11:15:52 AM EDT","7/8/2018 7:27:22 PM EDT","7/3/2018 11:17:29 AM EDT","7/8/2018 7:27:22 PM EDT","7/8/2018 7:27:22 PM EDT","btc11235@netzero.net"
"Please DocuSign Statement of No Loss form.-(561)800-5529| 00742725 | UM","Sent","Brenny's Sweet Treats, LLC","Sent","7/3/2018 11:12:22 AM EDT","","","","","wahidmahmood@ymail.com"
"Please DocuSign your Seacoast insurance documents.-(786)419-0341 | 00753995 |  LU","Completed","Fritz Louis","Completed","7/3/2018 10:22:30 AM EDT","7/4/2018 2:10:00 AM EDT","7/4/2018 2:06:16 AM EDT","7/4/2018 2:10:00 AM EDT","7/4/2018 2:10:00 AM EDT","godchildamazing@yahoo.com"
"Please DocuSign your Velocity insurance documents.-(407)443-3704 | 00357876 | LP","Completed","Sonal Brito","Completed","7/3/2018 9:36:13 AM EDT","7/3/2018 9:56:39 AM EDT","7/3/2018 9:47:42 AM EDT","7/3/2018 9:58:02 AM EDT","7/3/2018 9:56:39 AM EDT","sonalbrito@gmail.com"
"Please DocuSign your Velocity insurance documents.-(407)443-3704 | 00357876 | LP","Completed","SUNEETA BRITO","Completed","7/3/2018 9:36:14 AM EDT","7/3/2018 9:58:02 AM EDT","7/3/2018 9:57:48 AM EDT","7/3/2018 9:58:02 AM EDT","7/3/2018 9:58:02 AM EDT","sonalbrito@gmail.com"
"Please DocuSign your UPCIC insurance documents.-(561)360-7492| 00693764 | AG","Sent","Chrejeneve T Laurent","Sent","7/3/2018 8:37:48 AM EDT","","","","","ctlaurentt@gmail.com"
"Please DocuSign your UPCIC insurance documents.-(503)970-6291| 00554783 | AG","Sent","Jeffrey  Martin","Delivered","7/2/2018 4:39:57 PM EDT","","7/7/2018 10:24:35 AM EDT","","","jmartinone@icloud.com"
"Please DocuSign your UPCIC insurance documents.-(503)970-6291| 00554783 | AG","Sent","Deborah  Martin","Sent","7/2/2018 4:39:57 PM EDT","","","","","jmartinone@icloud.com"
"Please DocuSign this agent of record form.-(845)226-6107| 00757928 | KC","Completed","Ann Pooler","Completed","7/2/2018 4:28:06 PM EDT","7/2/2018 4:34:15 PM EDT","7/2/2018 4:33:48 PM EDT","7/2/2018 4:34:15 PM EDT","7/2/2018 4:34:15 PM EDT","apooler@aol.com"
"Please DocuSign your Seacoast insurance documents.-(863)585-4211| 00754405 | LR","Delivered","GAVIRIA, MARINA","Delivered","7/2/2018 3:10:00 PM EDT","","7/2/2018 3:21:04 PM EDT","","","gavimar4@aol.com"
"Please DocuSign your Aspen insurance documents.-(617)244-5554| 00759105 |  LR SR","Completed","Frances  Leib","Completed","7/2/2018 3:09:16 PM EDT","7/7/2018 12:08:52 PM EDT","7/2/2018 4:28:56 PM EDT","7/7/2018 12:08:52 PM EDT","7/7/2018 12:08:52 PM EDT","pgprop@Aol.com"
"Please DocuSign your Allriks insurance documents.-(305)824-1242| 00758249 | LR BB","Completed","Pablo Soto","Completed","7/2/2018 2:52:54 PM EDT","7/3/2018 10:37:28 AM EDT","7/3/2018 10:32:43 AM EDT","7/3/2018 10:37:28 AM EDT","7/3/2018 10:37:28 AM EDT","pudgyws@hotmail.com"
"Please DocuSign your ALLRISKS insurance documents.-(561)574-6954 | 00629579 | LR BB","Completed","Tropical Garden Villas Inc.","Completed","7/2/2018 2:45:37 PM EDT","7/2/2018 3:02:17 PM EDT","7/2/2018 3:00:40 PM EDT","7/2/2018 3:02:17 PM EDT","7/2/2018 3:02:17 PM EDT","richardmc31@icloud.com"
"Please DocuSign your Allrisks insurance documents.-(305)444-5929| 00758154 | LR BB","Completed","Roger Breault","Completed","7/2/2018 2:35:39 PM EDT","7/5/2018 7:51:57 PM EDT","7/5/2018 7:48:12 PM EDT","7/5/2018 7:51:57 PM EDT","7/5/2018 7:51:57 PM EDT","cookiebreault@gmail.com"
"Please DocuSign your Progressive  insurance documents.-(727)326-5405| 00585117 | LU","Completed","William Termini","Completed","7/2/2018 2:21:54 PM EDT","7/2/2018 2:36:02 PM EDT","7/2/2018 2:33:30 PM EDT","7/2/2018 2:36:02 PM EDT","7/2/2018 2:36:02 PM EDT","TerminiRhonda@gmail.com"
"Please DocuSign your UPC insurance documents.-(863)816-5954 | 00758179 | LP","Completed","Kevin S Childers","Completed","7/2/2018 2:14:13 PM EDT","7/2/2018 3:31:16 PM EDT","7/2/2018 3:19:32 PM EDT","7/2/2018 3:33:10 PM EDT","7/2/2018 3:31:16 PM EDT","kchilders11@tampabay.rr.com"
"Please DocuSign your UPC insurance documents.-(863)816-5954 | 00758179 | LP","Completed","Jessica Childers","Completed","7/2/2018 2:14:13 PM EDT","7/2/2018 3:33:10 PM EDT","7/2/2018 3:32:31 PM EDT","7/2/2018 3:33:10 PM EDT","7/2/2018 3:33:10 PM EDT","kchilders11@tampabay.rr.com"
"Please DocuSign your American Integrity insurance documents.-(845)226-6107| 00757928 |LR","Completed","Ann Pooler","Completed","7/2/2018 1:04:59 PM EDT","7/2/2018 1:20:59 PM EDT","7/2/2018 1:19:37 PM EDT","7/2/2018 1:20:59 PM EDT","7/2/2018 1:20:59 PM EDT","apooler@aol.com"
"Please DocuSign your Bankers insurance documents.-(727)612-5644| 00757487 | LR","Completed","Dao, Tai","Completed","7/2/2018 12:59:00 PM EDT","7/4/2018 10:01:21 PM EDT","7/4/2018 9:59:38 PM EDT","7/4/2018 10:01:21 PM EDT","7/4/2018 10:01:21 PM EDT","lavandanails@yahoo.com"
"Please DocuSign this policy change request.- SR","Completed","Matthew D Mccullen","Completed","7/2/2018 12:52:09 PM EDT","7/2/2018 5:20:37 PM EDT","7/2/2018 5:20:18 PM EDT","7/2/2018 5:20:37 PM EDT","7/2/2018 5:20:37 PM EDT","MATTHEWMCMULLEN727@gmail.com"
"Please DocuSign your UPCIC insurance documents.-(954)608-1303| 00201966 | AG","Completed","DEBORAH  KNEBEL-SMOLKA","Completed","7/2/2018 12:21:41 PM EDT","7/3/2018 12:48:55 PM EDT","7/3/2018 12:29:43 PM EDT","7/3/2018 12:51:30 PM EDT","7/3/2018 12:48:55 PM EDT","deborah.smolka@irs.gov"
"Please DocuSign your UPCIC insurance documents.-(954)608-1303| 00201966 | AG","Completed","JAMES  KNEBEL","Completed","7/2/2018 12:21:42 PM EDT","7/3/2018 12:51:30 PM EDT","7/3/2018 12:50:12 PM EDT","7/3/2018 12:51:30 PM EDT","7/3/2018 12:51:30 PM EDT","deborah.smolka@irs.gov"
"Please DocuSign your UPCIC insurance documents.-(305)785-2458| 00758114 | AG","Completed","SHONDELLE  SOLOMON- MILES","Completed","7/2/2018 11:54:29 AM EDT","7/2/2018 12:26:30 PM EDT","7/2/2018 12:24:00 PM EDT","7/2/2018 12:29:55 PM EDT","7/2/2018 12:26:30 PM EDT","shondelle@crossfit954.com"
"Please DocuSign your UPCIC insurance documents.-(305)785-2458| 00758114 | AG","Completed","RONALD  MILES","Completed","7/2/2018 11:54:30 AM EDT","7/2/2018 12:29:55 PM EDT","7/2/2018 12:28:58 PM EDT","7/2/2018 12:29:55 PM EDT","7/2/2018 12:29:55 PM EDT","shondelle@crossfit954.com"
"Please DocuSign your Velocity insurance documents.-(305)409-1305| 00758105 | LP","Completed","Adi Gal","Completed","7/2/2018 11:45:58 AM EDT","7/6/2018 9:59:01 AM EDT","7/6/2018 9:58:01 AM EDT","7/6/2018 9:59:01 AM EDT","7/6/2018 9:59:01 AM EDT","adigalrealtor@gmail.com"
"NEW: Please DocuSign Statement of No Loss form.-(407)435-6925 | 00714306 | AG","Sent","James Bonnett","Sent","7/2/2018 11:37:16 AM EDT","","","","","Ka2zsajames8@yahoo.com"
"Please DocuSign your Velocity insurance documents.-(772)231-6057 | 00758100 | LP","Completed","Christopher Ruby","Completed","7/2/2018 10:58:35 AM EDT","7/2/2018 12:20:38 PM EDT","7/2/2018 12:18:51 PM EDT","7/2/2018 12:25:27 PM EDT","7/2/2018 12:20:38 PM EDT","tracy.ruby@att.net"
"Please DocuSign your Velocity insurance documents.-(772)231-6057 | 00758100 | LP","Completed","Tracy Ruby","Completed","7/2/2018 10:58:35 AM EDT","7/2/2018 12:25:27 PM EDT","7/2/2018 12:22:01 PM EDT","7/2/2018 12:25:27 PM EDT","7/2/2018 12:25:27 PM EDT","tracy.ruby@att.net"
"Please DocuSign your Progressive insurance documents.-(561)702-0931| 00757971 | LU","Completed","Traci Powell","Completed","7/2/2018 10:45:18 AM EDT","7/8/2018 9:33:15 AM EDT","7/8/2018 9:29:16 AM EDT","7/8/2018 9:33:15 AM EDT","7/8/2018 9:33:15 AM EDT","BeautypaysTP@gmail.com"
"Please DocuSign your Foremost insurance documents.-(786)873-5917| 00757965 | LU","Completed","GEOFFREY GRANT","Completed","7/2/2018 10:37:00 AM EDT","7/2/2018 1:02:43 PM EDT","7/2/2018 12:58:21 PM EDT","7/2/2018 1:02:43 PM EDT","7/2/2018 1:02:43 PM EDT","geoffreygrant1985@gmail.com"
"Please DocuSign your Velocity  insurance documents.-(703)424-1336| 00755831 | LP","Completed","Luz Chang","Completed","7/2/2018 10:33:15 AM EDT","7/2/2018 11:37:53 AM EDT","7/2/2018 11:24:35 AM EDT","7/2/2018 11:37:53 AM EDT","7/2/2018 11:37:53 AM EDT","lucerochang4@gmail.com"
"Please DocuSign your Florida insurance documents.-(917)816-3165| 00752148 | LP","Sent","Katherine Espositio","Sent","7/2/2018 10:11:00 AM EDT","","","","","cathiesto@gmail.com"
"Please DocuSign your Sagesure insurance documents.-(407)496-1325 | 00757958 | LU","Completed","Brent Cunningham","Completed","7/2/2018 10:02:52 AM EDT","7/2/2018 10:47:59 AM EDT","7/2/2018 10:46:29 AM EDT","7/2/2018 10:48:47 AM EDT","7/2/2018 10:47:59 AM EDT","btc11235@netzero.net"
"Please DocuSign your Sagesure insurance documents.-(407)496-1325 | 00757958 | LU","Completed","ZUZANA CUNNINGHAM","Completed","7/2/2018 10:02:52 AM EDT","7/2/2018 10:48:47 AM EDT","7/2/2018 10:48:18 AM EDT","7/2/2018 10:48:47 AM EDT","7/2/2018 10:48:47 AM EDT","btc11235@netzero.net"
"Please DocuSign Cancellation request form & RCE.-(954)839-9592| 00757945 | VO LR","Sent","Joseph Falzone","Sent","7/2/2018 9:36:38 AM EDT","","","","","Bluparrot9@aol.com"
"Please DocuSign your Velocity insurance documents.-(301)332-9661| 00693138 | LP","Delivered","Eric W Franklin","Delivered","7/2/2018 9:19:25 AM EDT","","7/2/2018 12:06:33 PM EDT","","","efranklinmd@gmail.com"
"Please DocuSign your new Wright flood insurance application.-(401)480-6152| 00679510 | AG","Completed","William DeMagistris","Completed","7/2/2018 9:04:18 AM EDT","7/3/2018 6:33:27 PM EDT","7/3/2018 6:31:51 PM EDT","7/3/2018 6:33:27 PM EDT","7/3/2018 6:33:27 PM EDT","bilden@cox.net"
"Please DocuSign Statement of No Loss form.-(954)914-5968 | 00672796 |  KC AMY","Completed","Cedric Straker","Completed","7/2/2018 8:52:08 AM EDT","7/5/2018 2:52:36 PM EDT","7/5/2018 2:51:35 PM EDT","7/5/2018 2:52:36 PM EDT","7/5/2018 2:52:36 PM EDT","cedricstraker@yahoo.com"