"Subject","Status","Recipient Name","Action","Sent On","Completed On","View Date","Status Changed Date","Sign Date","Recipient Email"
"Please DocuSign your Aspen insurance documents.-(954)743-1944| 00753861 | LU BB","Completed","Bruce Bassman","Completed","","6/13/2018 6:16:57 PM EDT","6/13/2018 6:15:19 PM EDT","6/13/2018 6:16:57 PM EDT","6/13/2018 6:16:57 PM EDT","celebrations_int@hotmail.com"
"Please DocuSign your Allrisks insurance documents.-(954)254-3875 | 00724918 | LR BB","Sent","PATRICIA HEURTAUX-GHALAYINI","Sent","","","","","","pghalayini@gmail.com"
"Please DocuSign your Aspen insurance documents.-(214)912-9801| 00754014 |  LU SR","Sent","Timothy Daher","Sent","","","","","","TimDahersr@yahoo.com"
"Please DocuSign your Seacoast insurance documents.-(786)419-0341 | 00753995 |  LU","Sent","Fritz Louis","Sent","","","","","","fritzsuperstar64@yahoo.com"
"Please DocuSign your Velocity Risk insurance documents.-(813)389-2925| 00753970 | LP VO","Sent","Olga Menendez","Sent","","","","","","rolando_12733@msn.com"
"Please DocuSign your Velocity Risk insurance documents.-(813)389-2925| 00753970 | LP VO","Sent","Alejandro Ravelo","Sent","","","","","","rolando_12733@msn.com"
"Please DocuSign your Progressive insurance documents.-(561)731-4243| 00750190 | LU","Completed","Iris Yablon","Completed","6/13/2018 5:01:53 PM EDT","6/13/2018 7:44:06 PM EDT","6/13/2018 7:40:52 PM EDT","6/13/2018 7:44:06 PM EDT","6/13/2018 7:44:06 PM EDT","ladynina20b@hotmail.com"
"Please DocuSign your Progressive insurance documents.-(561)909-9884| 00692537 | LU","Sent","Aaron Nagler","Sent","6/13/2018 4:56:13 PM EDT","","","","","risingsunpoolswpb@gmail.com"
"Please DocuSign your UPCIC insurance documents.-(971)322-6212| 00753936 | LP","Sent","ANDREW SHAFER","Sent","6/13/2018 4:52:46 PM EDT","","","","","andrew.shafer1@gmail.com"
"Please DocuSign Statement of No Loss form.-(321)289-3708| 00597104 | KC","Sent","Bailey Michael L","Sent","6/13/2018 4:41:52 PM EDT","","","","","Deborah_bailey1@hotmail.com"
"Please DocuSign your Safeco insurance documents.-(561)503-5996| 00407207 | LU VO","Sent","Yanierka Medina","Sent","6/13/2018 4:21:43 PM EDT","","","","","yanierka@att.net"
"Please DocuSign your Allrisks  insurance documents.-(305)508-0701| 00753892 | LU JK AJ","Completed","Lillian Clay","Completed","6/13/2018 2:23:58 PM EDT","6/13/2018 5:01:01 PM EDT","6/13/2018 4:53:13 PM EDT","6/13/2018 5:01:01 PM EDT","6/13/2018 5:01:01 PM EDT","serenityclay134@gmail.com"
"Please DocuSign your UPCIC insurance documents.(973)464-8601 | 00753846 | DB","Completed","Paul  D Holman","Completed","6/13/2018 1:15:11 PM EDT","6/13/2018 1:45:47 PM EDT","6/13/2018 1:40:38 PM EDT","6/13/2018 1:51:56 PM EDT","6/13/2018 1:45:47 PM EDT","pauldholman@yahoo.co.uk"
"Please DocuSign your UPCIC insurance documents.(973)464-8601 | 00753846 | DB","Completed","Solvieg I Belisario","Completed","6/13/2018 1:15:10 PM EDT","6/13/2018 1:51:56 PM EDT","6/13/2018 1:46:34 PM EDT","6/13/2018 1:51:56 PM EDT","6/13/2018 1:51:56 PM EDT","pauldholman@yahoo.co.uk"
"Please DocuSign your ASI insurance documents.-(321)604-5057| 00637598 | AG","Completed","Sharon Coffman","Completed","6/13/2018 12:47:55 PM EDT","6/13/2018 1:56:04 PM EDT","6/13/2018 1:54:33 PM EDT","6/13/2018 1:56:04 PM EDT","6/13/2018 1:56:04 PM EDT","williamwcoffman@gmail.com"
"Please DocuSign your VERTUS CAT4 insurance documents.-(631)682-4539| 00751047 | LU","Delivered","Russel Boeger","Delivered","6/13/2018 12:38:47 PM EDT","","6/13/2018 12:44:53 PM EDT","","","RESPGIRL26@GMAIL.COM"
"please Docusign your compliance form.-(786)468-3246| 00753546 | LU","Completed","Paulette Sand","Completed","6/13/2018 11:54:14 AM EDT","6/13/2018 5:48:42 PM EDT","6/13/2018 5:47:59 PM EDT","6/13/2018 5:48:42 PM EDT","6/13/2018 5:48:42 PM EDT","mako_gps@hotmail.com"
"MISSING INITIALS: Please DocuSign your Federated insurance documents.-(561)596-2307| 00749181 | LR","Completed","Lara Brown","Completed","6/13/2018 11:38:12 AM EDT","6/13/2018 8:28:13 PM EDT","6/13/2018 8:28:01 PM EDT","6/13/2018 8:28:13 PM EDT","6/13/2018 8:28:13 PM EDT","lbrown2082@comcast.net"
"Please DocuSign this policy change request.-(772)446-5403| 00724172 | LR","Completed","Burney, Leroy","Completed","6/13/2018 11:30:50 AM EDT","6/13/2018 12:03:36 PM EDT","6/13/2018 12:02:30 PM EDT","6/13/2018 12:03:36 PM EDT","6/13/2018 12:03:36 PM EDT","King.burney.777@gmail.com"
"Please DocuSign your UPCIC insurance documents.-(561)869-5082| 00753789 |  AG","Completed","Debra  S Levenson","Completed","6/13/2018 11:27:12 AM EDT","6/13/2018 11:32:35 AM EDT","6/13/2018 11:31:48 AM EDT","6/13/2018 11:34:06 AM EDT","6/13/2018 11:32:35 AM EDT","Levensonsmile@msn.com"
"Please DocuSign your UPCIC insurance documents.-(561)869-5082| 00753789 |  AG","Completed","Stanley M Levenson","Completed","6/13/2018 11:27:11 AM EDT","6/13/2018 11:34:06 AM EDT","6/13/2018 11:32:53 AM EDT","6/13/2018 11:34:06 AM EDT","6/13/2018 11:34:06 AM EDT","Levensonsmile@msn.com"
"Please DocuSign Cancellation request form.-(954)829-5618| 00753773 | VO","Completed","Erin Rasbach","Completed","6/13/2018 11:10:31 AM EDT","6/13/2018 12:37:47 PM EDT","6/13/2018 11:48:17 AM EDT","6/13/2018 12:38:29 PM EDT","6/13/2018 12:37:47 PM EDT","Jruf23@gmail.com"
"Please DocuSign Cancellation request form.-(954)829-5618| 00753773 | VO","Completed","Joshua RUF","Completed","6/13/2018 11:10:31 AM EDT","6/13/2018 12:38:29 PM EDT","6/13/2018 12:38:14 PM EDT","6/13/2018 12:38:29 PM EDT","6/13/2018 12:38:29 PM EDT","Jruf23@gmail.com"
"Please DocuSign your Velocity  insurance documents.-(954)829-5618| 00753773 | LP","Completed","Joshua Ruf","Completed","6/13/2018 11:04:08 AM EDT","6/13/2018 12:47:01 PM EDT","6/13/2018 12:40:27 PM EDT","6/13/2018 12:49:50 PM EDT","6/13/2018 12:47:01 PM EDT","Jruf23@gmail.com"
"Please DocuSign your Velocity  insurance documents.-(954)829-5618| 00753773 | LP","Completed","Erin Ruf","Completed","6/13/2018 11:04:08 AM EDT","6/13/2018 12:49:50 PM EDT","6/13/2018 12:47:46 PM EDT","6/13/2018 12:49:50 PM EDT","6/13/2018 12:49:50 PM EDT","Jruf23@gmail.com"
"Please DocuSign your UPCIC insurance documents.-(501)602-1775| 00752415 |  AG VO","Completed","LAURIN A KETO","Completed","6/13/2018 10:33:21 AM EDT","6/13/2018 5:12:29 PM EDT","6/13/2018 5:11:44 PM EDT","6/13/2018 5:12:29 PM EDT","6/13/2018 5:12:29 PM EDT","ALEXKETO@HOTMAIL.COM"
"Please DocuSign your UPCIC insurance documents.-(754)246-3972| 00752986 | AG","Voided","Ann-Marie  Hall","AutoResponded","6/13/2018 9:49:03 AM EDT","","","6/13/2018 9:51:21 AM EDT","","annenterprises@yahoo.com"
"Please DocuSign your Olympus insurance documents.-(561)351-4102| 00752768 | LR","Completed","Chad SEPERSAUDE","Completed","6/13/2018 9:42:00 AM EDT","6/13/2018 12:55:01 PM EDT","6/13/2018 10:58:19 AM EDT","6/13/2018 12:55:01 PM EDT","6/13/2018 12:55:01 PM EDT","sepersa@yahoo.com"
"Please DocuSign your new ASI flood insurance application.-(561)523-8506 | 00456401 | AG","Completed","Christina Nevins","Completed","6/13/2018 9:35:39 AM EDT","6/13/2018 9:55:16 AM EDT","6/13/2018 9:55:00 AM EDT","6/13/2018 9:55:16 AM EDT","6/13/2018 9:55:16 AM EDT","cwnevins@gmail.com"
"Please DocuSign Skipjack Premium Finance form.-(305)244-2398| 00749024 | AJ","Sent","Shevaun Gandy","Sent","6/13/2018 9:30:37 AM EDT","","","","","shevaungandy@gmail.com"
"Please DocuSign your Olympus insurance documents.-(203)981-0970| 00753649 | LU","Completed","Dail Metzger","Completed","6/13/2018 9:27:56 AM EDT","6/13/2018 12:44:05 PM EDT","6/13/2018 11:03:26 AM EDT","6/13/2018 12:44:05 PM EDT","6/13/2018 12:44:05 PM EDT","dailmetzger@sbcglobal.net"
"Please DocuSign your Prepared insurance documents.-(617)308-5348| 00753611 | LP VO","Sent","ROBERTO J DA SILVA SANTOS","Sent","6/13/2018 9:16:50 AM EDT","","","","","roberto@towerhomeloans.com"
"Please DocuSign your Prepared insurance documents.-(617)308-5348| 00753611 | LP VO","Sent","Marcia Cardoso","Sent","6/13/2018 9:16:50 AM EDT","","","","","roberto@towerhomeloans.com"
"Please DocuSign your Certificate of condition & Flood Waiter.-(561)478-1077| 00723769 | LR","Sent","Thomas Trish","Sent","6/13/2018 8:50:49 AM EDT","","","","","tomtrish@bellsouth.net"
"Please DocuSign your Certificate of condition & Flood Waiter.-(561)478-1077| 00723769 | LR","Sent","Vicki Trish","Sent","6/13/2018 8:50:49 AM EDT","","","","","tomtrish@bellsouth.net"
"Please DocuSign your UPCIC insurance documents.-(561)714-9946| 00753595 | AG","Completed","Karen  Bailey","Completed","6/12/2018 4:58:12 PM EDT","6/13/2018 9:09:08 AM EDT","6/13/2018 9:07:33 AM EDT","6/13/2018 9:09:08 AM EDT","6/13/2018 9:09:08 AM EDT","Christina@customdoorshop.com"
"Please DocuSign your new ASI flood insurance application.-(201)264-2515| 00750507 | AG","Completed","STACY SIMIN","Completed","6/12/2018 4:53:26 PM EDT","6/12/2018 11:15:43 PM EDT","6/12/2018 11:14:19 PM EDT","6/12/2018 11:15:43 PM EDT","6/12/2018 11:15:43 PM EDT","stacy@dsland.net"
"Please DocuSign your Allrisks insurance documents.-(786)468-3246| 00753546 | LU DR","Completed","Paulette Sand","Completed","6/12/2018 4:49:59 PM EDT","6/12/2018 5:30:49 PM EDT","6/12/2018 5:22:25 PM EDT","6/12/2018 5:30:49 PM EDT","6/12/2018 5:30:49 PM EDT","mako_gps@hotmail.com"
"Please DocuSign your BASS insurance documents.-(561)466-7035| 00741705 | LU","Completed","Samaris Abreu","Completed","6/12/2018 4:43:45 PM EDT","6/12/2018 7:49:10 PM EDT","6/12/2018 7:22:32 PM EDT","6/12/2018 7:49:10 PM EDT","6/12/2018 7:49:10 PM EDT","britosm02@yahoo.com"
"Please DocuSign your Wind Mitigation inspection.-(305)282-2984| 00734722 | LR","Delivered","Ferriere, Sandra","Delivered","6/12/2018 1:59:28 PM EDT","","6/12/2018 2:01:04 PM EDT","","","Maxxtat@gmail.com"
"Please DocuSign your Bass insurance documents.-(954)562-1216| 00753517 | LU BB","Completed","Nigel Wan","Completed","6/12/2018 12:29:15 PM EDT","6/13/2018 1:11:33 AM EDT","6/13/2018 12:58:03 AM EDT","6/13/2018 1:11:33 AM EDT","6/13/2018 1:11:33 AM EDT","nwan74@yahoo.com"
"Please DocuSign your UPCIC insurance documents.-(518)703-5326| 00753508 | AG","Completed","Grace L Kaye","Completed","6/12/2018 12:21:44 PM EDT","6/12/2018 3:21:58 PM EDT","6/12/2018 3:18:25 PM EDT","6/12/2018 3:36:10 PM EDT","6/12/2018 3:21:58 PM EDT","Jak99n@gmail.com"
"Please DocuSign your UPCIC insurance documents.-(518)703-5326| 00753508 | AG","Completed","Joel A Kaye","Completed","6/12/2018 12:21:44 PM EDT","6/12/2018 3:36:10 PM EDT","6/12/2018 3:34:49 PM EDT","6/12/2018 3:36:10 PM EDT","6/12/2018 3:36:10 PM EDT","Jak99n@gmail.com"
"Please DocuSign this policy change request.-(813)523-2973| 00739155 | LR","Completed","David Liebman","Completed","6/12/2018 12:10:44 PM EDT","6/12/2018 12:12:00 PM EDT","6/12/2018 12:11:47 PM EDT","6/12/2018 12:12:00 PM EDT","6/12/2018 12:12:00 PM EDT","liebmand@gmail.com"
"Please DocuSign your UPCIC insurance documents.-(813)649-8558| 00753454 | AG","Delivered","Maira Garcia","Delivered","6/12/2018 11:30:30 AM EDT","","6/12/2018 12:03:41 PM EDT","","","mairag@msn.com"
"Please DocuSign your Velocity insurance documents.-(315)778-8805| 00732286 |  DB","Delivered","Roxanne Widrick","Delivered","6/12/2018 11:19:37 AM EDT","","6/12/2018 6:23:10 PM EDT","","","lynnewidrick@gmail.com"
"Please DocuSign your Velocity insurance documents.-(315)778-8805| 00732286 |  DB","Delivered","Jerry Widrick","Completed","6/12/2018 11:19:36 AM EDT","6/12/2018 6:34:22 PM EDT","6/12/2018 6:32:50 PM EDT","","6/12/2018 6:34:22 PM EDT","lynnewidrick@gmail.com"
"Please DocuSign your Citizens insurance documents(954)806-4125| 00088960 | LP","Delivered","STEVE CARROLL","Delivered","6/12/2018 11:05:58 AM EDT","","6/12/2018 9:28:14 PM EDT","","","Stevec166@aol.com"
"Please DocuSign your UPC insurance documents.-(954)825-6339| 00753426 | LP","Sent","ABLE PORRAS MABEL CASANOVA","Sent","6/12/2018 10:42:11 AM EDT","","","","","abel06@hotmail.com"
"Please DocuSign your UPC insurance documents.-(850)480-1933| 00753416 |  LP","Sent","CATHE ANTUNEZ","Sent","6/12/2018 10:24:31 AM EDT","","","","","catheantunez1@gmail.com"
"Please DocuSign your Velocity insurance documents.-(561)855-6648| 00730454 | LP","Completed","Jose Mathieu","Completed","6/12/2018 10:12:31 AM EDT","6/12/2018 10:39:07 AM EDT","6/12/2018 10:35:30 AM EDT","6/12/2018 10:40:05 AM EDT","6/12/2018 10:39:07 AM EDT","jose_mathieu@videotron.ca"
"Please DocuSign your Velocity insurance documents.-(561)855-6648| 00730454 | LP","Completed","Linda Marcouillier","Completed","6/12/2018 10:12:31 AM EDT","6/12/2018 10:40:05 AM EDT","6/12/2018 10:39:37 AM EDT","6/12/2018 10:40:05 AM EDT","6/12/2018 10:40:05 AM EDT","jose_mathieu@videotron.ca"
"Please DocuSign your UPCIC insurance documents.-(863)221-8352| 00753252 |  AG","Completed","Julia E Thompson","Completed","6/12/2018 10:01:42 AM EDT","6/12/2018 3:09:52 PM EDT","6/12/2018 2:56:10 PM EDT","6/12/2018 3:09:52 PM EDT","6/12/2018 3:09:52 PM EDT","juliathompson123@gmail.com"
"Please DocuSign your Citizens insurance application.-(561)568-5116| 00352689 | LP","Completed","SHERRY A. HENRY","Completed","6/12/2018 9:55:39 AM EDT","6/12/2018 1:07:17 PM EDT","6/12/2018 10:56:24 AM EDT","6/12/2018 1:07:17 PM EDT","6/12/2018 1:07:17 PM EDT","SHERRYANNHENRY@HOTMAIL.COM"
"Please DocuSign your new TH flood insurance application.-(312)215-1231| 00729230 | AG","Completed","Lance Olson","Completed","6/12/2018 9:20:29 AM EDT","6/12/2018 10:01:37 AM EDT","6/12/2018 10:00:16 AM EDT","6/12/2018 10:01:37 AM EDT","6/12/2018 10:01:37 AM EDT","lanceolson1@yahoo.com"
"Please DocuSign your Allrisksinsurance documents.-(954)471-4471| 00438430 | LR KG","Completed","ARLENE HERNANDEZ","Completed","6/12/2018 9:13:40 AM EDT","6/12/2018 10:27:05 PM EDT","6/12/2018 10:15:12 PM EDT","6/12/2018 10:27:05 PM EDT","6/12/2018 10:27:05 PM EDT","arleneathome@hotmail.com"
"Please DocuSign your UPCIC insurance documents.-(804)921-2451| 00753317 | AG","Completed","Julia  Huddleston","Completed","6/12/2018 9:05:47 AM EDT","6/12/2018 10:18:10 AM EDT","6/12/2018 9:46:29 AM EDT","6/12/2018 10:22:18 AM EDT","6/12/2018 10:18:10 AM EDT","huddlejb@hotmail.com"
"Please DocuSign your UPCIC insurance documents.-(804)921-2451| 00753317 | AG","Completed","Adrienne  Tucker","Completed","6/12/2018 9:05:48 AM EDT","6/12/2018 10:22:18 AM EDT","6/12/2018 10:19:27 AM EDT","6/12/2018 10:22:18 AM EDT","6/12/2018 10:22:18 AM EDT","huddlejb@hotmail.com"
"Please DocuSign your UPCIC insurance documents.-(561)906-6840| 00753193 | AG VO","Completed","Danette  Tagliagambe","Completed","6/11/2018 1:51:07 PM EDT","6/11/2018 2:24:17 PM EDT","6/11/2018 2:16:19 PM EDT","6/11/2018 2:26:17 PM EDT","6/11/2018 2:24:17 PM EDT","dtaglia@bellsouth.net"
"Please DocuSign your UPCIC insurance documents.-(561)906-6840| 00753193 | AG VO","Completed","Emil  Tagliagambe","Completed","6/11/2018 1:51:07 PM EDT","6/11/2018 2:26:17 PM EDT","6/11/2018 2:25:01 PM EDT","6/11/2018 2:26:17 PM EDT","6/11/2018 2:26:17 PM EDT","dtaglia@bellsouth.net"
"Please DocuSign your Progressive  insurance documents.-(407)883-9015| 00601983 | LU VO","Completed","ARTHUR  LONGO","Completed","6/11/2018 1:19:55 PM EDT","6/11/2018 1:50:23 PM EDT","6/11/2018 1:48:42 PM EDT","6/11/2018 1:50:23 PM EDT","6/11/2018 1:50:23 PM EDT","Rolex1@tampabay.rr.com"
"corrected: Please DocuSign your UPCIC insurance documents.-(828)289-8110| 00753183 | AG","Sent","Kathryn Lindsley","Sent","6/11/2018 12:51:30 PM EDT","","","","","katlindsley@hotmail.com"
"corrected: Please DocuSign your UPCIC insurance documents.-(828)289-8110| 00753183 | AG","Sent","Fredrick Lindsley","Delivered","6/11/2018 12:51:31 PM EDT","","6/12/2018 1:06:53 PM EDT","","","katlindsley@hotmail.com"
"Please DocuSign this policy change request.-(305)926-0256| 00743115 | LR","Completed","Sastre, Ana Maria","Completed","6/11/2018 12:16:48 PM EDT","6/11/2018 2:34:08 PM EDT","6/11/2018 2:16:55 PM EDT","6/11/2018 2:34:08 PM EDT","6/11/2018 2:34:08 PM EDT","asastre@comcast.net"
"Please DocuSign your American integrity & Flood  insurance documents.-(954)295-3917| 00465150 | LU","Completed","diego adames","Completed","6/11/2018 11:42:17 AM EDT","6/11/2018 9:12:36 PM EDT","6/11/2018 9:02:36 PM EDT","6/11/2018 9:12:36 PM EDT","6/11/2018 9:12:36 PM EDT","adamesd@gmail.com"
"Please DocuSign your Southern Fidelity insurance documents.-(606)923-3415 | 00753122 | LU","Completed","JULIE R. VIDAUD","Completed","6/11/2018 11:27:45 AM EDT","6/11/2018 12:25:44 PM EDT","6/11/2018 11:57:53 AM EDT","6/11/2018 12:25:44 PM EDT","6/11/2018 12:25:44 PM EDT","rujewell@yahoo.com"
"Please DocuSign your Allrisks & Geovera insurance documents.-954-449-5055 pc#:GH80016557 LU","Completed","Tige Revocable Trust","Completed","6/11/2018 11:19:28 AM EDT","6/11/2018 12:01:59 PM EDT","6/11/2018 11:54:28 AM EDT","6/11/2018 12:01:59 PM EDT","6/11/2018 12:01:59 PM EDT","tony.mack@mac.com"
"Please DocuSign your UPCIC  insurance documents.-(301)461-2324| 00752709 | AG","Completed","Thomas  Yann","Completed","6/11/2018 10:21:10 AM EDT","6/11/2018 8:29:14 PM EDT","6/11/2018 8:25:46 PM EDT","6/11/2018 9:44:05 PM EDT","6/11/2018 8:29:14 PM EDT","syann@juno.com"
"Please DocuSign your UPCIC  insurance documents.-(301)461-2324| 00752709 | AG","Completed","Laurie J McNeil","Completed","6/11/2018 10:21:10 AM EDT","6/11/2018 9:44:05 PM EDT","6/11/2018 9:43:03 PM EDT","6/11/2018 9:44:05 PM EDT","6/11/2018 9:44:05 PM EDT","syann@juno.com"
"Please DocuSign your UPCIC insurance documents.-(561)267-2386| 00557961 | LU","Sent","Cynthia Kinkela","Sent","6/11/2018 9:42:42 AM EDT","","","","","kinkfish@bellsouth.net"
"Please DocuSign your Geovera & Allrisks insurance documents.-(954)797-0138| 00752916 | LU BB","Completed","John Puccerella","Completed","6/11/2018 9:32:27 AM EDT","6/11/2018 11:28:33 AM EDT","6/11/2018 11:27:04 AM EDT","6/11/2018 11:28:33 AM EDT","6/11/2018 11:28:33 AM EDT","jplifts@yahoo.com"
"Please DocuSign your Bass  insurance documents.-(321)578-2864| 00752875 | LU BB","Completed","Timothy McDermott","Completed","6/11/2018 9:21:15 AM EDT","6/11/2018 7:40:09 PM EDT","6/11/2018 7:37:29 PM EDT","6/11/2018 7:40:09 PM EDT","6/11/2018 7:40:09 PM EDT","tdmcdermott87@yahoo.com"
"Please DocuSign your Aspen insurance documents.-(917)368-4359| 00666735 | LR","Completed","Delibexaida Walsh","Completed","6/11/2018 9:14:44 AM EDT","6/13/2018 9:23:13 AM EDT","6/13/2018 9:22:36 AM EDT","6/13/2018 9:23:13 AM EDT","6/13/2018 9:23:13 AM EDT","deli_walsh@swissre.com"
"Please DocuSign this policy change request.-(650)690-5606| 00749608 | LR","Completed","Alexander Ivanov","Completed","6/11/2018 8:56:18 AM EDT","6/11/2018 9:49:48 AM EDT","6/11/2018 9:49:08 AM EDT","6/11/2018 9:49:48 AM EDT","6/11/2018 9:49:48 AM EDT","ivaNOV@BYU.NET"
"Please DocuSign Statement of No Loss form.-(305)495-1991| 00729843 | LR","Completed","Downer, Eulet","Completed","6/11/2018 8:49:05 AM EDT","6/13/2018 3:17:20 PM EDT","6/13/2018 3:13:09 PM EDT","6/13/2018 3:17:20 PM EDT","6/13/2018 3:17:20 PM EDT","euletdowner@yahoo.com"
"Please DocuSign Statement of No Loss form.-(786)281-9292 | 00666210 | AJ","Completed","Ban, Ruth A JTRS","Completed","6/8/2018 5:29:28 PM EDT","6/13/2018 12:24:47 PM EDT","6/13/2018 12:24:26 PM EDT","6/13/2018 12:24:47 PM EDT","6/13/2018 12:24:47 PM EDT","ruthban@gmail.com"
"Please DocuSign Statement of No Loss form.-(305)254-1941| 00665258 | KC","Completed","Miller, Basil","Completed","6/8/2018 5:17:00 PM EDT","6/12/2018 5:11:42 AM EDT","6/12/2018 5:11:05 AM EDT","6/12/2018 5:11:42 AM EDT","6/12/2018 5:11:42 AM EDT","valm1070@gmail.com"
"Please DocuSign your Edison insurance documents.-(518)528-3117| 00722343 | LU","Completed","Leigh Rene Martuscello","Completed","6/8/2018 5:00:56 PM EDT","6/10/2018 4:48:33 PM EDT","6/10/2018 4:47:34 PM EDT","6/10/2018 4:48:33 PM EDT","6/10/2018 4:48:33 PM EDT","leighmartuscello@aol.com"
"Please DocuSign your Velocity insurance documents.-(718)821-9864| 00752902 | LP","Delivered","Olger Vargas","Delivered","6/8/2018 4:51:41 PM EDT","","6/13/2018 10:14:47 PM EDT","","","Olgervargas@att.net"
"CORRECTED: Please DocuSign your Edison insurance documents.-(561)319-4529| 00315532 | LU","Completed","Diane Michaud","Completed","6/8/2018 4:39:45 PM EDT","6/12/2018 12:45:11 AM EDT","6/8/2018 4:46:01 PM EDT","6/12/2018 12:45:11 AM EDT","6/12/2018 12:45:11 AM EDT","guydavid99@gmail.com"
"Please DocuSign your Florida Specialty insurance documents.-(386)854-5025| 00539023 | LP","Completed","ANTHONY BERTOLOTTI","Completed","6/8/2018 4:34:59 PM EDT","6/9/2018 8:48:02 PM EDT","6/9/2018 8:28:30 PM EDT","6/9/2018 8:48:02 PM EDT","6/9/2018 8:48:02 PM EDT","tonybert4@gmail.com"
"Please DocuSign your Bass insurance documents.-(954)465-8185| 00752863 | LR Kory","Completed","Ana Jaramillo","Completed","6/8/2018 4:12:09 PM EDT","6/9/2018 9:05:19 AM EDT","6/9/2018 9:03:15 AM EDT","6/9/2018 9:05:19 AM EDT","6/9/2018 9:05:19 AM EDT","jara1174@gmail.com"
"Please DocuSign your Bass  insurance documents.-(786)260-1978| 00752854 | LU DR","Sent","Casey Thomas","Sent","6/8/2018 4:08:06 PM EDT","","","","","CASEYB10177@GMAIL.COM"
"Please DocuSign your UPCIC  insurance documents.-(561)701-1348| 00752837 | AG","Completed","Calvin Early","Completed","6/8/2018 4:02:06 PM EDT","6/8/2018 5:57:09 PM EDT","6/8/2018 5:52:44 PM EDT","6/8/2018 5:57:09 PM EDT","6/8/2018 5:57:09 PM EDT","earlycalvin@gmail.com"
"Please DocuSign your UPC insurance documents.-(561)718-4988| 00752821 | LP","Completed","STEPHEN ROGERS","Completed","6/8/2018 3:44:53 PM EDT","6/9/2018 8:41:20 AM EDT","6/9/2018 8:39:03 AM EDT","6/13/2018 9:19:26 AM EDT","6/9/2018 8:41:20 AM EDT","stephenmrogers@icloud.com"
"Please DocuSign your UPC insurance documents.-(561)718-4988| 00752821 | LP","Completed","CYNTHIA A ROGERS","Completed","6/8/2018 3:44:54 PM EDT","6/13/2018 9:19:26 AM EDT","6/13/2018 9:17:34 AM EDT","6/13/2018 9:19:26 AM EDT","6/13/2018 9:19:26 AM EDT","stephenmrogers@icloud.com"
"Please DocuSign this policy change request.-(678)925-1082| 00748739 | LU","Completed","Becky Fries","Completed","6/8/2018 3:13:44 PM EDT","6/8/2018 3:16:37 PM EDT","6/8/2018 3:16:24 PM EDT","6/8/2018 3:16:37 PM EDT","6/8/2018 3:16:37 PM EDT","mbjjs@ptd.net"
"Please DocuSign this policy change request.-(954)629-1132 | 00745863 | AJ","Completed","Decius Pierre-Louis","Completed","6/8/2018 3:08:21 PM EDT","6/9/2018 10:33:29 AM EDT","6/9/2018 10:32:51 AM EDT","6/9/2018 10:33:29 AM EDT","6/9/2018 10:33:29 AM EDT","deciuslouis@yahoo.com"
"Please DocuSign this policy change request.- (201)823-8372| 00585655 | KC","Completed","Pamela Costello","Completed","6/8/2018 2:59:38 PM EDT","6/10/2018 12:09:43 AM EDT","6/10/2018 12:09:11 AM EDT","6/10/2018 12:09:43 AM EDT","6/10/2018 12:09:43 AM EDT","pacbayonnenj@aol.com"
"Please DocuSign your Velocity insurance documents.-(203)667-6681| 00719042 | LP VO","Completed","Jill M. Tomasello","Completed","6/8/2018 2:55:29 PM EDT","6/8/2018 3:32:59 PM EDT","6/8/2018 3:30:14 PM EDT","6/8/2018 3:32:59 PM EDT","6/8/2018 3:32:59 PM EDT","jill.tomasello@yahoo.com"
"Please DocuSign your Allrisks insurance documents.-(786)213-6358| 00752828  LU DR","Completed","Holloaway, Vinadies","Completed","6/8/2018 1:33:31 PM EDT","6/11/2018 9:48:32 PM EDT","6/9/2018 12:45:06 PM EDT","6/11/2018 9:48:32 PM EDT","6/11/2018 9:48:32 PM EDT","vcage1@att.net"
"Please DocuSign this policy change request.-(407)237-0156 | 00723679 |LU","Completed","NILSA SALERNO","Completed","6/8/2018 12:15:22 PM EDT","6/8/2018 2:55:33 PM EDT","6/8/2018 2:54:56 PM EDT","6/8/2018 2:55:33 PM EDT","6/8/2018 2:55:33 PM EDT","tiggersalerno@yahoo.com"
"Please DocuSign your American Integrity insurance documents.-(631)220-7335 | 00197172 | LP VO","Completed","Nicola Giannantonio","Completed","6/8/2018 12:03:21 PM EDT","6/8/2018 3:43:03 PM EDT","6/8/2018 12:11:43 PM EDT","6/8/2018 3:43:03 PM EDT","6/8/2018 3:43:03 PM EDT","DEMARINA9@AOL.COM"
"Please DocuSign your Foremost insurance documents.-(941)284-6634| 00590641 | LU","Completed","Laurie Berry","Completed","6/8/2018 11:39:36 AM EDT","6/8/2018 3:10:04 PM EDT","6/8/2018 3:05:36 PM EDT","6/8/2018 3:10:04 PM EDT","6/8/2018 3:10:04 PM EDT","madbella96@gmail.com"
"Please DocuSign your Edison insurance documents.-(310)359-5526| 00752724 | LR","Completed","Slobodan Freneta","Completed","6/8/2018 11:31:36 AM EDT","6/11/2018 1:14:03 PM EDT","6/11/2018 12:41:11 PM EDT","6/11/2018 1:14:03 PM EDT","6/11/2018 1:14:03 PM EDT","franeta@gmail.com"
"Please DocuSign your Velocity  insurance documents.-(727)494-7796| 00752713 | LP","Completed","Wilfredo Pereira","Completed","6/8/2018 11:23:10 AM EDT","6/8/2018 3:50:48 PM EDT","6/8/2018 3:44:46 PM EDT","6/8/2018 3:50:48 PM EDT","6/8/2018 3:50:48 PM EDT","mytgreatkids917@gmail.com"
"CORRECTED: Please DocuSign your Velocity  insurance documents.-(954)882-4158| 00752606 | LP","Completed","Chandra Jangbahadoor","Completed","6/8/2018 11:08:18 AM EDT","6/10/2018 12:51:45 PM EDT","6/10/2018 12:50:08 PM EDT","6/10/2018 1:33:58 PM EDT","6/10/2018 12:51:45 PM EDT","tim_woodall@yahoo.com"
"CORRECTED: Please DocuSign your Velocity  insurance documents.-(954)882-4158| 00752606 | LP","Completed","Tim Woodall","Completed","6/8/2018 11:08:18 AM EDT","6/10/2018 1:33:58 PM EDT","6/8/2018 3:28:55 PM EDT","6/10/2018 1:33:58 PM EDT","6/10/2018 1:33:58 PM EDT","tim_woodall@yahoo.com"
"Please DocuSign your UPCIC insurance documents.-(647)300-5461 | 00724370 |AG VO","Sent","Lan Jia","Sent","6/8/2018 10:42:46 AM EDT","","","","","nancy.dreamhomes@gmail.com"
"Please DocuSign Cancellation request form.--(561)667-6413| 00729952 | VO","Voided","Arnoux Vilmont","Sent","6/8/2018 10:42:14 AM EDT","","","6/12/2018 12:30:24 PM EDT","","gbabou74@me.com"
"Please DocuSign Cancellation request form.-(239)247-0339| 00731195 | MO","Sent","Laura Berben","Sent","6/8/2018 10:41:35 AM EDT","","","","","ellebean@msn.com"
"Please DocuSign Cancellation request form.-(239)247-0339| 00731195 | MO","Sent","Ron Parise Berben","Sent","6/8/2018 10:41:35 AM EDT","","","","","ellebean@msn.com"
"Please DocuSign your CP insurance documents.-(954)237-8138 | 00726658 |LR","Sent","Rafael Paredes Chavez","Sent","6/8/2018 10:40:03 AM EDT","","","","","alivingston24@gmail.com"
"Please DocuSign your new ASI flood insurance application.-(561)358-1557| 00131266 |LU","Sent","Robinson Charles","Sent","6/8/2018 10:39:31 AM EDT","","","","","CHAZ3120@GMAIL.COM"
"Please DocuSign your Allrisks insurance documents.-(727)480-6221| 00750597 | LR BB","Completed","Picho, Bozena","Completed","6/8/2018 10:38:39 AM EDT","6/12/2018 2:42:28 PM EDT","6/12/2018 12:37:31 PM EDT","6/12/2018 2:42:28 PM EDT","6/12/2018 2:42:28 PM EDT","boe@tampabay.rr.com"
"Please DocuSign: NVH-0004538 Inspection Letter.-(786)525-1077| 00728972 | LR","Sent","Blyden, Akeels","Sent","6/8/2018 10:37:05 AM EDT","","","","","empress053102@gmail.com"
"Please DocuSign your UPCIC insurance documents.-(561)727-3220| 00748956 | AG","Delivered","Max  Morgan","Delivered","6/8/2018 10:36:33 AM EDT","","6/13/2018 11:12:00 AM EDT","","","maxd7000@gmail.com"
"Please DocuSign your Velocity insurance documents.-(954)937-6048| 00750654 | LU AG","Completed","Dorance Restrepo","Completed","6/8/2018 10:35:52 AM EDT","6/11/2018 9:39:55 AM EDT","6/11/2018 9:39:29 AM EDT","6/11/2018 9:39:55 AM EDT","6/11/2018 9:39:55 AM EDT","vorance@comcast.net"
"NEW: Please DocuSign your UMBRELLA insurance documents.-(561)732-8707| 00376909 | LU","Sent","Martha Glaser","Sent","6/8/2018 10:35:35 AM EDT","","","","","abmarg@gmail.com"
"missing sig:Please DocuSign Cancellation request form.- (518)945-2697| 00346735 |  AG MO","Sent","Patricia M Baldwin","Sent","6/8/2018 10:34:18 AM EDT","","","","","klbaldwin1@yahoo.com"
"Please DocuSign your Bass insurance documents.- (631)521-3863  | 00735489 | LU BB","Sent","Wayne Bunting","Sent","6/8/2018 10:32:26 AM EDT","","","","","Junkman46@optionline.net"
"Please DocuSign your Bass insurance documents.-(315)706-2149| 00745880 |  LR BB","Sent","Eliran Halliva","Sent","6/8/2018 10:30:12 AM EDT","","","","","viabellainc@gmail.com"
"Please DocuSign your Allrisks insurance documents.-(561)588-9750| 00750130 | LU JK","Voided","Clarence Elder","Delivered","6/8/2018 10:28:35 AM EDT","","6/8/2018 12:51:40 PM EDT","6/8/2018 2:00:52 PM EDT","","tribexo@gmail.com"
"Please DocuSign your BASS insurance documents.-(786)617-4850| 00750263 | DR LR","Sent","Nelson Cabral","Sent","6/8/2018 10:27:29 AM EDT","","","","","freshcabral@gmail.com"
"Please DocuSign your Velocity  insurance documents.-(801)979-4824| 00749003 | LR","Sent","Adam Bakhouche","Sent","6/8/2018 10:26:38 AM EDT","","","","","ada25bak@comcast.net"
"Please DocuSign your Velocity insurance documents.-(786)285-1108| 00749994 | LU","Sent","Marilyn Crucet","Sent","6/8/2018 10:23:17 AM EDT","","","","","sutra1111@aol.com"
"Please DocuSign your UPCIC insurance documents.-(615)517-4401| 00745037 | KC","Voided","Mary E Hall","Sent","6/8/2018 10:17:09 AM EDT","","","6/8/2018 3:59:03 PM EDT","","hallfamily5300@yahoo.com"
"Please DocuSign your UPCIC insurance documents.-(813)231-0997| 00745361 | KC","Sent","Patricia  Tyler","Sent","6/8/2018 10:14:06 AM EDT","","","","","Gismo4951@yahoo.com"
"Please DocuSign your UPCIC insurance documents.-(813)231-0997| 00745361 | KC","Sent","Jerry  Alexander","Sent","6/8/2018 10:14:06 AM EDT","","","","","Gismo4951@yahoo.com"
"Please DocuSign: HVH-0001735 Inspection Letter.-(754)422-9657 | 00715400 | KC LR","Sent","Hart, Elizabeth","Sent","6/8/2018 10:12:33 AM EDT","","","","","ehart208@gmail.com"
"Please DocuSign your Federated National insurance documents.-(561)596-2307| 00749181 | LR","Completed","Joseph Allen Brown II","Completed","6/8/2018 10:02:49 AM EDT","6/11/2018 9:00:07 PM EDT","6/11/2018 8:59:06 PM EDT","6/12/2018 8:16:28 PM EDT","6/11/2018 9:00:07 PM EDT","lbrown2082@comcast.net"
"Please DocuSign your Federated National insurance documents.-(561)596-2307| 00749181 | LR","Completed","Lara Brown","Completed","6/8/2018 10:02:50 AM EDT","6/12/2018 8:16:28 PM EDT","6/12/2018 8:15:03 PM EDT","6/12/2018 8:16:28 PM EDT","6/12/2018 8:16:28 PM EDT","lbrown2082@comcast.net"
"Please DocuSign: NVH-0004470 Inspection Letter.-(405)990-4170| 00275795 | LR","Completed","Dethman, Susan","Completed","6/8/2018 10:01:08 AM EDT","6/12/2018 10:37:21 AM EDT","6/12/2018 10:36:59 AM EDT","6/12/2018 10:37:21 AM EDT","6/12/2018 10:37:21 AM EDT","cdrmom1@aol.com"
"Please DocuSign Cancellation request form.-(504)296-6233| 00676974 | KG","Completed","Philippe Roumer","Completed","6/8/2018 9:39:51 AM EDT","6/8/2018 12:04:50 PM EDT","6/8/2018 12:04:32 PM EDT","6/8/2018 12:04:50 PM EDT","6/8/2018 12:04:50 PM EDT","phil@greatfl.org"
"Please DocuSign: NVH-0004175 Inspection Letter.-(786)314-3303| 00725824 |  LR","Sent","Jean Mary, Gloria","Sent","6/8/2018 9:09:38 AM EDT","","","","","gloria.jeanmary@yahoo.com"
"Please DocuSign your Aspen insurance documents.-(954)773-5449 | 00740061 | LR DR","Sent","Asha Kiciman","Sent","6/8/2018 9:04:29 AM EDT","","","","","ashakiciman@hotmail.com"
"Please DocuSign this agent of record form.-(954)720-6976| 00722595 | AJ","Voided","Jacqueline Cassio","Sent","6/8/2018 8:43:09 AM EDT","","","6/8/2018 8:56:56 AM EDT","","jacknskip@att.net"
"Please DocuSign this agent of record form.-(954)720-6976| 00722595 | AJ","Voided","Joseph Cassio","Sent","6/8/2018 8:43:09 AM EDT","","","6/8/2018 8:56:56 AM EDT","","jacknskip@att.net"
"Please DocuSign your compliance form.- JK","Completed","Thomas Scott Yann","Completed","6/7/2018 4:03:40 PM EDT","6/7/2018 6:00:56 PM EDT","6/7/2018 5:59:48 PM EDT","6/7/2018 6:00:56 PM EDT","6/7/2018 6:00:56 PM EDT","syann@juno.com"
"Please DocuSign Statement of No Loss form.-(305)467-3643| 00569862 | KC","Completed","Alcide Clifford","Completed","6/7/2018 3:19:16 PM EDT","6/7/2018 3:24:43 PM EDT","6/7/2018 3:22:59 PM EDT","6/7/2018 3:24:43 PM EDT","6/7/2018 3:24:43 PM EDT","calcide39@yahoo.com"
"Please DocuSign your home insurance documents.-(787)365-2140| 00742308 | LP VO","Completed","Marilia Trujillo","Completed","6/7/2018 2:36:28 PM EDT","6/8/2018 8:07:02 AM EDT","6/8/2018 8:02:12 AM EDT","6/8/2018 8:07:02 AM EDT","6/8/2018 8:07:02 AM EDT","Marilia.trujillo@gmail.com"
"Please DocuSign: CLH-0008477 Inspection Letter.-(919)328-0945| 00740221 | LR","Completed","Davis, Keyijah","Completed","6/7/2018 1:42:22 PM EDT","6/7/2018 3:55:40 PM EDT","6/7/2018 3:54:45 PM EDT","6/7/2018 3:55:40 PM EDT","6/7/2018 3:55:40 PM EDT","davisg1234@gmail.com"
"Please DocuSign this policy change request.-(561)682-6191| 00152394 | AG","Sent","Sally Kennedy","Sent","6/7/2018 1:39:57 PM EDT","","","","","kobykat999@comcast.net"
"Please DocuSign Cancellation request form.-(954)625-4768| 00602669 | VO","Completed","MARINA VOGEL","Completed","6/7/2018 1:25:30 PM EDT","6/9/2018 1:43:51 AM EDT","6/7/2018 1:31:39 PM EDT","6/9/2018 1:43:51 AM EDT","6/9/2018 1:43:51 AM EDT","marina85@myself.com"
"Please DocuSign your UPCIC insurance documents.-(518)225-4862| 00707311 | AG","Completed","Lorraine Arcus","Completed","6/7/2018 1:13:00 PM EDT","6/7/2018 4:35:15 PM EDT","6/7/2018 3:51:34 PM EDT","6/7/2018 4:35:15 PM EDT","6/7/2018 4:35:15 PM EDT","Lorraine.arcus@gmail.com"
"Please DocuSign your Seacoast  insurance documents.-(305)807-2005| 00533459 | LU VO","Completed","Paulette Foster","Completed","6/7/2018 1:09:38 PM EDT","6/8/2018 11:21:35 AM EDT","6/8/2018 11:18:48 AM EDT","6/8/2018 11:21:35 AM EDT","6/8/2018 11:21:35 AM EDT","blass235@yahoo.com"
"Please DocuSign your UPCIC insurance documents.-(954)470-3849| 00752517 | AG","Completed","Khristoff  Knight","Completed","6/7/2018 12:58:12 PM EDT","6/7/2018 1:57:52 PM EDT","6/7/2018 1:56:40 PM EDT","6/7/2018 1:57:52 PM EDT","6/7/2018 1:57:52 PM EDT","khrisdmt@gmail.com"
"Please DocuSign your Geovera insurance documents.-(239)691-3920| 00752500 | LR DR","Completed","Yousline Bruny","Completed","6/7/2018 12:53:49 PM EDT","6/8/2018 3:12:57 PM EDT","6/8/2018 11:16:33 AM EDT","6/8/2018 3:12:57 PM EDT","6/8/2018 3:12:57 PM EDT","mareus888@gmail.com"
"Please DocuSign your ASI insurance documents.-(866)761-4751| 00038756 | LP VO","Completed","Gary Corvino","Completed","6/7/2018 12:47:17 PM EDT","6/7/2018 3:10:05 PM EDT","6/7/2018 3:00:33 PM EDT","6/11/2018 11:44:04 AM EDT","6/7/2018 3:10:05 PM EDT","garycorvino@gmail.com"
"Please DocuSign your ASI insurance documents.-(866)761-4751| 00038756 | LP VO","Completed","Catherine Corvino","Completed","6/7/2018 12:47:17 PM EDT","6/11/2018 11:44:04 AM EDT","6/11/2018 11:43:12 AM EDT","6/11/2018 11:44:04 AM EDT","6/11/2018 11:44:04 AM EDT","garycorvino@gmail.com"
"Please DocuSign your Hudson Umbrella insurance documents.-(561)762-8772| 00527653 | LR","Completed","Chapman  Robert","Completed","6/7/2018 12:18:23 PM EDT","6/7/2018 2:52:22 PM EDT","6/7/2018 2:51:52 PM EDT","6/7/2018 2:52:22 PM EDT","6/7/2018 2:52:22 PM EDT","preciouscargo42@bellsouth.net"
"Please DocuSign your American Integrity insurance documents.-(630)669-4703| 00570479 | LU VO","Completed","TYLER GARRETSON","Completed","6/7/2018 12:11:43 PM EDT","6/7/2018 12:38:21 PM EDT","6/7/2018 12:36:11 PM EDT","6/7/2018 12:39:38 PM EDT","6/7/2018 12:38:21 PM EDT","kaniption@yahoo.com"
"Please DocuSign your American Integrity insurance documents.-(630)669-4703| 00570479 | LU VO","Completed","DANA GARRETSON","Completed","6/7/2018 12:11:43 PM EDT","6/7/2018 12:39:38 PM EDT","6/7/2018 12:38:57 PM EDT","6/7/2018 12:39:38 PM EDT","6/7/2018 12:39:38 PM EDT","kaniption@yahoo.com"
"Please DocuSign your Lexington insurance documents.-(561)847-5311| 00752452 | LU","Completed","Ausley Gage","Completed","6/7/2018 11:51:01 AM EDT","6/8/2018 11:31:07 AM EDT","6/8/2018 11:25:15 AM EDT","6/8/2018 11:31:07 AM EDT","6/8/2018 11:31:07 AM EDT","Auz.gage@gmail.com"
"Please DocuSign your Velocity insurance documents.-(954)804-0795| 00752436 | LP","Completed","Erica Williams","Completed","6/7/2018 11:19:15 AM EDT","6/7/2018 11:42:28 AM EDT","6/7/2018 11:39:52 AM EDT","6/7/2018 11:42:28 AM EDT","6/7/2018 11:42:28 AM EDT","Ewilliamsm28@gmail.com"
"Please DocuSign your Velocity insurance documents.-(561)707-7907| 00600325 |  LP VO","Completed","Renee Giordano","Completed","6/7/2018 11:08:03 AM EDT","6/7/2018 1:41:45 PM EDT","6/7/2018 1:40:49 PM EDT","6/7/2018 2:39:45 PM EDT","6/7/2018 1:41:45 PM EDT","rgiordano47@yahoo.com"
"Please DocuSign your Velocity insurance documents.-(561)707-7907| 00600325 |  LP VO","Completed","Dominick Giordano","Completed","6/7/2018 11:08:02 AM EDT","6/7/2018 2:39:45 PM EDT","6/7/2018 1:42:23 PM EDT","6/7/2018 2:39:45 PM EDT","6/7/2018 2:39:45 PM EDT","rgiordano47@yahoo.com"
"Please DocuSign your Wind Mitigation inspection.-(561)601-6278 | 00416427 | AG","Completed","Gonzalez Juan","Completed","6/7/2018 10:23:32 AM EDT","6/7/2018 10:42:21 AM EDT","6/7/2018 10:40:22 AM EDT","6/7/2018 10:42:21 AM EDT","6/7/2018 10:42:21 AM EDT","juanpi4@yahoo.com"
"Please DocuSign your Velocity insurance documents.-(561)370-5108| 00752405 | LP","Completed","Benjamin Word","Completed","6/7/2018 10:08:14 AM EDT","6/7/2018 9:01:34 PM EDT","6/7/2018 8:49:56 PM EDT","6/7/2018 9:04:27 PM EDT","6/7/2018 9:01:34 PM EDT","moca106@hotmail.com"
"Please DocuSign your Velocity insurance documents.-(561)370-5108| 00752405 | LP","Completed","Monica Pazos","Completed","6/7/2018 10:08:14 AM EDT","6/7/2018 9:04:27 PM EDT","6/7/2018 9:03:17 PM EDT","6/7/2018 9:04:27 PM EDT","6/7/2018 9:04:27 PM EDT","moca106@hotmail.com"
"Please DocuSign your Capitol Preferred insurance documents.-(561)305-7022| 00752399 | LU","Completed","JULES ALEXANDRA","Completed","6/7/2018 9:43:18 AM EDT","6/7/2018 10:02:25 AM EDT","6/7/2018 9:53:16 AM EDT","6/7/2018 10:02:25 AM EDT","6/7/2018 10:02:25 AM EDT","alexandrajules@hotmail.com"
"Please DocuSign your UPCIC insurance documents.-(407)466-3836| 00752324 | AG VO","Voided","Juan Alberto Martinez Alvarado","Delivered","6/7/2018 9:12:33 AM EDT","","6/7/2018 7:04:04 PM EDT","6/11/2018 9:54:43 AM EDT","","Jalberto.5511@gmail.com"
"Please DocuSign your UPCIC insurance documents.-(407)466-3836| 00752324 | AG VO","Voided","Miriam  Martinez","Delivered","6/7/2018 9:12:33 AM EDT","","6/7/2018 9:38:03 AM EDT","6/11/2018 9:54:43 AM EDT","","Jalberto.5511@gmail.com"
"Please DocuSign your UPCIC insurance documents.-(954)338-8934 | 00746071 | KC","Sent","Edeline  Siffrain","AutoResponded","6/6/2018 5:11:49 PM EDT","","","","","MJossaint@sunsentinal.com"
"Please DocuSign your UPCIC insurance documents.-(954)338-8934 | 00746071 | KC","Sent","Modelet Jossaint","AutoResponded","6/6/2018 5:11:49 PM EDT","","","","","MJossaint@sunsentinal.com"
"Please DocuSign your Velocity insurance documents.-(954)661-2316| 00752302 | LP","Completed","Robert Schaible","Completed","6/6/2018 4:53:03 PM EDT","6/8/2018 5:59:09 AM EDT","6/8/2018 5:56:26 AM EDT","6/8/2018 5:59:09 AM EDT","6/8/2018 5:59:09 AM EDT","rschaible1@gmail.com"
"Please DocuSign your UPC insurance documents.-(305)785-1955| 00202457 | LP VO","Completed","David A Fisher","Completed","6/6/2018 4:41:30 PM EDT","6/6/2018 4:57:50 PM EDT","6/6/2018 4:53:54 PM EDT","6/10/2018 6:55:19 AM EDT","6/6/2018 4:57:50 PM EDT","davidafisher@outlook.com"
"Please DocuSign your UPC insurance documents.-(305)785-1955| 00202457 | LP VO","Completed","ANNA E FISHER","Completed","6/6/2018 4:41:30 PM EDT","6/10/2018 6:55:19 AM EDT","6/10/2018 6:44:50 AM EDT","6/10/2018 6:55:19 AM EDT","6/10/2018 6:55:19 AM EDT","davidafisher@outlook.com"
"Please DocuSign your Velocity insurance documents.-(561)784-3050| 00752290 | LP","Completed","Joel Ripoll","Completed","6/6/2018 4:24:13 PM EDT","6/6/2018 5:13:10 PM EDT","6/6/2018 5:08:05 PM EDT","6/6/2018 5:13:10 PM EDT","6/6/2018 5:13:10 PM EDT","JOEL_RIPOLL@MSN.COM"
"Please DocuSign Cancellation request form.-(561)790-3017| 00327581 |  VO","Sent","Gladys Barber","Sent","6/6/2018 4:10:14 PM EDT","","","","","gbarber1989@hotmail.com"
"Please DocuSign Cancellation request form.-(561)578-9700| 00676776  VO","Completed","Jason Likavec","Completed","6/6/2018 3:51:16 PM EDT","6/8/2018 3:02:36 PM EDT","6/8/2018 3:01:42 PM EDT","6/8/2018 3:02:36 PM EDT","6/8/2018 3:02:36 PM EDT","likavecjs@aol.com"
"Please DocuSign your Tapco insurance documents.-(302)893-2746| 00752168 | LR BB","Completed","Scott Kramer","Completed","6/6/2018 3:28:39 PM EDT","6/6/2018 4:55:23 PM EDT","6/6/2018 4:54:48 PM EDT","6/6/2018 4:55:23 PM EDT","6/6/2018 4:55:23 PM EDT","slk349real@gmail.com"
"Please DocuSign your UPCIC  insurance documents.-(561)619-7877| 00752243 | AG","Completed","Renate  Ecaterinis","Completed","6/6/2018 3:07:36 PM EDT","6/11/2018 3:23:10 PM EDT","6/11/2018 3:22:08 PM EDT","6/11/2018 3:23:10 PM EDT","6/11/2018 3:23:10 PM EDT","Dmec19@comcast.net"
"NEW:Please DocuSign your home insurance documents.-(520)390-5895| 00752230 | LR AJ DR","Delivered","Ricardo Hurtado","Delivered","6/6/2018 3:02:56 PM EDT","","6/7/2018 8:08:22 AM EDT","","","ciclormh@aol.com"
"Please DocuSign your Velocity insurance documents.-(954)579-6082| 00752213 | LU VO","Completed","Leonardo Torres","Completed","6/6/2018 2:51:16 PM EDT","6/7/2018 6:24:15 PM EDT","6/7/2018 6:12:46 PM EDT","6/7/2018 7:18:30 PM EDT","6/7/2018 6:24:15 PM EDT","torreslm93@gmail.com"
"Please DocuSign your Velocity insurance documents.-(954)579-6082| 00752213 | LU VO","Completed","Maria Torres","Completed","6/6/2018 2:51:16 PM EDT","6/7/2018 7:18:30 PM EDT","6/7/2018 6:09:46 PM EDT","6/7/2018 7:18:30 PM EDT","6/7/2018 7:18:30 PM EDT","torreslm93@gmail.com"
"Please DocuSign your ASI insurance documents.-(954)260-0395| 00455856 | LU VO","Completed","ANN MARIE PELLEGRINO","Completed","6/6/2018 2:26:13 PM EDT","6/6/2018 3:37:57 PM EDT","6/6/2018 3:28:13 PM EDT","6/6/2018 3:37:57 PM EDT","6/6/2018 3:37:57 PM EDT","annmarie.pellegrino@coverall.com"
"Please DocuSign your TH Flood insurance documents.-(561)309-0638| 00137877 | AG","Completed","RALPH WILSON","Completed","6/6/2018 2:11:50 PM EDT","6/7/2018 11:24:00 AM EDT","6/7/2018 11:23:04 AM EDT","6/10/2018 4:07:50 PM EDT","6/7/2018 11:24:00 AM EDT","ralphwilson2@gmail.com"
"Please DocuSign your TH Flood insurance documents.-(561)309-0638| 00137877 | AG","Completed","ELAINE  WILSON","Completed","6/6/2018 2:11:50 PM EDT","6/10/2018 4:07:50 PM EDT","6/10/2018 4:05:39 PM EDT","6/10/2018 4:07:50 PM EDT","6/10/2018 4:07:50 PM EDT","ralphwilson2@gmail.com"
"Please DocuSign your ASI insurance documents.-(561)281-8915| 00530110 | AG","Completed","Maria  Lozano","Completed","6/6/2018 2:06:09 PM EDT","6/7/2018 5:50:48 PM EDT","6/7/2018 5:49:17 PM EDT","6/7/2018 5:50:48 PM EDT","6/7/2018 5:50:48 PM EDT","mavilo15@yahoo.com"
"Please DocuSign your Florida insurance documents.-(917)816-3165| 00752148 | LP","Sent","Katherine Espositio","Sent","6/6/2018 2:00:02 PM EDT","","","","","cathiesto@gmail.com"
"Please DocuSign your UPCIC insurance documents.-(954)410-9166| 00745388 | AG","Sent","Sally  Lorenzo","Sent","6/6/2018 1:57:02 PM EDT","","","","","Rlorenzo1985@gmail.com"
"Please DocuSign your Edison insurance documents.-(631)287-5206| 00752138 | LU","Completed","MARIELA HUGUETT","Completed","6/6/2018 1:45:09 PM EDT","6/6/2018 7:35:51 PM EDT","6/6/2018 7:34:43 PM EDT","6/6/2018 7:35:51 PM EDT","6/6/2018 7:35:51 PM EDT","Dorothy_santana@yahoo.com"
"Please DocuSign your UPCIC  insurance documents.-(770)363-4959| 00735998 | AG  VO","Completed","Richelle Andrews","Completed","6/6/2018 1:34:17 PM EDT","6/6/2018 3:46:52 PM EDT","6/6/2018 2:40:48 PM EDT","6/6/2018 3:48:25 PM EDT","6/6/2018 3:46:52 PM EDT","rere90@gmail.com"
"Please DocuSign your UPCIC  insurance documents.-(770)363-4959| 00735998 | AG  VO","Completed","Marc Andrews","Completed","6/6/2018 1:34:18 PM EDT","6/6/2018 3:48:25 PM EDT","6/6/2018 3:44:11 PM EDT","6/6/2018 3:48:25 PM EDT","6/6/2018 3:48:25 PM EDT","rere90@gmail.com"
"Please DocuSign your UPCIC  insurance documents.-(786)301-0433| 00752089 | AG","Completed","Isolyn  Hillhouse","Completed","6/6/2018 1:18:07 PM EDT","6/10/2018 8:38:10 PM EDT","6/8/2018 3:40:43 PM EDT","6/10/2018 8:38:10 PM EDT","6/10/2018 8:38:10 PM EDT","hillhousei@bellsouth.net"
"Please DocuSign Replacement cost estimator form.-(561)784-3050| 00750577 | AG","Completed","Szyszko, Eugenia","Completed","6/6/2018 12:50:26 PM EDT","6/6/2018 1:13:12 PM EDT","6/6/2018 1:11:46 PM EDT","6/6/2018 1:13:12 PM EDT","6/6/2018 1:13:12 PM EDT","sughey_argenal@hotmail.com"
"Please DocuSign Sinkhole form.-(954)600-3824| 00133024 | AG","Delivered","Bresnahan, Daniel","Delivered","6/6/2018 12:45:53 PM EDT","","6/7/2018 7:04:09 PM EDT","","","dannydb1949@gmail.com"
"Please DocuSign your new ASI flood insurance application.-(305)302-1143| 00403124 | AG","Completed","BRENDAN OKEEFE","Completed","6/6/2018 12:41:22 PM EDT","6/12/2018 11:34:39 AM EDT","6/6/2018 2:17:52 PM EDT","6/12/2018 11:34:39 AM EDT","6/12/2018 11:34:39 AM EDT","BrendanAOkeefe@comcast.net"
"Please DocuSign your American Traditions insurance documents.-(863)624-1722| 00751845 | LR VO","Completed","Clifford  Rauch","Completed","6/6/2018 12:32:54 PM EDT","6/6/2018 2:12:24 PM EDT","6/6/2018 2:07:54 PM EDT","6/6/2018 2:17:34 PM EDT","6/6/2018 2:12:24 PM EDT","chr73smr@msn.com"
"Please DocuSign your American Traditions insurance documents.-(863)624-1722| 00751845 | LR VO","Completed","Sarah Rauch","Completed","6/6/2018 12:32:54 PM EDT","6/6/2018 2:17:34 PM EDT","6/6/2018 12:54:49 PM EDT","6/6/2018 2:17:34 PM EDT","6/6/2018 2:17:34 PM EDT","chr73smr@msn.com"
"Please DocuSign your Velocity  insurance documents.-(720)240-7657| 00752122 | LP","Delivered","Dionne Ward","Delivered","6/6/2018 12:00:35 PM EDT","","6/8/2018 9:10:56 AM EDT","","","dionne@oneboulder.com"
"Please DocuSign your Velocity  insurance documents.-(720)240-7657| 00752122 | LP","Delivered","Michael Laughlin","Delivered","6/6/2018 12:00:35 PM EDT","","6/6/2018 2:28:06 PM EDT","","","dionne@oneboulder.com"
"new app:Please DocuSign your Bass insurance documents.-(561)655-5030| 00751906 | LU","Completed","Jerry Higgins","Completed","6/6/2018 11:51:45 AM EDT","6/6/2018 1:44:33 PM EDT","6/6/2018 1:43:45 PM EDT","6/6/2018 1:44:33 PM EDT","6/6/2018 1:44:33 PM EDT","jerry561@outlook.com"
"Please DocuSign your UPCIC insurance documents.-(386)315-0909| 00742505 |  SB VO","Sent","Shirley Guastavino","Sent","6/6/2018 11:33:52 AM EDT","","","","","florenguasta@gmail.com"
"Please DocuSign your UPCIC insurance documents.-(386)315-0909| 00742505 |  SB VO","Sent","FLORENCIO GUASTAVINO","Completed","6/6/2018 11:33:52 AM EDT","6/11/2018 11:41:08 PM EDT","6/11/2018 11:37:17 PM EDT","","6/11/2018 11:41:08 PM EDT","florenguasta@gmail.com"
"Please DocuSign Statement of No Loss form.-(904)392-4403 | 00511676 | JM","Completed","Brook, Cinda H","Completed","6/6/2018 11:19:29 AM EDT","6/6/2018 11:23:42 AM EDT","6/6/2018 11:21:00 AM EDT","6/6/2018 11:23:42 AM EDT","6/6/2018 11:23:42 AM EDT","cindabrook2@gmail.com"
"Please DocuSign Statement of No Loss form.-(646)633-8904| 00714306 | Manny","Sent","James Bonnett","Sent","6/6/2018 11:12:30 AM EDT","","","","","Ka2zsajames8@yahoo.com"
"NEW:Please DocuSign your Aspen insurance documents.-(317)457-5607| 00749593 |  LR JK","Completed","Brian  Field","Completed","6/6/2018 10:47:23 AM EDT","6/11/2018 10:26:47 AM EDT","6/6/2018 6:44:03 PM EDT","6/11/2018 10:26:47 AM EDT","6/11/2018 10:26:47 AM EDT","betsy.field@ameritech.net"
"Please DocuSign your Wind Mitigation inspection.-(516)314-0133| 00733533 | LR","Completed","Rachel Glick","Completed","6/6/2018 10:42:25 AM EDT","6/6/2018 11:14:17 AM EDT","6/6/2018 11:11:43 AM EDT","6/6/2018 11:14:17 AM EDT","6/6/2018 11:14:17 AM EDT","rachelmeganglick@gmail.com"
"Please DocuSign your Bass insurance documents.-(941)204-4658| 00751942 | LR BB","Completed","Matthew Najar","Completed","6/6/2018 10:33:43 AM EDT","6/6/2018 10:36:31 AM EDT","6/6/2018 10:35:18 AM EDT","6/6/2018 10:36:31 AM EDT","6/6/2018 10:36:31 AM EDT","najar.matt@yahoo.com"
"Please DocuSign your UPC insurance documents.-(603)915-0110| 00751934 |  LU","Completed","AMANDA BURCH","Completed","6/6/2018 10:26:41 AM EDT","6/7/2018 9:19:10 AM EDT","6/7/2018 9:17:03 AM EDT","6/7/2018 9:19:10 AM EDT","6/7/2018 9:19:10 AM EDT","Mandalove22@gmail.com"
"Please DocuSign your UPCIC  insurance documents.-(407)580-5892| 00751924 | AG VO","Completed","Agnes McIntosh","Completed","6/6/2018 10:12:16 AM EDT","6/6/2018 10:22:03 AM EDT","6/6/2018 10:19:05 AM EDT","6/6/2018 10:22:03 AM EDT","6/6/2018 10:22:03 AM EDT","agnes_mcintosh@yahoo.com"
"Please DocuSign your UPCIC  insurance documents.-(270)577-4234| 00751615 | AG VO","Completed","Nancy  Brummett","Completed","6/6/2018 9:50:32 AM EDT","6/7/2018 10:53:13 AM EDT","6/7/2018 10:40:22 AM EDT","6/7/2018 11:35:37 AM EDT","6/7/2018 10:53:13 AM EDT","brummett_jerry@yahoo.com"
"Please DocuSign your UPCIC  insurance documents.-(270)577-4234| 00751615 | AG VO","Completed","Jerry Brummett","Completed","6/6/2018 9:50:32 AM EDT","6/7/2018 11:35:37 AM EDT","6/6/2018 11:19:03 PM EDT","6/7/2018 11:35:37 AM EDT","6/7/2018 11:35:37 AM EDT","brummett_jerry@yahoo.com"
"Please DocuSign your Allrisks insurance documents.-(407)914-5437| 00751956 | LR Kory","Completed","Leger, Chrisna","Completed","6/6/2018 9:44:03 AM EDT","6/6/2018 4:48:25 PM EDT","6/6/2018 4:41:36 PM EDT","6/6/2018 4:48:25 PM EDT","6/6/2018 4:48:25 PM EDT","leger.chrisna@yahoo.com"
"Please DocuSign your UPCIC insurance documents.-(561)239-7408| 00751966 | AG","Completed","Kyle  Helmerick","Completed","6/6/2018 9:35:53 AM EDT","6/6/2018 10:01:10 AM EDT","6/6/2018 9:59:14 AM EDT","6/6/2018 10:01:10 AM EDT","6/6/2018 10:01:10 AM EDT","kylehelmerickllc@yahoo.com"
"Please DocuSign your velocity & Wright flood insurance documents.-(702)290-7832| 00751970 | LU AG","Completed","Selina Seet","Completed","6/6/2018 9:30:02 AM EDT","6/6/2018 11:00:28 AM EDT","6/6/2018 10:59:52 AM EDT","6/6/2018 11:00:28 AM EDT","6/6/2018 11:00:28 AM EDT","selina@selinavaughan.com"
"Please DocuSign your Velocity  insurance documents.-(305)625-4841| 00751989 | LR","Sent","Dorthy Wanton","Sent","6/6/2018 9:20:20 AM EDT","","","","","dbwanton27@aol.com"
"Please DocuSign your Heritage insurance documents.-(407)237-0156| 00723679 | AG VO","Completed","NILSA SALERNO","Completed","6/6/2018 9:10:33 AM EDT","6/6/2018 3:56:22 PM EDT","6/6/2018 3:44:35 PM EDT","6/8/2018 11:13:43 AM EDT","6/6/2018 3:56:22 PM EDT","tiggersalerno@yahoo.com"
"Please DocuSign your Heritage insurance documents.-(407)237-0156| 00723679 | AG VO","Completed","SALVATORE  SALERNO","Completed","6/6/2018 9:10:33 AM EDT","6/8/2018 11:13:43 AM EDT","6/8/2018 11:13:07 AM EDT","6/8/2018 11:13:43 AM EDT","6/8/2018 11:13:43 AM EDT","tiggersalerno@yahoo.com"
"updated: Please DocuSign your Wind Mitigation inspection -(561)310-2061 | 00365767 | LR","Voided","Benyamen Michel","Sent","6/5/2018 5:26:15 PM EDT","","","6/13/2018 12:26:34 AM EDT","","Elkommos@bellsouth.net"
"Please DocuSign Statement of No Loss form.-(954)562-3023| 00672699 | LR","Completed","Kathleen S Quinn","Completed","6/5/2018 3:49:50 PM EDT","6/5/2018 5:41:59 PM EDT","6/5/2018 5:41:14 PM EDT","6/5/2018 5:41:59 PM EDT","6/5/2018 5:41:59 PM EDT","tjcasey@bellsouth.net"
"Please DocuSign your Prepared insurance documents.-(321)848-7050| 00063249 | LU VO","Completed","JOYCE COLE","Completed","6/5/2018 2:17:33 PM EDT","6/5/2018 3:24:10 PM EDT","6/5/2018 3:23:10 PM EDT","6/5/2018 3:27:08 PM EDT","6/5/2018 3:24:10 PM EDT","hermancole@hotmail.com"
"Please DocuSign your Prepared insurance documents.-(321)848-7050| 00063249 | LU VO","Completed","Herman Cole","Completed","6/5/2018 2:17:33 PM EDT","6/5/2018 3:27:08 PM EDT","6/5/2018 3:24:36 PM EDT","6/5/2018 3:27:08 PM EDT","6/5/2018 3:27:08 PM EDT","hermancole@hotmail.com"
"Please DocuSign your Bass & Geovera insurance documents.-  ph#:-561-655-5030 qt:#AGP1361440 LR BB","Completed","Jerry Higgins","Completed","6/5/2018 2:00:15 PM EDT","6/5/2018 3:09:59 PM EDT","6/5/2018 3:06:02 PM EDT","6/5/2018 3:09:59 PM EDT","6/5/2018 3:09:59 PM EDT","jerry561@outlook.com"
"Please DocuSign your Travelers insurance documents.-(561)578-9700 pc#6026144472031 Manny","Completed","FAYE LIKAVEC","Completed","6/5/2018 1:51:48 PM EDT","6/5/2018 6:51:40 PM EDT","6/5/2018 6:50:06 PM EDT","6/5/2018 6:51:40 PM EDT","6/5/2018 6:51:40 PM EDT","likavecjs@aol.com"
"please Docusign your scottsdale insurance documents.-(954)540-6316| 00621527 | Matt","Completed","Corey Cole","Completed","6/5/2018 11:42:39 AM EDT","6/5/2018 12:06:59 PM EDT","6/5/2018 12:06:06 PM EDT","6/5/2018 12:06:59 PM EDT","6/5/2018 12:06:59 PM EDT","coreycole1978@yahoo.com"
"Please DocuSign Skipjack Premium Finance form.-(305)244-2398| 00749024 | AJ","Voided","Shevaun Gandy","Delivered","6/5/2018 11:06:59 AM EDT","","6/5/2018 11:16:52 AM EDT","6/13/2018 12:27:00 AM EDT","","shevaungandy@gmail.com"
"Please DocuSign your BASS  insurance documents.-(772)242-1514| 00745049  LR DR","Voided","Geraldine Gamble","Sent","6/5/2018 10:36:41 AM EDT","","","6/13/2018 12:27:12 AM EDT","","gamblegeraldine@yahoo.com"
"Please DocuSign Premium Finance Agreement form.-(954)650-1558| 00548213 | AJ","Completed","Waters, Evelyn","Completed","6/5/2018 10:32:01 AM EDT","6/12/2018 9:05:16 AM EDT","6/11/2018 7:26:57 PM EDT","6/12/2018 9:05:16 AM EDT","6/12/2018 9:05:16 AM EDT","evewaters7@att.net"
"Please DocuSign Skipjack Premium Finance form.-(321)768-6246| 00733177 | AJ","Voided","Melvin Moore","Sent","6/5/2018 10:02:46 AM EDT","","","6/5/2018 10:06:54 AM EDT","","sheronpeterman@gmail.com"
"Please DocuSign your UPC insurance documents.-(727)773-5681| 00751248 | AG VO","Completed","KENNETH KISTNER","Completed","6/5/2018 9:50:03 AM EDT","6/5/2018 4:00:19 PM EDT","6/5/2018 3:59:43 PM EDT","6/7/2018 8:41:47 AM EDT","6/5/2018 4:00:19 PM EDT","kistnerscience@gmail.com"
"Please DocuSign your UPC insurance documents.-(727)773-5681| 00751248 | AG VO","Completed","TONYA KISTNER","Completed","6/5/2018 9:50:03 AM EDT","6/7/2018 8:41:47 AM EDT","6/7/2018 8:40:34 AM EDT","6/7/2018 8:41:47 AM EDT","6/7/2018 8:41:47 AM EDT","kistnerscience@gmail.com"
"Please DocuSign your Geovera insurance documents.-(561)859-5065 | 00751602 | LU BB","Completed","Carol Mahoney","Completed","6/5/2018 9:11:27 AM EDT","6/5/2018 9:16:00 AM EDT","6/5/2018 9:12:38 AM EDT","6/5/2018 9:16:00 AM EDT","6/5/2018 9:16:00 AM EDT","carolamahoney@aol.com"
"Please DocuSign your Bass  insurance documents.-(305)439-8786| 00751446 | LR BB","Completed","Carol Swingle","Completed","6/5/2018 8:59:48 AM EDT","6/5/2018 10:29:45 AM EDT","6/5/2018 10:23:40 AM EDT","6/5/2018 10:29:45 AM EDT","6/5/2018 10:29:45 AM EDT","spotsmiami@aol.com"
"Please DocuSign this policy change request.-(646)338-0333| 00423388 | KC","Voided","Stuart Friedman","Delivered","6/5/2018 8:48:27 AM EDT","","6/5/2018 6:17:12 PM EDT","6/12/2018 8:44:10 AM EDT","","srfhakomi@mac.com"
"CANCELLATION TO CANCEL ASI INSURANCE POLICY AS YOU REQUESTED. MO","Voided","Oraine  Pitt","Sent","6/4/2018 5:45:28 PM EDT","","","6/12/2018 12:25:33 AM EDT","","Orainpitt1976@gmail.com"
"Please DocuSign your home insurance documents.-(561)588-9750| 00750130 | LR JK","Voided","Clarence L Elder","Delivered","6/4/2018 5:33:16 PM EDT","","6/4/2018 8:33:01 PM EDT","6/12/2018 12:27:10 AM EDT","","tribexo@gmail.com"
"Please DocuSign your ASI insurance documents.-(561)251-8878| 00749703 | AG","Completed","Jason D'Ambrosio","Completed","6/4/2018 5:26:50 PM EDT","6/4/2018 5:41:59 PM EDT","6/4/2018 5:41:51 PM EDT","6/4/2018 5:41:59 PM EDT","6/4/2018 5:41:59 PM EDT","jad212@gmail.com"
"Please DocuSign your UPCIC  insurance documents.-(270)577-4234| 00751615 | AG VO","Voided","Jerry Brummett","Sent","6/4/2018 5:21:07 PM EDT","","","6/6/2018 9:53:01 AM EDT","","brummett_jerry@yahoo.com"
"Please DocuSign your UPCIC  insurance documents.-(270)577-4234| 00751615 | AG VO","Voided","Jerry Brummett","Completed","6/4/2018 5:21:07 PM EDT","6/4/2018 6:40:27 PM EDT","6/4/2018 6:31:23 PM EDT","6/6/2018 9:53:01 AM EDT","6/4/2018 6:40:27 PM EDT","brummett_jerry@yahoo.com"
"Please DocuSign your Lexington  insurance documents.-(954)675-3424| 00751577 | LU","Completed","Sergio Pinto","Completed","6/4/2018 5:01:19 PM EDT","6/5/2018 4:53:20 PM EDT","6/5/2018 4:52:38 PM EDT","6/5/2018 4:53:20 PM EDT","6/5/2018 4:53:20 PM EDT","pintovill5@aol.com"
"Please DocuSign your TH insurance documents.-(561)702-2671| 00751561 | AG","Completed","Nicole Topper","Completed","6/4/2018 4:48:34 PM EDT","6/5/2018 10:03:28 AM EDT","6/4/2018 7:43:03 PM EDT","6/5/2018 10:03:28 AM EDT","6/5/2018 10:03:28 AM EDT","Nrtjs1@gmail.com"
"Please DocuSign your Florida Speciality  insurance documents.-(508)680-4609| 00751496 | LU","Completed","Dwight Channer","Completed","6/4/2018 4:39:01 PM EDT","6/4/2018 5:59:18 PM EDT","6/4/2018 5:57:37 PM EDT","6/4/2018 5:59:18 PM EDT","6/4/2018 5:59:18 PM EDT","dchanner16@hotmail.com"
"Please DocuSign your Travelers  insurance documents.- pc#6025809342031 (770)363-4959 Manny","Completed","Richelle Andrews","Completed","6/4/2018 4:37:01 PM EDT","6/4/2018 4:46:54 PM EDT","6/4/2018 4:38:36 PM EDT","6/4/2018 4:46:54 PM EDT","6/4/2018 4:46:54 PM EDT","rere90@gmail.com"
"Please DocuSign Cancellation request form.-(561)261-0146| 00616500 |  MO","Voided","CHARLES WILLIAM","Sent","6/4/2018 4:28:46 PM EDT","","","6/5/2018 2:59:00 PM EDT","","charles.simmons5537@gmail.com"
"Please DocuSign Cancellation request form.-(561)261-0146| 00616500 |  MO","Voided","SHIRLEY HOLLEY SIMMONS","Sent","6/4/2018 4:28:46 PM EDT","","","6/5/2018 2:59:00 PM EDT","","charles.simmons5537@gmail.com"
"Please DocuSign your Prepared insurance documents.-(631)682-4539| 00751047 | LU","Completed","PAULA BOEGER","Completed","6/4/2018 4:17:55 PM EDT","6/5/2018 8:37:14 AM EDT","6/5/2018 8:34:34 AM EDT","6/5/2018 8:54:02 AM EDT","6/5/2018 8:37:14 AM EDT","RESPGIRL26@GMAIL.COM"
"Please DocuSign your Prepared insurance documents.-(631)682-4539| 00751047 | LU","Completed","RUSSELL BOEGER","Completed","6/4/2018 4:17:54 PM EDT","6/5/2018 8:54:02 AM EDT","6/4/2018 4:39:24 PM EDT","6/5/2018 8:54:02 AM EDT","6/5/2018 8:54:02 AM EDT","RESPGIRL26@GMAIL.COM"
"Please DocuSign Skipjack Premium Finance form.-(954)865-3169| 00593588 | AJ","Voided","Goll Nancy","Sent","6/4/2018 4:10:49 PM EDT","","","6/12/2018 12:26:12 AM EDT","","ngoll59@gmail.com"
"Please DocuSign Skipjack Premium Finance form.-(805)588-2070| 00596624 | AJ","Voided","Ansons Nicola","Delivered","6/4/2018 3:55:23 PM EDT","","6/4/2018 7:44:20 PM EDT","6/12/2018 12:26:33 AM EDT","","geraldguerrero18@gmail.com"
"Please DocuSign your UPCIC insurance documents.-(813)732-7214| 00751568 | AG","Completed","ABDIEL  LUGO","Completed","6/4/2018 3:12:08 PM EDT","6/7/2018 4:58:31 PM EDT","6/7/2018 4:56:44 PM EDT","6/7/2018 4:58:31 PM EDT","6/7/2018 4:58:31 PM EDT","al.lugo46@gmail.com"
"Please DocuSign Replacement cost estimator form.-(954)675-3424| 00751254 | LR","Completed","Sergio Pinto","Completed","6/4/2018 2:30:29 PM EDT","6/4/2018 3:51:23 PM EDT","6/4/2018 3:51:00 PM EDT","6/4/2018 3:51:23 PM EDT","6/4/2018 3:51:23 PM EDT","pintovill5@aol.com"
"Please DocuSign your UPCIC insurance documents.-(813)390-7230| 00751313 | LR","Completed","Julio  Videaud","Completed","6/4/2018 2:28:27 PM EDT","6/4/2018 3:38:42 PM EDT","6/4/2018 3:36:19 PM EDT","6/4/2018 3:38:42 PM EDT","6/4/2018 3:38:42 PM EDT","Juliovideaud@hotmail.com"
"Please DocuSign your Velocity  insurance documents.-(954)852-8017| 00751312 | LU","Completed","Steven C Kummer","Completed","6/4/2018 2:12:39 PM EDT","6/4/2018 2:38:51 PM EDT","6/4/2018 2:27:13 PM EDT","6/4/2018 2:38:51 PM EDT","6/4/2018 2:38:51 PM EDT","Steve.kummer@amtrustgroup.com"
"Please DocuSign your UPCIC insurance documents.-(305)345-5486| 00751264 | AG","Completed","Farley  Obregon","Completed","6/4/2018 1:58:10 PM EDT","6/4/2018 2:06:44 PM EDT","6/4/2018 2:05:10 PM EDT","6/4/2018 11:42:16 PM EDT","6/4/2018 2:06:44 PM EDT","farley1088@gmail.com"
"Please DocuSign your UPCIC insurance documents.-(305)345-5486| 00751264 | AG","Completed","Izhida  Stubbs","Completed","6/4/2018 1:58:11 PM EDT","6/4/2018 11:42:16 PM EDT","6/4/2018 11:41:42 PM EDT","6/4/2018 11:42:16 PM EDT","6/4/2018 11:42:16 PM EDT","farley1088@gmail.com"
"Please DocuSign your UPCIC  insurance documents.-(706)474-9087| 00751255 | AG","Completed","Terry Brice","Completed","6/6/2018 11:37:18 AM EDT","6/8/2018 10:14:49 AM EDT","6/7/2018 3:29:37 PM EDT","6/8/2018 10:17:49 AM EDT","6/8/2018 10:14:49 AM EDT","tbrice0308@gmail.com"
"Please DocuSign your UPCIC  insurance documents.-(706)474-9087| 00751255 | AG","Completed","Leanne Brice","Completed","6/4/2018 12:49:57 PM EDT","6/8/2018 10:17:49 AM EDT","6/7/2018 3:20:01 PM EDT","6/8/2018 10:17:49 AM EDT","6/8/2018 10:17:49 AM EDT","tbrice0308@gmail.com"
"Please DocuSign your Lexignton insurance documents.-(954)675-3424| 00751254 | LR","Completed","Sergio Pinto","Completed","6/4/2018 12:45:02 PM EDT","6/4/2018 1:01:55 PM EDT","6/4/2018 1:00:58 PM EDT","6/4/2018 1:01:55 PM EDT","6/4/2018 1:01:55 PM EDT","pintovill5@aol.com"
"Please DocuSign your Allrisks  insurance documents.-(954)224-7800| 00751250 | LR HH","Completed","Josil, Elda","Completed","6/4/2018 12:35:10 PM EDT","6/6/2018 4:21:54 PM EDT","6/6/2018 3:59:16 PM EDT","6/6/2018 4:21:54 PM EDT","6/6/2018 4:21:54 PM EDT","elda.josil@gmail.com"
"Please DocuSign your new TH flood insurance application.-(941)524-7464| 00664600 | AG","Completed","Angela Graham","Completed","6/4/2018 12:19:26 PM EDT","6/4/2018 1:27:33 PM EDT","6/4/2018 1:25:46 PM EDT","6/4/2018 1:27:33 PM EDT","6/4/2018 1:27:33 PM EDT","Glenn.angie@verizon.net"
"Please DocuSign your new Wright flood insurance application.-(954)667-4881| 00750439 | AG","Completed","STEVE WEINSTEIN","Completed","6/4/2018 12:11:54 PM EDT","6/7/2018 6:05:20 PM EDT","6/7/2018 6:05:01 PM EDT","6/7/2018 6:05:20 PM EDT","6/7/2018 6:05:20 PM EDT","STEVEWEINSTEIN1977@GMAIL.COM"
"Please DocuSign your UPCIC insurance documents.-(412)738-3109| 00751267 | AG","Voided","Lisa  Crevasse","Delivered","6/4/2018 11:56:49 AM EDT","","6/4/2018 12:45:36 PM EDT","6/4/2018 12:51:59 PM EDT","","Jpilot646464@yahoo.com"
"Please DocuSign your Seacoast  insurance documents.-(786)901-9975 qt#:497276  DR","Completed","Saintvil, Emilia","Completed","6/4/2018 11:35:24 AM EDT","6/4/2018 12:19:35 PM EDT","6/4/2018 12:13:47 PM EDT","6/4/2018 12:19:35 PM EDT","6/4/2018 12:19:35 PM EDT","eproceedsclass02@yahoo.com"
"Please DocuSign this agent of record form.- KG","Completed","Yevgneiy Sadovnikov","Completed","6/4/2018 11:10:03 AM EDT","6/8/2018 3:57:53 PM EDT","6/8/2018 3:56:02 PM EDT","6/8/2018 3:57:53 PM EDT","6/8/2018 3:57:53 PM EDT","shraer@gmail.com"
"Please DocuSign Skipjack Premium Finance form.(850)567-4994| 00734377 | AJ","Voided","Connie Murphy","Delivered","6/4/2018 11:07:27 AM EDT","","6/4/2018 2:51:01 PM EDT","6/5/2018 11:38:35 AM EDT","","7conniemurphy7@gmail.com"
"Please DocuSign your Travelers insurance documents.- pc# 6026027762031 ph#954-625-4768 Manny","Completed","MARINA VOGEL","Completed","6/4/2018 9:51:21 AM EDT","6/4/2018 10:44:22 AM EDT","6/4/2018 9:54:13 AM EDT","6/4/2018 10:44:22 AM EDT","6/4/2018 10:44:22 AM EDT","marina85@myself.com"
"Please DocuSign your Wind Mitigation inspection -(203)243-6616| 00747836 | LR","Completed","Ann  Gallo","Completed","6/4/2018 9:06:22 AM EDT","6/5/2018 9:31:19 AM EDT","6/5/2018 9:30:37 AM EDT","6/5/2018 9:31:19 AM EDT","6/5/2018 9:31:19 AM EDT","harborann72@comcast.net"
"Please DocuSign your Velocity  insurance documents.-(305)975-6999| 00220293 | LU VO","Voided","Yoel Rodriguez","Delivered","6/4/2018 8:58:45 AM EDT","","6/6/2018 9:53:03 AM EDT","6/12/2018 12:26:54 AM EDT","","marcela@rbrlaw.com"
"Please DocuSign your Velocity  insurance documents.-(305)975-6999| 00220293 | LU VO","Voided","Marcela Rodriguez","Delivered","6/4/2018 8:58:45 AM EDT","","6/4/2018 2:10:47 PM EDT","6/12/2018 12:26:54 AM EDT","","marcela@rbrlaw.com"
"Please DocuSign: Riner Change request PVH2123261 KG","Completed","Carmen Riner","Completed","6/1/2018 8:00:58 PM EDT","6/1/2018 9:17:49 PM EDT","6/1/2018 9:16:46 PM EDT","6/1/2018 9:17:49 PM EDT","6/1/2018 9:17:49 PM EDT","dcrin2010@hotmail.com"
"Please DocuSign your Progressive insurance documents.- ph# 561-452-7336 pc#922099063 Manny","Completed","NADA SAVU","Completed","6/1/2018 5:08:54 PM EDT","6/1/2018 5:22:43 PM EDT","6/1/2018 5:20:19 PM EDT","6/1/2018 5:22:43 PM EDT","6/1/2018 5:22:43 PM EDT","nadasavu@gmail.com"
"Please DocuSign your Safeco insurance documents.-(561)312-5660 | 00250141 | LU","Completed","Jane Kaplowitz","Completed","6/1/2018 2:47:55 PM EDT","6/5/2018 1:18:39 AM EDT","6/5/2018 1:16:54 AM EDT","6/5/2018 1:18:39 AM EDT","6/5/2018 1:18:39 AM EDT","robert145@mac.com"
"Please DocuSign: CLF-0004599 Inspection Letter.-(386)884-9938| 00737134 | LR","Voided","Martin, Gayle","Delivered","6/1/2018 2:21:11 PM EDT","","6/2/2018 9:24:59 PM EDT","6/9/2018 12:29:02 AM EDT","","Billypilgrim465@yahoo.com"
"Please DocuSign your Allrisks insurance documents.- (786)346-2281| 00751261 | LU BB","Voided","Ricardo Leiva","Delivered","6/1/2018 2:15:01 PM EDT","","6/3/2018 11:01:56 AM EDT","6/9/2018 12:29:08 AM EDT","","annie_ileiva@hotmail.com"
"Please DocuSign your Aspen  insurance documents.- pc#TBD7847  ph#:602-321-3586 LU BB","Completed","Elizabeth Sterling","Completed","6/1/2018 2:09:25 PM EDT","6/3/2018 12:37:12 PM EDT","6/3/2018 12:36:50 PM EDT","6/3/2018 12:37:12 PM EDT","6/3/2018 12:37:12 PM EDT","sterlingspin@gmail.com"
"Please DocuSign your Wind Mitigation inspection.-(786)663-1265| 00737220 | DR","Completed","Hugo Cardenas","Completed","6/1/2018 1:50:07 PM EDT","6/8/2018 11:02:23 PM EDT","6/8/2018 11:01:33 PM EDT","6/8/2018 11:02:23 PM EDT","6/8/2018 11:02:23 PM EDT","Hugoyug1@yahoo.com"
"Please DocuSign your Allrisks insurance documents.-(407)209-4704| 00746553 | LR Kory","Completed","Myers Judith","Completed","6/1/2018 1:01:27 PM EDT","6/1/2018 1:14:46 PM EDT","6/1/2018 1:06:29 PM EDT","6/1/2018 1:14:46 PM EDT","6/1/2018 1:14:46 PM EDT","judymyersmomof6@gmail.com"
"Please DocuSign your Allrisks insurance documents.-(937)215-9076| 00750806 | LU BB","Completed","Suchitra Reddy Neravetla","Completed","6/1/2018 12:30:44 PM EDT","6/4/2018 2:07:33 PM EDT","6/2/2018 11:49:02 AM EDT","6/4/2018 2:07:33 PM EDT","6/4/2018 2:07:33 PM EDT","neravetla@yahoo.com"
"Please DocuSign Statement of No Loss form.-(305)495-1991| 00729843 | LR","Voided","Downer, Eulet","Sent","6/1/2018 12:14:32 PM EDT","","","6/9/2018 12:29:06 AM EDT","","euletdowner@yahoo.com"
"Please DocuSign your Federated National insurance documents.-(941)524-7464| 00664600 | LR","Completed","Glenn Graham","Completed","6/1/2018 11:43:39 AM EDT","6/1/2018 12:57:24 PM EDT","6/1/2018 12:45:42 PM EDT","6/1/2018 12:57:24 PM EDT","6/1/2018 12:57:24 PM EDT","Glenn.angie@verizon.net"
"Please DocuSign your Florida Peninsula insurance documents.-(954)558-7397| 00193764 | LR","Completed","OREXMYTH DE LA VEGA","Completed","6/1/2018 10:59:49 AM EDT","6/1/2018 11:21:22 AM EDT","6/1/2018 11:17:58 AM EDT","6/1/2018 11:21:22 AM EDT","6/1/2018 11:21:22 AM EDT","ovega@me.com"
"Please DocuSign your UPCIC insurance documents.-(561)313-8379| 00410478 | AG VO","Completed","RONALD  O'BRIEN","Completed","6/1/2018 10:49:19 AM EDT","6/1/2018 1:01:29 PM EDT","6/1/2018 12:40:12 PM EDT","6/1/2018 1:06:15 PM EDT","6/1/2018 1:01:29 PM EDT","obri2103@att.net"
"Please DocuSign your UPCIC insurance documents.-(561)313-8379| 00410478 | AG VO","Completed","GABRIELA RODRIGUEZ O'BRIEN","Completed","6/1/2018 10:49:19 AM EDT","6/1/2018 1:06:15 PM EDT","6/1/2018 1:04:00 PM EDT","6/1/2018 1:06:15 PM EDT","6/1/2018 1:06:15 PM EDT","obri2103@att.net"
"Please DocuSign your UPCIC insurance documents.-(214)554-5902| 00525230 | AG","Completed","MAJREIL  LOWE","Completed","6/1/2018 10:20:17 AM EDT","6/2/2018 8:44:46 AM EDT","6/2/2018 8:43:42 AM EDT","6/2/2018 8:44:46 AM EDT","6/2/2018 8:44:46 AM EDT","mlpropertyholding@yahoo.com"
"Please DocuSign your UPCIC insurance documents.-(772)812-5291| 00750730 | AG","Completed","Jacob  Muscara","Completed","6/1/2018 10:07:05 AM EDT","6/5/2018 7:03:28 PM EDT","6/4/2018 3:11:40 PM EDT","6/5/2018 7:04:45 PM EDT","6/5/2018 7:03:28 PM EDT","matthewwyattwallace@gmail.com"
"Please DocuSign your UPCIC insurance documents.-(772)812-5291| 00750730 | AG","Completed","Mathew  Wallace","Completed","6/1/2018 10:07:05 AM EDT","6/5/2018 7:04:45 PM EDT","6/4/2018 3:12:52 PM EDT","6/5/2018 7:04:45 PM EDT","6/5/2018 7:04:45 PM EDT","matthewwyattwallace@gmail.com"
"Please DocuSign your UPC insurance documents.-(305)399-3897| 00750733 | LU","Completed","CLORARDO LUIS LEAL LUBO","Completed","6/1/2018 10:00:22 AM EDT","6/1/2018 10:42:26 AM EDT","6/1/2018 10:41:56 AM EDT","6/3/2018 6:12:40 PM EDT","6/1/2018 10:42:26 AM EDT","clorardoluisleal@gmail.com"
"Please DocuSign your UPC insurance documents.-(305)399-3897| 00750733 | LU","Completed","MARIA MILAGROS DA SILVA PESTANA","Completed","6/1/2018 10:00:22 AM EDT","6/3/2018 6:12:40 PM EDT","6/3/2018 6:12:32 PM EDT","6/3/2018 6:12:40 PM EDT","6/3/2018 6:12:40 PM EDT","clorardoluisleal@gmail.com"
"Please DocuSign your Foremost insurance documents.-(561)503-9614| 00750761 | LU","Completed","ELIZABETH ELLIOTT","Completed","6/1/2018 9:50:20 AM EDT","6/1/2018 10:30:55 AM EDT","6/1/2018 10:29:25 AM EDT","6/1/2018 10:30:55 AM EDT","6/1/2018 10:30:55 AM EDT","Elliottliz1990@icloud.com"
"Please DocuSign your Bass insurance documents.-(561)596-8451| 00750783 | LR Kory","Completed","Lisa Hurt","Completed","6/1/2018 9:38:04 AM EDT","6/1/2018 4:56:07 PM EDT","6/1/2018 4:54:23 PM EDT","6/1/2018 4:56:07 PM EDT","6/1/2018 4:56:07 PM EDT","lhurt25@yahoo.com"
"Please DocuSign your St. Johns insurance documents.-(561)719-2524| 00750819 | LU VO","Completed","Barbara Adams","Completed","6/1/2018 9:12:19 AM EDT","6/1/2018 9:37:46 AM EDT","6/1/2018 9:29:39 AM EDT","6/1/2018 9:37:46 AM EDT","6/1/2018 9:37:46 AM EDT","blznsun@gmail.com"