"Subject","Status","Recipient Name","Action","Sent On","Completed On","View Date","Status Changed Date","Sign Date","Recipient Email"
"Please DocuSign your Bass insurance documents.-(561)310-4154 | 00730613 |SR Caseus","Sent","Gabriel Ferro","Sent","3/13/2018 4:56:57 PM EDT","","","","","gferro13@gmail.com"
"Please DocuSign your UPCIC insurance documents.-(786)285-6238| 00704926 | LR","Sent","Gurliene Bastien","Sent","3/13/2018 4:53:08 PM EDT","","","","","miamiguirlene@gmail.com"
"Please DocuSign your Allrisk & Geovera insurance documents.-(954)829-0386 | 00641064 |SR","Sent","Karen Green","Sent","3/13/2018 4:48:20 PM EDT","","","","","green5093@bellsouth.net"
"Please DocuSign your UPC insurance documents.-(561)236-6080 | 00730948 |LR","Sent","Jean Giarratana","Sent","3/13/2018 4:43:19 PM EDT","","","","","jeangiarratana@gmail.com"
"Please DocuSign Skipjack Premium Finance form.-(954)768-0988 | 00730144 |Manny BB","Sent","JEFF IVASHUK","Sent","3/13/2018 4:38:44 PM EDT","","","","","floridacriminallaw@hushmail.com"
"Please DocuSign your UPCIC  insurance documents.-(407)797-7095| 00730603 | LR","Sent","Ladan Emami","Sent","3/13/2018 4:32:40 PM EDT","","","","","Ladan_emami@yahoo.com"
"Please DocuSign your Florida Penn insurance documents.-(561)325-9466| 00718347 |SB","Completed","Richard Koerner","Completed","3/13/2018 4:26:13 PM EDT","3/13/2018 4:35:46 PM EDT","3/13/2018 4:34:56 PM EDT","3/13/2018 4:35:46 PM EDT","3/13/2018 4:35:46 PM EDT","interactivemaxbrandon@gmail.com"
"Please DocuSign your Seacoast insurance documents.-(954)225-6057 | 00730557 | LR","Sent","Thomas woodcock","Sent","3/13/2018 4:06:57 PM EDT","","","","","tomwoodcock21@gmail.com"
"Please DocuSign your Velocity insurance documents.-(305)342-2205| 00730535 SB","Delivered","Franco Ponce","Delivered","3/13/2018 4:03:09 PM EDT","","3/13/2018 4:07:36 PM EDT","","","fponce85@gmail.com"
"Please DocuSign your Velocity insurance documents.-(305)342-2205| 00730535 SB","Delivered","Teresa Hevia-Silverio","Delivered","3/13/2018 4:03:09 PM EDT","","3/13/2018 4:05:07 PM EDT","","","fponce85@gmail.com"
"Please DocuSign your Progressive insurance documents.-(954)980-5486 | 00109881 | LL","Sent","Anette Brown","Sent","3/13/2018 3:49:22 PM EDT","","","","","Bigv3976@bellsouth.net"
"Please DocuSign your Heritage insurance documents.-(907)230-7456| 00730466 | LR","Sent","janie osborne","Sent","3/13/2018 3:46:34 PM EDT","","","","","medajaneosborne@gmail.com"
"Please DocuSign your Heritage insurance documents.-(907)230-7456| 00730466 | LR","Sent","James White","Sent","3/13/2018 3:46:35 PM EDT","","","","","medajaneosborne@gmail.com"
"Please DocuSign yourUPCIC insurance documents.-(954)261-3043 | 00730406 |LR","Sent","Mirlene Jeannite","Sent","3/13/2018 3:38:57 PM EDT","","","","","Cael4me@gmail.com"
"Please DocuSign your AllRisk insurance documents.-(941)915-3721 00714110 | SR","Sent","Michelle Brady","Sent","3/13/2018 3:35:11 PM EDT","","","","","Bradys4christ@yahoo.com"
"Please DocuSign your new ASI variance from-(941)915-3721| 00714110 | AG","Delivered","Michelle Brady","Delivered","3/13/2018 3:30:46 PM EDT","","3/13/2018 7:44:09 PM EDT","","","Bradys4christ@yahoo.com"
"Please DocuSign your AllRisk insurance documents.-(941)764-9699| 00731120 | SR","Completed","Brian Ouimet","Completed","3/13/2018 3:27:47 PM EDT","3/13/2018 3:39:21 PM EDT","3/13/2018 3:29:18 PM EDT","3/13/2018 3:39:21 PM EDT","3/13/2018 3:39:21 PM EDT","Bri6655@yahoo.com"
"Please DocuSign Cancellation request form.-(561)251-9990 | 00199190 | MO","Sent","Inderjeet Ghingoor","Sent","3/13/2018 3:20:51 PM EDT","","","","","IGHINGOOR@GMAIL.COM"
"Please DocuSign Cancellation request form.-(561)251-9990 | 00199190 | MO","Sent","Himala Ghingoor","Sent","3/13/2018 3:20:51 PM EDT","","","","","IGHINGOOR@GMAIL.COM"
"Please DocuSign Cancellation request form.-(561)718-8283| 00728712 | MO","Sent","GENE GIBSON","Sent","3/13/2018 3:13:43 PM EDT","","","","","Gene.j.gibson@uscg.mil"
"Please DocuSign No loss Pt form.-(305)788-6512| 00717508 |MO","Sent","Renay Miller","Sent","3/13/2018 3:11:36 PM EDT","","","","","nay11miller@yahoo.com"
"Please DocuSign Cancellation request form.-(561)503-1305 | 00725629 |MO","Sent","JESSIE LYNN PIERCE","Sent","3/13/2018 3:11:09 PM EDT","","","","","jessiepierce631@gmail.com"
"Please DocuSign Cancellation request form.-.-(239)265-4899 | 00718050 |MO","Sent","Patricia Snider","Sent","3/13/2018 3:10:53 PM EDT","","","","","patti421957@yahoo.com"
"Please DocuSign Cancellation request form.-(917)854-3499 | 00720180 |MO","Sent","DONALD DAVIS","Sent","3/13/2018 3:10:24 PM EDT","","","","","Dovee77@aol.com"
"Please DocuSign Cancellation request form.-(917)854-3499 | 00720180 |MO","Sent","HOPELYN DAVIS","Sent","3/13/2018 3:10:24 PM EDT","","","","","Dovee77@aol.com"
"Please DocuSign Cancellation request form.-(850)602-7848| 00727412 | MO","Sent","DIANA RIDDLES","Sent","3/13/2018 3:07:36 PM EDT","","","","","zaneriddles@yahoo.com"
"Please DocuSign Cancellation request form.-(850)602-7848| 00727412 | MO","Sent","ZANE RIDDLES","Sent","3/13/2018 3:07:36 PM EDT","","","","","zaneriddles@yahoo.com"
"Please DocuSign Cancellation request form.-(516)662-3999| 00502097 | MO","Completed","Ellen Zelmanowicz","Completed","3/13/2018 3:06:07 PM EDT","3/13/2018 3:07:21 PM EDT","3/13/2018 3:07:02 PM EDT","3/13/2018 3:07:48 PM EDT","3/13/2018 3:07:21 PM EDT","hhz2011@hotmail.com"
"Please DocuSign Cancellation request form.-(516)662-3999| 00502097 | MO","Completed","Harvey Zelmanowicz","Completed","3/13/2018 3:06:08 PM EDT","3/13/2018 3:07:48 PM EDT","3/13/2018 3:07:42 PM EDT","3/13/2018 3:07:48 PM EDT","3/13/2018 3:07:48 PM EDT","hhz2011@hotmail.com"
"Please DocuSign Cancellation request form.-(904)335-0102 | 00712925 |MO","Sent","ARDELLE JAMES LAMFERS II","Sent","3/13/2018 3:00:07 PM EDT","","","","","rabindranath13@gmail.com"
"Please DocuSign Cancellation request form.-(904)335-0102 | 00712925 |MO","Sent","SARAH SAMMANTHA LAMFERS","Sent","3/13/2018 3:00:07 PM EDT","","","","","rabindranath13@gmail.com"
"Please DocuSign Cancellation request form.-(813)418-0708| 00729551 |MO","Completed","MARY C DENVER","Completed","3/13/2018 2:37:01 PM EDT","3/13/2018 2:45:21 PM EDT","3/13/2018 2:38:55 PM EDT","3/13/2018 2:45:21 PM EDT","3/13/2018 2:45:21 PM EDT","Chels91807@gmail.com"
"Please DocuSign your Velocity insurance documents.-(561)855-6648 | 00730454 | MO SB","Sent","Linda Marcouillier","Sent","3/13/2018 2:24:40 PM EDT","","","","","jose_mathieu@videotron.ca"
"Please DocuSign your Velocity insurance documents.-(561)855-6648 | 00730454 | MO SB","Sent","Jose Mathieu","Sent","3/13/2018 2:24:40 PM EDT","","","","","jose_mathieu@videotron.ca"
"Please DocuSign Cancellation request form.-(917)687-5940 | 00249750 | MO","Completed","MICHAEL SCROBE","Completed","3/13/2018 2:14:46 PM EDT","3/13/2018 4:14:42 PM EDT","3/13/2018 4:14:18 PM EDT","3/13/2018 4:14:42 PM EDT","3/13/2018 4:14:42 PM EDT","tufmike2@aol.com"
"Please DocuSign Cancellation request form.-(754)802-7122| 00723617 | MO","Sent","Alfredo Proano","Sent","3/13/2018 1:57:23 PM EDT","","","","","aproano@targetengineering.com"
"Please DocuSign Cancellation request form.--(561)352-7462 | 00729522 |MO","Sent","MARIE ROMULUS-JEAN","Sent","3/13/2018 1:43:37 PM EDT","","","","","mromulusjean@gmail.com"
"Please DocuSign Cancellation request form.--(561)352-7462 | 00729522 |MO","Sent","HONEL JEAN","Sent","3/13/2018 1:43:37 PM EDT","","","","","mromulusjean@gmail.com"
"Please DocuSign Cancellation request form.--(386)405-3956 | 00729156 | MO","Completed","Marjory Ackley","Completed","3/13/2018 1:32:06 PM EDT","3/13/2018 1:34:12 PM EDT","3/13/2018 1:33:24 PM EDT","3/13/2018 1:34:12 PM EDT","3/13/2018 1:34:12 PM EDT","mackley1970@gmail.com"
"Please DocuSign Cancellation request form.--(516)935-5484| 00729172 |MO","Completed","Thomas Murphty","Completed","3/13/2018 1:29:52 PM EDT","3/13/2018 4:21:01 PM EDT","3/13/2018 4:19:33 PM EDT","3/13/2018 4:23:53 PM EDT","3/13/2018 4:21:01 PM EDT","tjm339@gmail.com"
"Please DocuSign Cancellation request form.--(516)935-5484| 00729172 |MO","Completed","Thomas Murphy","Completed","3/13/2018 1:27:38 PM EDT","3/13/2018 4:23:53 PM EDT","3/13/2018 4:23:42 PM EDT","3/13/2018 4:23:53 PM EDT","3/13/2018 4:23:53 PM EDT","tjm339@gmail.com"
"Please DocuSign Cancellation request form.-(772)205-5235| 00729469 |MO","Sent","ROBERT A MONROE","Sent","3/13/2018 1:25:02 PM EDT","","","","","Bobmonroe118@gmail.com"
"Please DocuSign Cancellation request form.-(772)205-5235| 00729469 |MO","Sent","CAROLINE J MONROE","Sent","3/13/2018 1:25:02 PM EDT","","","","","Bobmonroe118@gmail.com"
"Please DocuSign Cancellation request form.--(561)866-6498 | 00691952 | MO","Completed","Sheerin Feizi","Completed","3/13/2018 1:22:32 PM EDT","3/13/2018 1:34:37 PM EDT","3/13/2018 1:34:32 PM EDT","3/13/2018 1:34:37 PM EDT","3/13/2018 1:34:37 PM EDT","sfeizi87@gmail.com"
"Please DocuSign Cancellation request form.-(561)336-2971 | 00288846 |MO","Sent","DENNIS PONNOCK","Sent","3/13/2018 1:14:05 PM EDT","","","","","Dpon100@aol.com"
"Please DocuSign Cancellation request form.--(954)464-8056| 00729791 |MO","Completed","Lawrence Tigner","Completed","3/13/2018 12:37:14 PM EDT","3/13/2018 7:05:59 PM EDT","3/13/2018 7:05:05 PM EDT","3/13/2018 7:05:59 PM EDT","3/13/2018 7:05:59 PM EDT","tigner954@yahoo.com"
"Please DocuSign Cancellation request form.-(305)335-7532 | 00111270 | MO","Completed","Cristina Ramirez","Completed","3/13/2018 12:25:26 PM EDT","3/13/2018 2:27:48 PM EDT","3/13/2018 2:27:36 PM EDT","3/13/2018 2:27:48 PM EDT","3/13/2018 2:27:48 PM EDT","serenityramirez@bellsouth.net"
"Please DocuSign Cancellation request form.-(754)252-7439| 00366074 |MO KG","Delivered","George Cheddar","Delivered","3/13/2018 12:21:39 PM EDT","","3/13/2018 4:03:19 PM EDT","","","georgecheddar72@Yahoo.com"
"Please DocuSign Cancellation request form.-(352)254-0307 | 00729384 | MO","Completed","JORDAN WEDELL","Completed","3/13/2018 11:43:30 AM EDT","3/13/2018 12:43:58 PM EDT","3/13/2018 12:43:48 PM EDT","3/13/2018 12:43:58 PM EDT","3/13/2018 12:43:58 PM EDT","jordan.wedell92@gmail.com"
"Please DocuSign Cancellation request form.-(954)768-0988 | 00730144 |MO","Sent","JEFF IVASHUK","Sent","3/13/2018 11:36:43 AM EDT","","","","","floridacriminallaw@hushmail.com"
"Please DocuSign Cancellation request form.-(954)768-0988 | 00730144 |MO","Sent","TARA IVASHUK","Delivered","3/13/2018 11:36:43 AM EDT","","3/13/2018 12:45:33 PM EDT","","","floridacriminallaw@hushmail.com"
"Please DocuSign Cancellation request form.-(561)386-9612 | 00102488 | MO","Sent","CARMEN VARE-VERNACHIO","Sent","3/13/2018 11:25:14 AM EDT","","","","","CVare@pbcgov.org"
"Please DocuSign Cancellation request form.-(561)386-9612 | 00102488 | MO","Sent","ULRIKE VARE-VERNACHIO","Sent","3/13/2018 11:25:14 AM EDT","","","","","CVare@pbcgov.org"
"Please DocuSign Cancellation request form.-(727)734-2444| 00726190 | MO","Sent","Michael Ritt","Sent","3/13/2018 11:18:31 AM EDT","","","","","mudlitemike@gmail.com"
"Please DocuSign Cancellation request form.-(561)543-6985 | 00716865 |MO","Sent","Ismuta Duprena","Sent","3/13/2018 11:15:07 AM EDT","","","","","Issy0221@gmail.com"
"Please DocuSign your home insurance documents.-(727)612-4634 | 00730592 |DR SR","Completed","Denise E Gramley","Completed","3/12/2018 4:57:20 PM EDT","3/13/2018 3:54:04 PM EDT","3/13/2018 3:38:27 PM EDT","3/13/2018 3:54:04 PM EDT","3/13/2018 3:54:04 PM EDT","gramleyd@gmail.com"
"Please DocuSign your CP insurance documents.-(732)261-8948 | 00730643 | LR","Sent","Edward Stephens","Sent","3/12/2018 4:43:13 PM EDT","","","","","surflinetr@aol.com"
"Please DocuSign: LLC Form (786)290-4751 | 00727028 | SR","Completed","Sosa Sumey","Completed","3/12/2018 4:07:11 PM EDT","3/13/2018 10:03:08 AM EDT","3/13/2018 10:01:05 AM EDT","3/13/2018 10:03:08 AM EDT","3/13/2018 10:03:08 AM EDT","Sumeysosa@yahoo.com"
"Please DocuSign this policy change request.-(772)260-1490 | 00718390 | LR","Completed","Susan Pearson","Completed","3/12/2018 3:54:22 PM EDT","3/13/2018 1:20:13 PM EDT","3/13/2018 1:18:49 PM EDT","3/13/2018 1:20:13 PM EDT","3/13/2018 1:20:13 PM EDT","espesusan@yahoo.com"
"Please DocuSign your SFI insurance documents.-(631)375-9130 | 00719309 | LR","Completed","Heusel Cracolici","Completed","3/12/2018 3:49:56 PM EDT","3/13/2018 5:42:11 PM EDT","3/13/2018 2:49:47 PM EDT","3/13/2018 5:42:11 PM EDT","3/13/2018 5:42:11 PM EDT","nyscertified@gmail.com"
"Please DocuSign Cancellation request form.-.-(239)692-3541 | 00729950 | SB","Completed","Cesar Velasquez Moller","Completed","3/12/2018 3:38:21 PM EDT","3/13/2018 12:42:13 PM EDT","3/13/2018 12:40:45 PM EDT","3/13/2018 12:42:13 PM EDT","3/13/2018 12:42:13 PM EDT","cesarVelasquez081973@gmail.com"
"Please DocuSign Cancellation request form.-(305)248-2142 | 00728904 |  MO","Delivered","Donna Silva","Delivered","3/12/2018 3:31:29 PM EDT","","3/12/2018 8:30:04 PM EDT","","","asilv4119@outlook.com"
"Please DocuSign Cancellation request form.-(305)248-2142 | 00728904 |  MO","Delivered","August Silva","Completed","3/12/2018 3:31:29 PM EDT","3/12/2018 3:51:02 PM EDT","3/12/2018 3:50:08 PM EDT","","3/12/2018 3:51:02 PM EDT","asilv4119@outlook.com"
"Please DocuSign employee warning notice KG","Sent","Damion Brown","Sent","3/12/2018 3:27:52 PM EDT","","","","","damion.brown@brightway.com"
"Please DocuSign employee warning notice KG","Sent","Kerry Clinton","Completed","3/12/2018 3:27:52 PM EDT","3/12/2018 3:28:07 PM EDT","3/12/2018 3:28:03 PM EDT","","3/12/2018 3:28:07 PM EDT","kerry.clinton@brightway.com"
"Please DocuSign Cancellation request form.-.(561)800-7194| 00244701 | MO","Completed","Angeliz Ramos","Completed","3/12/2018 3:13:46 PM EDT","3/12/2018 3:15:13 PM EDT","3/12/2018 3:15:03 PM EDT","3/12/2018 3:15:13 PM EDT","3/12/2018 3:15:13 PM EDT","mrshecbec@gmail.com"
"Please DocuSign your Florida Specialty insurance documents.-(407)421-5465| 00721976 |SB","Sent","Georgia Lane","Sent","3/12/2018 2:11:50 PM EDT","","","","","Ladylane55@yahoo.com"
"Please DocuSign Cancellation request form.-(727)557-6626 | 00721275 |MO","Sent","Vashti Ramkissoon","Sent","3/12/2018 12:11:11 PM EDT","","","","","Ncousins4182@gmail.com"
"Please DocuSign Cancellation request form.-(727)557-6626 | 00721275 |MO","Sent","Lionel Ramkissoon","Sent","3/12/2018 12:11:11 PM EDT","","","","","Ncousins4182@gmail.com"
"Please DocuSign Cancellation request form.-(954)873-5513| 00728494 | MO","Sent","Janel Richards","Sent","3/12/2018 12:03:39 PM EDT","","","","","janelrdesigns@bellsouth.net"
"Please DocuSign Cancellation request form.--(863)617-5505 | 00639022 |MO","Sent","Keith S Blake","Sent","3/12/2018 11:59:04 AM EDT","","","","","loriblake7575@aol.com"
"Please DocuSign Cancellation request form.--(516)528-8428 | 00726762 |MO","Delivered","Leonard Herman","Delivered","3/12/2018 11:42:50 AM EDT","","3/12/2018 1:42:51 PM EDT","","","bagelcar@aol.com"
"Please DocuSign Cancellation request form.--(516)528-8428 | 00726762 |MO","Delivered","ANITA HERMAN","Completed","3/12/2018 11:42:51 AM EDT","3/12/2018 1:41:52 PM EDT","3/12/2018 12:16:19 PM EDT","","3/12/2018 1:41:52 PM EDT","bagelcar@aol.com"
"Please DocuSign your Aspen insurance documents.-(646)338-0333| 00423388 | SR JK","Sent","Stuart R Friedman","Sent","3/12/2018 11:38:33 AM EDT","","","","","srfhakomi@mac.com"
"Please DocuSign your UPCIC insurance documents.-(561)400-0132| 00730426 | MO LR","Completed","Jennifer Morse","Completed","3/12/2018 11:26:04 AM EDT","3/12/2018 11:32:07 AM EDT","3/12/2018 11:30:39 AM EDT","3/12/2018 11:32:07 AM EDT","3/12/2018 11:32:07 AM EDT","daisyrock7@yahoo.com"
"Please DocuSign your Bass insurance documents.-(321)749-6010| 00730571 | BB SB","Completed","Anthony Bove","Completed","3/12/2018 10:32:23 AM EDT","3/12/2018 6:04:25 PM EDT","3/12/2018 6:01:27 PM EDT","3/12/2018 6:04:25 PM EDT","3/12/2018 6:04:25 PM EDT","avbove38@gmail.com"
"Please DocuSign your Olympus insurance documents.-(862)571-7638 | 00730577 | LR","Completed","Alexis Cuellar","Completed","3/12/2018 10:07:03 AM EDT","3/12/2018 10:42:20 AM EDT","3/12/2018 10:38:27 AM EDT","3/12/2018 10:42:20 AM EDT","3/12/2018 10:42:20 AM EDT","acuellar25@gmail.com"
"Please DocuSign your AllRisk insurance documents.-(305)546-5947| 00609500 | BB SR","Voided","Mahadeo Tulsie","Sent","3/12/2018 9:59:49 AM EDT","","","3/12/2018 4:09:27 PM EDT","","calvintulsie@yahoo.com"
"Please DocuSign your AllRisk  insurance documents.-(352)682-5694 | 00730581 |BB SR","Completed","Mary Fulford","Completed","3/12/2018 9:54:00 AM EDT","3/12/2018 10:00:48 AM EDT","3/12/2018 9:58:16 AM EDT","3/12/2018 10:00:48 AM EDT","3/12/2018 10:00:48 AM EDT","Edie869@yahoo.com"
"Please DocuSign your UPC insurance documents.-(352)870-8451 | 00730352 | LR","Sent","Jamie Lucier","Sent","3/12/2018 8:53:44 AM EDT","","","","","LucierJamie@gmail.com"
"Please DocuSign your BANKERS insurance documents.-ph:(201)709-2403 pc#09 0011640342300 PR","Delivered","Nicole Werrell","Delivered","3/9/2018 5:40:16 PM EDT","","3/12/2018 3:15:26 PM EDT","","","Nicole181@mac.com"
"Please DocuSign: NVH-0003840 Inspection Letter.-(305)788-6512| 00717508 | LR","Sent","Miller, Renay","Sent","3/9/2018 5:12:12 PM EDT","","","","","nay11miller@yahoo.com"
"Please DocuSign Statement of No Loss form.-(727)288-3927| 00651952 | MM AJ","Sent","Natalia Gelpi","Sent","3/9/2018 5:04:41 PM EDT","","","","","healthynatalia@yahoo.com"
"Please DocuSign: FLH-0007594 Inspection Letter.-(941)883-8897| 00717202 | LR","Delivered","Ruswick, Susan","Delivered","3/9/2018 4:54:28 PM EDT","","3/9/2018 4:59:04 PM EDT","","","susanruswick@gmail.com"
"Please DocuSign your UPCIC insurance documents.-(954)630-6596 | 00730269 | LR MO","Sent","Randall Keshock","Sent","3/9/2018 4:41:48 PM EDT","","","","","kesho9@aol.com"
"Please DocuSign your UPCIC insurance documents.-(954)630-6596 | 00730269 | LR MO","Sent","Roseanne Keshock","Delivered","3/9/2018 4:41:48 PM EDT","","3/10/2018 6:06:48 PM EDT","","","kesho9@aol.com"
": Please DocuSign Cancellation request form.-.-(561)308-2968 | 00730097 | LL SB MO","Completed","James Glynn","Completed","3/9/2018 4:15:50 PM EDT","3/9/2018 4:17:30 PM EDT","3/9/2018 4:17:17 PM EDT","3/9/2018 4:17:30 PM EDT","3/9/2018 4:17:30 PM EDT","glynnx3@yahoo.com"
"Please DocuSign your Prepared Insurance company documents.-(305)833-4997| 00730255 | SB","Sent","Asheed Abark","Sent","3/9/2018 3:58:51 PM EDT","","","","","aabark@bellsouth.net"
"Please DocuSign your American Integrity insurance documents.-(407)619-7068| 00730244 | SB","Completed","Austin Brown","Completed","3/9/2018 3:42:46 PM EDT","3/9/2018 3:47:06 PM EDT","3/9/2018 3:45:10 PM EDT","3/9/2018 3:47:06 PM EDT","3/9/2018 3:47:06 PM EDT","austinbrownpipe@hotmail.com"
"Please DocuSign Florida Speciality insurance documents.-(904)234-7938 | 00151277 | SB","Completed","Natasha Lamb","Completed","3/9/2018 3:27:37 PM EDT","3/9/2018 6:50:12 PM EDT","3/9/2018 6:42:18 PM EDT","3/9/2018 6:55:01 PM EDT","3/9/2018 6:50:12 PM EDT","mlljr78@gmail.com"
"Please DocuSign Florida Speciality insurance documents.-(904)234-7938 | 00151277 | SB","Completed","Marvin Lamb Jr.","Completed","3/9/2018 3:27:37 PM EDT","3/9/2018 6:55:01 PM EDT","3/9/2018 6:51:22 PM EDT","3/9/2018 6:55:01 PM EDT","3/9/2018 6:55:01 PM EDT","mlljr78@gmail.com"
"Please DocuSign your UPCIC insurance documents.-(954)793-2213| 00730193 | LR","Completed","Shea Pope","Completed","3/9/2018 3:08:17 PM EDT","3/11/2018 2:54:23 PM EDT","3/11/2018 2:53:18 PM EDT","3/11/2018 2:54:23 PM EDT","3/11/2018 2:54:23 PM EDT","pnaab0202@gmail.com"
"Please DocuSign your Allrisks insurance documents.-(786)236-5148| 00708274 | SR KD","Completed","Talesa Jackson","Completed","3/9/2018 2:59:58 PM EDT","3/11/2018 11:31:02 PM EDT","3/11/2018 11:21:27 PM EDT","3/11/2018 11:31:02 PM EDT","3/11/2018 11:31:02 PM EDT","talesajackson87@gmail.com"
"Please DocuSign your Allrisks insurance documents.-(731)420-9968| 00730133 |  LL KD AJJ","Completed","Michael Hill","Completed","3/9/2018 2:37:23 PM EDT","3/9/2018 5:04:38 PM EDT","3/9/2018 4:48:36 PM EDT","3/9/2018 5:04:38 PM EDT","3/9/2018 5:04:38 PM EDT","tennriverrat@gmail.com"
"Please DocuSign your ASI &Progressive insurance documents.-(561)308-2968 | 00730097 | LL SB MO","Completed","CATHERINE GLYNN","Completed","3/9/2018 2:22:10 PM EDT","3/9/2018 4:09:22 PM EDT","3/9/2018 4:06:43 PM EDT","3/9/2018 4:09:22 PM EDT","3/9/2018 4:09:22 PM EDT","glynnx3@yahoo.com"
"Please DocuSign your UPCIC insurance documents.-(561)797-5922| 00292634 | LR MO","Completed","Alvaro Gutierrez","Completed","3/9/2018 1:54:01 PM EDT","3/12/2018 9:51:11 AM EDT","3/9/2018 8:11:42 PM EDT","3/12/2018 9:51:11 AM EDT","3/12/2018 9:51:11 AM EDT","Asailor61@gmail.com"
"Please DocuSign: Statement of No Loss..(908)278-0240 | 00582400 | KC LL","Sent","Dominga Montes","Sent","3/9/2018 1:38:54 PM EDT","","","","","wg091057@netzero.com"
"Please DocuSign: Statement of No Loss..(908)278-0240 | 00582400 | KC LL","Sent","Ramon Montes","Sent","3/9/2018 1:38:54 PM EDT","","","","","wg091057@netzero.com"
"Please DocuSign your UPCIC insurance documents.-(561)891-2229| 00174354 |  LR","Completed","Georgia Mimms","Completed","3/9/2018 1:17:02 PM EDT","3/11/2018 7:00:22 AM EDT","3/11/2018 6:48:52 AM EDT","3/11/2018 7:00:22 AM EDT","3/11/2018 7:00:22 AM EDT","Sharonda5454@gmail.com"
"Corrected: Please DocuSign your Bass insurance documents.-(727)741-9710  | 00728383 | SR JK","Delivered","John C Tsacrios","Delivered","3/9/2018 1:15:08 PM EDT","","3/11/2018 6:10:17 PM EDT","","","tagos@aol.com"
"Please DocuSign your ASI insurance document .-(787)671-4528 | 00279285 | SB MO","Delivered","Carlos Hernandez","Delivered","3/9/2018 1:06:45 PM EDT","","3/13/2018 8:39:37 AM EDT","","","Charlie1971@hotmail.com"
"Please DocuSign your ASI insurance document .-(787)671-4528 | 00279285 | SB MO","Delivered","Maribel Castellanos","Delivered","3/9/2018 1:06:45 PM EDT","","3/13/2018 8:49:24 AM EDT","","","Charlie1971@hotmail.com"
"Please DocuSign your BASS  insurance documents.-(301)326-7277| 00730032 | SR DR","Sent","Edward Kaulakis","Sent","3/9/2018 12:37:00 PM EDT","","","","","karink@comcast.net"
"Please DocuSign your Aspen & AOR insurance documents.-(954)258-9948| 00730015 | SR LR Caseus MO","Completed","Marcia Branford","Completed","3/9/2018 11:40:30 AM EDT","3/12/2018 1:52:37 PM EDT","3/12/2018 11:37:48 AM EDT","3/12/2018 1:52:37 PM EDT","3/12/2018 1:52:37 PM EDT","mpbrand4@gmail.com"
"Please DocuSign your UPC insurance documents.-(239)672-5371 | 00316106 | LR","Completed","Vincent Azbell","Completed","3/9/2018 11:13:33 AM EDT","3/9/2018 11:53:41 AM EDT","3/9/2018 11:26:04 AM EDT","3/9/2018 11:53:41 AM EDT","3/9/2018 11:53:41 AM EDT","vincentazbell@yahoo.com"
"Please DocuSign your Allrisks insurance documents.-(678)481-5292| 00730167 |  LL BB","Completed","Vernetta Harris","Completed","3/9/2018 11:00:42 AM EDT","3/9/2018 3:05:33 PM EDT","3/9/2018 3:03:57 PM EDT","3/9/2018 3:05:33 PM EDT","3/9/2018 3:05:33 PM EDT","Veelove0@yahoo.com"
"Please DocuSign Guillemette compliance form. JK","Completed","Robert Guillemette","Completed","3/9/2018 10:49:01 AM EDT","3/9/2018 11:20:08 AM EDT","3/9/2018 11:18:58 AM EDT","3/9/2018 11:20:08 AM EDT","3/9/2018 11:20:08 AM EDT","bob_guillemette@yahoo.com"
"Please DocuSign your Cap Preferred insurance documents.-(813)240-1359 | 00730232 | SB","Completed","Lynne Jenkins","Completed","3/9/2018 10:31:22 AM EDT","3/9/2018 12:55:19 PM EDT","3/9/2018 12:52:08 PM EDT","3/9/2018 12:55:19 PM EDT","3/9/2018 12:55:19 PM EDT","lynnejenkins41@yahoo.com"
"Please DocuSign your home insurance documents.-(239)692-3541 | 00729950 | SB","Completed","Cesar Velasquez Moller","Completed","3/9/2018 9:10:35 AM EDT","3/9/2018 9:35:09 AM EDT","3/9/2018 9:18:12 AM EDT","3/9/2018 9:35:09 AM EDT","3/9/2018 9:35:09 AM EDT","cesarVelasquez081973@gmail.com"
"Please DocuSign your Allrisks insurance documents.-(954)380-0032 | 00730215 | SR JK Manny","Delivered","Juliette Forcucci","Delivered","3/9/2018 9:05:08 AM EDT","","3/9/2018 11:07:52 AM EDT","","","simpleservices007@gmail.com"
"Please DocuSign your home insurance documents.-(954)295-1007  | 00729951 | LR","Completed","Johnny Hassell","Completed","3/9/2018 6:55:50 AM EDT","3/9/2018 8:42:39 AM EDT","3/9/2018 6:59:16 AM EDT","3/9/2018 8:45:13 AM EDT","3/9/2018 8:42:39 AM EDT","Mgiesler-hassell@milb.com"
"Please DocuSign your home insurance documents.-(954)295-1007  | 00729951 | LR","Completed","Melissa Geisler-Hassell","Completed","3/9/2018 6:55:51 AM EDT","3/9/2018 8:45:13 AM EDT","3/9/2018 8:44:25 AM EDT","3/9/2018 8:45:13 AM EDT","3/9/2018 8:45:13 AM EDT","Mgiesler-hassell@milb.com"
"Please DocuSign your home insurance documents.-(239)692-3541 | 00729950 | SB","Voided","Cesar Velasquez Moller","Sent","3/9/2018 6:47:21 AM EDT","","","3/9/2018 6:48:06 AM EDT","","VelasquezCesar@gmail.com"
"Please DocuSign your home insurance documents.-(561)267-9577  | 00655398 | LR MO","Completed","Dorothy Godwin","Completed","3/9/2018 6:39:27 AM EDT","3/9/2018 7:53:07 AM EDT","3/9/2018 7:46:11 AM EDT","3/9/2018 7:53:07 AM EDT","3/9/2018 7:53:07 AM EDT","dsgodwin17@gmail.com"
"Please DocuSign Skipjack Premium Finance form.-(954)806-5567| 00722804 | KC","Sent","Douglas, Deidre","Sent","3/8/2018 5:53:55 PM EDT","","","","","dpenha428@yahoo.com"
"Please DocuSign your new ASI flood insurance application.-(480)263-1079 | 00535283 | KG","Completed","Dustin Gerkovich","Completed","3/8/2018 5:30:59 PM EDT","3/8/2018 6:56:42 PM EDT","3/8/2018 6:55:43 PM EDT","3/8/2018 6:58:36 PM EDT","3/8/2018 6:56:42 PM EDT","dustingerkovich@yahoo.com"
"Please DocuSign your new ASI flood insurance application.-(480)263-1079 | 00535283 | KG","Completed","Rebecca Bush","Completed","3/8/2018 5:30:59 PM EDT","3/8/2018 6:58:36 PM EDT","3/8/2018 6:57:28 PM EDT","3/8/2018 6:58:36 PM EDT","3/8/2018 6:58:36 PM EDT","dustingerkovich@yahoo.com"
"Please DocuSign your Allrisks & Geovera  insurance documents.-(954)768-0988 | 00730144 | SR BB","Completed","Jeff Ivashuk","Completed","3/8/2018 5:20:15 PM EDT","3/12/2018 8:27:46 AM EDT","3/12/2018 8:22:18 AM EDT","3/12/2018 8:27:46 AM EDT","3/12/2018 8:27:46 AM EDT","floridacriminallaw@hushmail.com"
"Please DocuSign your vehicle inspection form. (561)215-0259| 00725775 | LL","Sent","Benjamin Ferrara","Sent","3/8/2018 5:00:53 PM EDT","","","","","benny35@gmail.com"
"Please DocuSign your Allrisks insurance documents.-(561)985-1835 | 00729367 |  SR Manny  Caseus","Completed","Deloris  Mckinney","Completed","3/8/2018 4:38:31 PM EDT","3/9/2018 12:59:37 PM EDT","3/9/2018 10:34:03 AM EDT","3/9/2018 12:59:37 PM EDT","3/9/2018 12:59:37 PM EDT","deloris2142@gmail.com"
"MISSING INITIALS: Please DocuSign your Olympus insurance documents-.(254)424-7784| 00611273 | SB","Completed","Perla Zambrano","Completed","3/8/2018 4:14:27 PM EDT","3/8/2018 9:52:14 PM EDT","3/8/2018 9:52:00 PM EDT","3/8/2018 9:52:14 PM EDT","3/8/2018 9:52:14 PM EDT","donwright61@gmail.com"
"Please DocuSign your vehicle inspection form. (954)515-8515| 00709275 |LL","Completed","Jesse Dague","Completed","3/8/2018 4:10:32 PM EDT","3/12/2018 2:35:26 PM EDT","3/10/2018 7:59:02 AM EDT","3/12/2018 2:35:26 PM EDT","3/12/2018 2:35:26 PM EDT","jessedague@gmail.com"
"Please DocuSign your UPCIC insurance documents.-(407)414-7855 | 00730001 | LR","Completed","Enrique Torres","Completed","3/8/2018 4:09:04 PM EDT","3/10/2018 1:01:15 AM EDT","3/8/2018 4:20:40 PM EDT","3/10/2018 1:01:15 AM EDT","3/10/2018 1:01:15 AM EDT","Enrique.torres@jr-davis.com"
"Please DocuSign your Allriks insurance documents.-909-944-1963| 00729926 | SR BB","Sent","Cynthia Myers","Sent","3/8/2018 3:55:19 PM EDT","","","","","prosperityden@aol.com"
"Please DocuSign your St. johns insurance documents.-(239)398-4438 | 00727299 | SB MO","Sent","Benart Osja","Sent","3/8/2018 3:54:40 PM EDT","","","","","osjabenart@yahoo.com"
"Please DocuSign your St. johns insurance documents.-(239)398-4438 | 00727299 | SB MO","Sent","Albana Osja","Sent","3/8/2018 3:54:41 PM EDT","","","","","osjabenart@yahoo.com"
"Please DocuSign your Allrisk insurance documents.-(954)854-4019 | 00729921 | SR BB","Delivered","Victor Cole","Delivered","3/8/2018 3:46:02 PM EDT","","3/12/2018 12:59:01 PM EDT","","","purpleroyal26@gmail.com"
"Please DocuSign your new flood insurance application.-(813)406-7860 | 00624887 | LR","Completed","REGINA GILLILAN","Completed","3/8/2018 3:31:46 PM EDT","3/8/2018 3:46:29 PM EDT","3/8/2018 3:45:25 PM EDT","3/8/2018 3:46:29 PM EDT","3/8/2018 3:46:29 PM EDT","rgillilan2@tampabay.rr.com"
"Please DocuSign: HVH-0001706 Inspection Letter.-(561)451-6788 | 00718931 | LR","Completed","Kirk, John","Completed","3/8/2018 3:17:05 PM EDT","3/12/2018 9:00:15 PM EDT","3/12/2018 10:05:11 AM EDT","3/12/2018 9:00:15 PM EDT","3/12/2018 9:00:15 PM EDT","betme@bellsouth.net"
"Please DocuSign: HVH-0001628 Inspection Letter.-(321)626-6978| 00722565 | LR","Completed","Pinder, Irma","Completed","3/8/2018 2:59:39 PM EDT","3/8/2018 4:35:19 PM EDT","3/8/2018 4:34:46 PM EDT","3/8/2018 4:35:19 PM EDT","3/8/2018 4:35:19 PM EDT","grlplnfxr@gmail.com"
"Please DocuSign: FLH-0007316  Inspection Letter.(786)468-0532| 00712223 |LR","Sent","Morton Augustin","Sent","3/8/2018 2:51:15 PM EDT","","","","","brosegracia@yahoo.com"
"Please DocuSign: HVH-0001596 Inspection Letter.-(786)537-6495 | 00720632 | LR","Completed","Joseph, Hubert","Completed","3/8/2018 2:49:31 PM EDT","3/9/2018 1:42:38 AM EDT","3/9/2018 1:39:43 AM EDT","3/9/2018 1:42:38 AM EDT","3/9/2018 1:42:38 AM EDT","lyndajoseph47@gmail.com"
"Please DocuSign this agent of record form.- ph#305-333-4892 pc#21139517 DB KD","Completed","RONALD MARCOLINE","Completed","3/8/2018 2:39:19 PM EDT","3/8/2018 2:56:03 PM EDT","3/8/2018 2:45:24 PM EDT","3/8/2018 2:56:03 PM EDT","3/8/2018 2:56:03 PM EDT","rmarcoline@comcast.net"
"Please DocuSign your People Trust insurance documents.-(239)692-3541| 00729950 | SB","Voided","CESAR VELASQUEZ MOLLER","Sent","3/8/2018 2:30:41 PM EDT","","","3/9/2018 10:03:06 AM EDT","","VelasquezCesar@gmail.com"
"Please DocuSign your Capitol Preferred insurance documents.-(407)237-0156 | 00723679 |LR MO","Sent","SALVATORE J SALERNO","Sent","3/8/2018 1:15:46 PM EDT","","","","","tiggersalerno@yahoo.com"
"Please DocuSign your Capitol Preferred insurance documents.-(407)237-0156 | 00723679 |LR MO","Sent","NILSA SALERNO","Sent","3/8/2018 1:15:46 PM EDT","","","","","tiggersalerno@yahoo.com"
"Please DocuSign your CP insurance documents.-(954)237-8138 | 00726658 |LR","Sent","Rafael Chavez","Sent","3/8/2018 1:12:21 PM EDT","","","","","alivingston24@gmail.com"
"Please DocuSign Statement of No Loss form.-(561)503-3507| 00578291 | AJJ","Completed","Bernavil, Jean","Completed","3/8/2018 12:02:15 PM EDT","3/9/2018 2:09:56 AM EDT","3/9/2018 2:08:34 AM EDT","3/9/2018 2:09:56 AM EDT","3/9/2018 2:09:56 AM EDT","gege356@yahoo.fr"
"Please DocuSign your ICAT insurance documents.-(954)675-8528 | 00385630 | SR PR MO","Delivered","Juan M Rodriguez","Delivered","3/8/2018 11:53:54 AM EDT","","3/10/2018 8:29:39 AM EDT","","","lbrasci@hotmail.com"
"Please DocuSign your Velocity Risk insurance documents.-(954)464-8056| 00729791 | SB","Completed","Lawrence Tigner","Completed","3/8/2018 11:15:49 AM EDT","3/9/2018 7:12:23 PM EDT","3/8/2018 9:22:42 PM EDT","3/9/2018 7:12:23 PM EDT","3/9/2018 7:12:23 PM EDT","tigner954@yahoo.com"
"Please DocuSign your Tapco insurance documents.-(561)653-1030 | 00729981 |SR","Completed","Gary Corvino","Completed","3/8/2018 11:11:06 AM EDT","3/8/2018 7:52:42 PM EDT","3/8/2018 7:50:59 PM EDT","3/8/2018 7:52:42 PM EDT","3/8/2018 7:52:42 PM EDT","garycorvino@gmail.com"
"Please DocuSign  Cap Preffered Cancellation request form.-(561)702-5387| 00150577  MO","Completed","KELLY ZIMMER","Completed","3/8/2018 11:07:38 AM EDT","3/8/2018 11:30:39 AM EDT","3/8/2018 11:29:47 AM EDT","3/8/2018 11:32:23 AM EDT","3/8/2018 11:30:39 AM EDT","zim5720@yahoo.com"
"Please DocuSign  Cap Preffered Cancellation request form.-(561)702-5387| 00150577  MO","Completed","ADAM ZIMMER","Completed","3/8/2018 11:07:38 AM EDT","3/8/2018 11:32:23 AM EDT","3/8/2018 11:31:54 AM EDT","3/8/2018 11:32:23 AM EDT","3/8/2018 11:32:23 AM EDT","zim5720@yahoo.com"
"Please DocuSign your Heritage insurance documents.--(845)368-0614 | 00366435 | SB MO","Completed","Ilene Hammershlag","Completed","3/8/2018 10:41:43 AM EDT","3/8/2018 10:53:03 AM EDT","3/8/2018 10:51:39 AM EDT","3/8/2018 10:54:51 AM EDT","3/8/2018 10:53:03 AM EDT","ilene@srkatzcpa.com"
"Please DocuSign your Heritage insurance documents.--(845)368-0614 | 00366435 | SB MO","Completed","Marci Katz","Completed","3/8/2018 10:41:43 AM EDT","3/8/2018 10:54:51 AM EDT","3/8/2018 10:53:49 AM EDT","3/8/2018 10:54:51 AM EDT","3/8/2018 10:54:51 AM EDT","marci@srkatzcpa.com"
"Please DocuSign this policy change request.-(561)972-1515| 00589577 | LL","Completed","JON GIESLER","Completed","3/8/2018 10:23:11 AM EDT","3/8/2018 12:37:47 PM EDT","3/8/2018 12:36:56 PM EDT","3/8/2018 12:37:47 PM EDT","3/8/2018 12:37:47 PM EDT","Bluegies79@gmail.com"
"Please DocuSign your UPCIC insurance documents.-(949)632-8643| 00728025 | AG","Completed","Lucia Boynton","Completed","3/8/2018 10:18:11 AM EDT","3/8/2018 12:35:13 PM EDT","3/8/2018 12:33:09 PM EDT","3/8/2018 12:35:13 PM EDT","3/8/2018 12:35:13 PM EDT","luboynton@yahoo.com"
"Please DocuSign your Seacost insurance documents.-(754)422-3073| 00724385 | JK","Sent","Khemwattie, Mahmood","Sent","3/8/2018 9:51:50 AM EDT","","","","","lakeworthautotech1@yahoo.com"
"Please DocuSign your Florida Speciality insurance documents.-(718)551-7516| 00729414 | SB","Completed","MARGARET A CASSARA","Completed","3/8/2018 9:32:26 AM EDT","3/9/2018 12:26:27 AM EDT","3/8/2018 11:57:18 PM EDT","3/9/2018 12:26:27 AM EDT","3/9/2018 12:26:27 AM EDT","Raimondi.home@gmail.com"
"Please DocuSign your UPCIC insurance documents.-(305)495-1991| 00729843 | LR","Sent","Eulet Downer","Sent","3/8/2018 9:18:29 AM EDT","","","","","downere@gmail.com"
"Please DocuSign your Allrisks insurance documents.-(863)899-9271| 00729817 |  SR MD","Completed","CHARITILEE M Reynolds","Completed","3/8/2018 9:10:18 AM EDT","3/8/2018 2:48:37 PM EDT","3/8/2018 2:46:11 PM EDT","3/8/2018 2:48:37 PM EDT","3/8/2018 2:48:37 PM EDT","bpd906@tampabay.rr.com"
"Please DocuSign your UPCIC insurance documents.-(718)761-7494 | 00729805 | LR","Completed","Francis G Carley","Completed","3/8/2018 9:00:29 AM EDT","3/8/2018 1:10:01 PM EDT","3/8/2018 1:07:24 PM EDT","3/8/2018 1:12:29 PM EDT","3/8/2018 1:10:01 PM EDT","fcarley@verizon.net"
"Please DocuSign your UPCIC insurance documents.-(718)761-7494 | 00729805 | LR","Completed","Debora Ifasi","Completed","3/8/2018 9:00:29 AM EDT","3/8/2018 1:12:29 PM EDT","3/8/2018 1:11:30 PM EDT","3/8/2018 1:12:29 PM EDT","3/8/2018 1:12:29 PM EDT","fcarley@verizon.net"
"Please DocuSign your compliance form documents.- (561)420-2105| 00712869 | SB CC","Completed","Eve Caty","Completed","3/8/2018 8:47:23 AM EDT","3/8/2018 10:23:50 AM EDT","3/8/2018 10:23:31 AM EDT","3/8/2018 10:23:50 AM EDT","3/8/2018 10:23:50 AM EDT","evecaty@gmail.com"
"Please DocuSign your Allrisks insurance documents.-(321)773-6257| 00729734 | SR DD","Delivered","Vincent Pinto","Delivered","3/7/2018 5:48:14 PM EDT","","3/12/2018 8:42:50 PM EDT","","","rustycraft@juno.com"
"Please DocuSign your SFI insurance documents.-(561)866-6498 | 00691952 | LR","Completed","Sheerin Feizi","Completed","3/7/2018 5:37:58 PM EDT","3/7/2018 8:35:38 PM EDT","3/7/2018 8:35:10 PM EDT","3/7/2018 8:35:38 PM EDT","3/7/2018 8:35:38 PM EDT","sfeizi87@gmail.com"
"Please DocuSign your Florida Speciality insurance documents.-(804)398-8845 | 00716689 | LR","Completed","Michael McDougall","Completed","3/7/2018 5:20:52 PM EDT","3/8/2018 10:53:28 AM EDT","3/8/2018 10:48:10 AM EDT","3/8/2018 12:25:02 PM EDT","3/8/2018 10:53:28 AM EDT","mtminva@gmail.com"
"Please DocuSign your Florida Speciality insurance documents.-(804)398-8845 | 00716689 | LR","Completed","Shirley McDougall","Completed","3/7/2018 5:20:52 PM EDT","3/8/2018 12:25:02 PM EDT","3/8/2018 10:14:59 AM EDT","3/8/2018 12:25:02 PM EDT","3/8/2018 12:25:02 PM EDT","mtminva@gmail.com"
"Please DocuSign your ICAT insurance documents.-(786)281-6755| 00727366 SR","Sent","Marie Bony","Sent","3/7/2018 4:50:27 PM EDT","","","","","mlpierreno1@yahoo.com"
"Please DocuSign Aspen insurance documents.-(561)420-2105 | 00712869 | SB CC","Completed","Eve Caty","Completed","3/7/2018 3:41:56 PM EDT","3/7/2018 5:26:27 PM EDT","3/7/2018 5:20:39 PM EDT","3/7/2018 5:26:27 PM EDT","3/7/2018 5:26:27 PM EDT","evecaty@gmail.com"
"Please DocuSign your Capitol Preferred insurance documents.-(561)336-2971 | 00288846 | LR","Completed","Dennis Ponnock","Completed","3/7/2018 3:29:04 PM EDT","3/7/2018 4:27:38 PM EDT","3/7/2018 4:19:32 PM EDT","3/7/2018 4:27:38 PM EDT","3/7/2018 4:27:38 PM EDT","Dpon100@aol.com"
"Please DocuSign your Wind Mitigation inspection.-(561)386-9612 | 00102488 |  KC","Completed","Carman Vare-Vernachio","Completed","3/7/2018 2:40:56 PM EDT","3/7/2018 2:55:46 PM EDT","3/7/2018 2:55:11 PM EDT","3/7/2018 2:55:46 PM EDT","3/7/2018 2:55:46 PM EDT","CVare@pbcgov.org"
"Please DocuSign your UPC insurance documents.-(386)523-7331 | 00729588 | LR","Completed","BARBARA ELLIS","Completed","3/7/2018 2:11:49 PM EDT","3/8/2018 9:53:31 AM EDT","3/7/2018 2:30:45 PM EDT","3/8/2018 9:53:31 AM EDT","3/8/2018 9:53:31 AM EDT","bunnyrabbit012@yahoo.com"
"Please DocuSign your Allrisks insurance documents.-(561)985-1835 | 00729367 |  SR Manny  Caseus","Voided","Deloris  Mckinney","Sent","3/7/2018 1:54:22 PM EDT","","","3/8/2018 4:29:41 PM EDT","","delorismckinney1963@gmail.com"
"Please DocuSign your Wright flood insurance application.-(913)235-9942 | 00728318 | LR","Completed","Kevin Johnson","Completed","3/7/2018 1:35:46 PM EDT","3/7/2018 2:21:43 PM EDT","3/7/2018 2:20:21 PM EDT","3/7/2018 2:21:43 PM EDT","3/7/2018 2:21:43 PM EDT","kjohnson5535@gmail.com"
"Please DocuSign your Capitol Preferred  insurance documents.-(727)862-4272 | 00726128 | LR","Completed","THOMAS WASHBURN","Completed","3/7/2018 1:20:36 PM EDT","3/7/2018 2:24:04 PM EDT","3/7/2018 1:54:42 PM EDT","3/7/2018 2:24:04 PM EDT","3/7/2018 2:24:04 PM EDT","tntwashburn@gmail.com"
"Please DocuSign your Capitol  Preferred insurance documents.-(954)245-5593 | 00729570 | LR","Completed","Jeffrey Schoenfeld","Completed","3/7/2018 12:54:11 PM EDT","3/7/2018 4:25:10 PM EDT","3/7/2018 4:23:05 PM EDT","3/7/2018 4:25:10 PM EDT","3/7/2018 4:25:10 PM EDT","Hazeri1954@yahoo.com"
"Please DocuSign your UPCIC  insurance documents.-(561)352-7462 | 00729522 |  LR","Completed","Honel Jean","Completed","3/7/2018 12:25:15 PM EDT","3/8/2018 9:11:42 AM EDT","3/7/2018 9:29:12 PM EDT","3/8/2018 9:14:02 AM EDT","3/8/2018 9:11:42 AM EDT","mromulusjean@gmail.com"
"Please DocuSign your UPCIC  insurance documents.-(561)352-7462 | 00729522 |  LR","Completed","Marie Romulus-Jean","Completed","3/7/2018 12:25:15 PM EDT","3/8/2018 9:14:02 AM EDT","3/8/2018 9:12:42 AM EDT","3/8/2018 9:14:02 AM EDT","3/8/2018 9:14:02 AM EDT","mromulusjean@gmail.com"
"Please DocuSign: NVH-0003909 Inspection Letter.(305)635-7700| 00727247 | LR","Sent","Thurston, Fozia","Sent","3/7/2018 12:16:54 PM EDT","","","","","Brianthurston88@gmail.com"
"Please DocuSign your UPCIC insurance documents.-(772)205-5235| 00729469 |LR","Completed","Robert Monroe","Completed","3/7/2018 12:05:12 PM EDT","3/7/2018 3:15:46 PM EDT","3/7/2018 3:10:37 PM EDT","3/7/2018 3:26:03 PM EDT","3/7/2018 3:15:46 PM EDT","Bobmonroe118@gmail.com"
"Please DocuSign your UPCIC insurance documents.-(772)205-5235| 00729469 |LR","Completed","Caroline Monroe","Completed","3/7/2018 12:05:12 PM EDT","3/7/2018 3:26:03 PM EDT","3/7/2018 1:11:59 PM EDT","3/7/2018 3:26:03 PM EDT","3/7/2018 3:26:03 PM EDT","Bobmonroe118@gmail.com"
"Please DocuSign your Olympus insurance documents-.(254)424-7784| 00611273 | SB","Completed","Perla Zambrano","Completed","3/7/2018 11:53:26 AM EDT","3/7/2018 10:14:25 PM EDT","3/7/2018 9:52:16 PM EDT","3/7/2018 10:14:25 PM EDT","3/7/2018 10:14:25 PM EDT","donwright61@gmail.com"
"Please DocuSign your Travelers  documents.-(772)205-5235| 00729469 | LL","Completed","Robert Monroe","Completed","3/7/2018 11:36:29 AM EDT","3/7/2018 1:21:51 PM EDT","3/7/2018 1:17:28 PM EDT","3/7/2018 1:21:51 PM EDT","3/7/2018 1:21:51 PM EDT","Bobmonroe118@gmail.com"
"Please DocuSign your Auto Policy documents.-(516)662-3999| 00502097 | Manny","Completed","Ellen Zelmanowicz","Completed","3/7/2018 11:10:43 AM EDT","3/7/2018 11:23:16 AM EDT","3/7/2018 11:20:35 AM EDT","3/7/2018 11:23:16 AM EDT","3/7/2018 11:23:16 AM EDT","Hhz2011@hotmail.com"
"Please DocuSign your UPCIC insurance documents.-(561)702-5387| 00150577 | LR","Completed","Kelly Zimmer","Completed","3/7/2018 10:49:07 AM EDT","3/7/2018 11:03:30 AM EDT","3/7/2018 11:02:34 AM EDT","3/7/2018 11:05:10 AM EDT","3/7/2018 11:03:30 AM EDT","zim5720@yahoo.com"
"Please DocuSign your UPCIC insurance documents.-(561)702-5387| 00150577 | LR","Completed","Adam Zimmer","Completed","3/7/2018 10:49:06 AM EDT","3/7/2018 11:05:10 AM EDT","3/7/2018 11:04:03 AM EDT","3/7/2018 11:05:10 AM EDT","3/7/2018 11:05:10 AM EDT","zim5720@yahoo.com"
"Please DocuSign your Aspen insurance documents.-(561)891-7292| 00729447 | SB DR","Completed","Anderson Jean-Pierre","Completed","3/7/2018 10:35:13 AM EDT","3/7/2018 11:19:24 AM EDT","3/7/2018 10:38:24 AM EDT","3/7/2018 11:19:24 AM EDT","3/7/2018 11:19:24 AM EDT","Juneandrew82@gmail.com"
"Please DocuSign your Geovera insurance documents.-(239)438-6651| 00603172 | SR DR","Completed","ANGELA SCHULTHEISS","Completed","3/7/2018 10:23:56 AM EDT","3/10/2018 9:03:56 AM EDT","3/8/2018 1:02:27 PM EDT","3/10/2018 9:03:56 AM EDT","3/10/2018 9:03:56 AM EDT","angie1fl@aol.com"
"Please DocuSign your home insurance documents.-(939)640-1847| 00729429 | LL DR","Completed","Joel Bonilla","Completed","3/7/2018 10:09:19 AM EDT","3/7/2018 2:49:28 PM EDT","3/7/2018 10:17:10 AM EDT","3/7/2018 2:49:28 PM EDT","3/7/2018 2:49:28 PM EDT","joel.bonilla19@gmail.com"
"Please DocuSign your Allrisks insurance documents.-(813)992-9972| 00729416 | LL DR","Delivered","Robert Broadwater","Delivered","3/7/2018 10:01:40 AM EDT","","3/8/2018 10:35:28 AM EDT","","","rbworkmail@gmail.com"
"Please DocuSign your Allrisks insurance documents.-(941)266-2858| 00729397 LL CC","Completed","Joanne Lindsay","Completed","3/7/2018 9:50:32 AM EDT","3/7/2018 4:21:42 PM EDT","3/7/2018 4:11:22 PM EDT","3/7/2018 4:21:42 PM EDT","3/7/2018 4:21:42 PM EDT","mirage28531@gmail.com"
"Please DocuSign this agent of record form.-(352)263-7301| 00729389 |DB CC","Completed","Faith LaCourse","Completed","3/7/2018 9:45:49 AM EDT","3/13/2018 12:55:32 PM EDT","3/7/2018 11:45:06 AM EDT","3/13/2018 12:55:32 PM EDT","3/13/2018 12:55:32 PM EDT","flacourse54@gmail.com"
"corrected: Please DocuSign your Allrisks insurance documents.- (770)866-6409| 00729690 | LR MANNY BB","Completed","Naomi McKinney","Completed","3/7/2018 9:36:52 AM EDT","3/12/2018 11:29:37 AM EDT","3/9/2018 8:16:48 AM EDT","3/12/2018 11:29:37 AM EDT","3/12/2018 11:29:37 AM EDT","Waynecampbell7510@gmail.com"
"Please DocuSign your UPC insurance documents.-(813)418-0708| 00729551 | LR","Completed","Chelsey Bender","Completed","3/7/2018 9:27:28 AM EDT","3/7/2018 9:46:39 AM EDT","3/7/2018 9:40:49 AM EDT","3/7/2018 9:46:39 AM EDT","3/7/2018 9:46:39 AM EDT","Chels91807@gmail.com"
"Please DocuSign your Velocity Risk insurance documents.-(561)441-9932| 00729509 | SB","Completed","ROBERT ESTELL","Completed","3/7/2018 9:05:17 AM EDT","3/7/2018 9:11:32 AM EDT","3/7/2018 9:10:47 AM EDT","3/7/2018 9:11:32 AM EDT","3/7/2018 9:11:32 AM EDT","rob@1examprep.com"
"Please DocuSign your Bass  insurance documents.-(813)323-7441| 00729361 | AG JK","Completed","Donald York","Completed","3/7/2018 8:39:45 AM EDT","3/8/2018 3:44:14 PM EDT","3/7/2018 9:16:17 AM EDT","3/8/2018 3:44:14 PM EDT","3/8/2018 3:44:14 PM EDT","donaldyork33556@gmail.com"
"Please DocuSign this policy change request.-(561)714-3393 | 00559727 |LL","Completed","Nancy Webster","Completed","3/6/2018 5:06:15 PM EDT","3/6/2018 8:45:34 PM EDT","3/6/2018 8:44:37 PM EDT","3/6/2018 8:45:34 PM EDT","3/6/2018 8:45:34 PM EDT","srw6@bellsouth.net"
"Please DocuSign your Allrisks insurance documents.-(305)305-9003| 00729542 | AG BB","Completed","Blas Montezano","Completed","3/6/2018 4:57:03 PM EDT","3/6/2018 5:16:50 PM EDT","3/6/2018 5:09:24 PM EDT","3/6/2018 5:16:50 PM EDT","3/6/2018 5:16:50 PM EDT","montezano28@aol.com"
"Please DocuSign Skipjack Premium Finance form.-(207)230-4352| 00723434 |  Manny C.","Completed","Boucher Juliann","Completed","3/6/2018 4:40:08 PM EDT","3/9/2018 6:01:52 PM EDT","3/7/2018 5:09:57 AM EDT","3/9/2018 6:01:52 PM EDT","3/9/2018 6:01:52 PM EDT","indianwoman2003@yahoo.com"
"Please DocuSign your Olympus insurance documents.- pc#OIC30018412-00 (917)687-5940| 00249750 | PR","Completed","Michael Scrobe","Completed","3/6/2018 4:19:48 PM EDT","3/8/2018 10:40:06 AM EDT","3/8/2018 10:31:52 AM EDT","3/8/2018 10:40:06 AM EDT","3/8/2018 10:40:06 AM EDT","tufmike2@aol.com"
"Please DocuSign: NVH-0003508 Inspection Letter.561)714-1739 | 00668589 | LR","Sent","Bridgette  Norfus","Sent","3/6/2018 4:01:13 PM EDT","","","","","norfus.bridgette@gmail.com"
"Please DocuSign your AllRik, Geovera & ASI insurance documents.-(305)380-7767 | 00650999 | SR LR","Sent","Norberto Barrios","Sent","3/6/2018 3:53:46 PM EDT","","","","","Susanab123@yahoo.com"
"Please DocuSign: CLH-0007642 inspection letter (727)741-3879| 00718893 | LR","Completed","Moran, John","Completed","3/6/2018 3:50:06 PM EDT","3/8/2018 7:34:34 AM EDT","3/8/2018 7:33:12 AM EDT","3/8/2018 7:34:34 AM EDT","3/8/2018 7:34:34 AM EDT","johntmoran6@gmail.com"
"Please DocuSign this policy change request.-(954)651-5028| 00616707 | SB","Completed","Bettina Cox","Completed","3/6/2018 3:36:47 PM EDT","3/11/2018 11:36:09 AM EDT","3/11/2018 11:33:16 AM EDT","3/11/2018 11:36:09 AM EDT","3/11/2018 11:36:09 AM EDT","bettinacox510@yahoo.com"
"Please sign test","Completed","linda","Completed","3/6/2018 3:08:31 PM EDT","3/6/2018 3:09:43 PM EDT","3/6/2018 3:08:43 PM EDT","3/6/2018 3:09:43 PM EDT","3/6/2018 3:09:43 PM EDT","linda.lasso@brightway.com"
"Please sign test","Completed","Chris","Completed","3/6/2018 3:04:55 PM EDT","3/6/2018 3:05:35 PM EDT","3/6/2018 3:05:18 PM EDT","3/6/2018 3:05:35 PM EDT","3/6/2018 3:05:35 PM EDT","chris.cole@brightway.com"
"Please DocuSig Bulldog Premium Finance form.-(239)674-9544 | 00724704 | Manny","Completed","Kerry Clinton","Completed","3/6/2018 2:45:32 PM EDT","3/6/2018 2:46:10 PM EDT","3/6/2018 2:45:41 PM EDT","3/6/2018 2:46:10 PM EDT","3/6/2018 2:46:10 PM EDT","kerry.clinton@brightway.com"
"Please DocuSig Bulldog Premium Finance form.-TEST","Voided","Kerry Clinton","Delivered","3/6/2018 2:33:18 PM EDT","","3/6/2018 2:33:29 PM EDT","3/6/2018 2:34:40 PM EDT","","kerry.clinton@brightway.com"
"Please DocuSign your UPCIC insurance documents.-(512)771-3722 | 00729279 | LR","Completed","Michael Donohue","Completed","3/6/2018 2:27:17 PM EDT","3/6/2018 2:52:56 PM EDT","3/6/2018 2:49:34 PM EDT","3/6/2018 2:52:56 PM EDT","3/6/2018 2:52:56 PM EDT","mbdonohue@yahoo.com"
"Please DocuSign your home BASS insurance documents.-(407)923-2676| 00688715 | AG JK","Completed","Mary Maratta","Completed","3/6/2018 1:56:02 PM EDT","3/9/2018 11:36:52 AM EDT","3/6/2018 3:44:26 PM EDT","3/9/2018 11:36:52 AM EDT","3/9/2018 11:36:52 AM EDT","MMARATTA23@GMAIL.COM"
"Please DocuSign your Bass  insurance documents.-(863)327-5113 | 00729210 | AG JK","Completed","Judy J Vegter","Completed","3/6/2018 1:31:10 PM EDT","3/6/2018 8:15:51 PM EDT","3/6/2018 8:11:51 PM EDT","3/6/2018 8:15:51 PM EDT","3/6/2018 8:15:51 PM EDT","sunchaser11-5@hotmail.com"
"Please DocuSign your Velocity Risk insurance documents.-(516)935-5484| 00729172 | LR","Completed","Thomas Murphy","Completed","3/6/2018 12:47:49 PM EDT","3/6/2018 1:35:49 PM EDT","3/6/2018 1:32:08 PM EDT","3/6/2018 3:01:48 PM EDT","3/6/2018 1:35:49 PM EDT","tjm339@gmail.com"
"Please DocuSign your Velocity Risk insurance documents.-(516)935-5484| 00729172 | LR","Completed","Roberta Murphy","Completed","3/6/2018 12:47:49 PM EDT","3/6/2018 3:01:48 PM EDT","3/6/2018 1:23:58 PM EDT","3/6/2018 3:01:48 PM EDT","3/6/2018 3:01:48 PM EDT","tjm339@gmail.com"
"Please DocuSign your Tower Hill insurance documents.-(352)254-0307| 00729384 | LR","Completed","Jordan Wedell","Completed","3/6/2018 12:08:50 PM EDT","3/6/2018 7:36:19 PM EDT","3/6/2018 7:34:24 PM EDT","3/6/2018 7:36:19 PM EDT","3/6/2018 7:36:19 PM EDT","jordan.wedell92@gmail.com"
"Please DocuSign your UPCIC insurance documents.-(727)269-8147| 00729333 | LR","Sent","Amy Runkle","Sent","3/6/2018 11:56:37 AM EDT","","","","","Todd_runkle@yahoo.com"
"Please DocuSign your UPCIC insurance documents.-(727)269-8147| 00729333 | LR","Sent","Todd Runkle","Completed","3/6/2018 11:56:37 AM EDT","3/8/2018 7:47:19 AM EDT","3/8/2018 7:44:28 AM EDT","","3/8/2018 7:47:19 AM EDT","Todd_runkle@yahoo.com"
"Please DocuSign Cancellation request form.-(305)609-6519| 00445319 |  MO","Completed","Kirk P Dunlop","Completed","3/6/2018 11:23:54 AM EDT","3/7/2018 10:19:26 AM EDT","3/7/2018 10:18:55 AM EDT","3/7/2018 10:19:26 AM EDT","3/7/2018 10:19:26 AM EDT","KDUNLOP464@GMAIL.COM"
"corrected:Please DocuSign Cancellation request form.-(410)608-4053| 00201248 | MO","Completed","Debra, Jackson","Completed","3/6/2018 10:47:57 AM EDT","3/6/2018 4:38:48 PM EDT","3/6/2018 10:51:25 AM EDT","3/6/2018 4:38:48 PM EDT","3/6/2018 4:38:48 PM EDT","dcjackson919@gmail.com"
"Please DocuSign no loss form.--(954)290-8866| 00320892 |MO","Completed","Veronica Caselli","Completed","3/6/2018 10:14:18 AM EDT","3/6/2018 4:07:03 PM EDT","3/6/2018 4:06:57 PM EDT","3/6/2018 4:07:33 PM EDT","3/6/2018 4:07:03 PM EDT","Fishbolo@aol.com"
"Please DocuSign no loss form.--(954)290-8866| 00320892 |MO","Completed","John Caselli","Completed","3/6/2018 10:14:18 AM EDT","3/6/2018 4:07:33 PM EDT","3/6/2018 4:07:25 PM EDT","3/6/2018 4:07:33 PM EDT","3/6/2018 4:07:33 PM EDT","Fishbolo@aol.com"
"Please DocuSign Cancellation request form.-(786)532-5991| 00728886 | MO","Sent","ISABEL GELAZ","Sent","3/6/2018 10:06:08 AM EDT","","","","","ipgelaz@yahoo.com"
"Please DocuSign Cancellation request form.-(786)532-5991| 00728886 | MO","Sent","PEDRO M GELZ","Sent","3/6/2018 10:06:08 AM EDT","","","","","ipgelaz@yahoo.com"
"Please DocuSign your Olympus insurance documents.-(305)710-1951| 00442504 | SB","Completed","Ruben Oliveras","Completed","3/6/2018 9:54:05 AM EDT","3/8/2018 6:02:29 AM EDT","3/8/2018 6:01:48 AM EDT","3/8/2018 2:29:14 PM EDT","3/8/2018 6:02:29 AM EDT","dplappraisals@gmail.com"
"Please DocuSign your Olympus insurance documents.-(305)710-1951| 00442504 | SB","Completed","Rosanne Oliveras- Lopez","Completed","3/6/2018 9:54:05 AM EDT","3/8/2018 2:29:14 PM EDT","3/8/2018 2:25:17 PM EDT","3/8/2018 2:29:14 PM EDT","3/8/2018 2:29:14 PM EDT","dplappraisals@gmail.com"
"Please DocuSign your UPCIC insurance documents.-(561)386-9612| 00102488 | LR","Completed","CARMAN VARE-VERNACHIO","Completed","3/6/2018 9:35:09 AM EDT","3/6/2018 4:16:26 PM EDT","3/6/2018 2:58:17 PM EDT","3/7/2018 12:34:33 PM EDT","3/6/2018 4:16:26 PM EDT","CVare@pbcgov.org"
"Please DocuSign your UPCIC insurance documents.-(561)386-9612| 00102488 | LR","Completed","ULRIKE VARE-VERNACHIO","Completed","3/6/2018 9:35:09 AM EDT","3/7/2018 12:34:33 PM EDT","3/6/2018 10:43:11 AM EDT","3/7/2018 12:34:33 PM EDT","3/7/2018 12:34:33 PM EDT","CVare@pbcgov.org"
"Please DocuSign your Allrisks insurance documents.-(954)394-0966| 00729250 | AG MD MO","Completed","Parajon, Zonia V","Completed","3/6/2018 9:13:14 AM EDT","3/6/2018 10:14:25 AM EDT","3/6/2018 10:09:18 AM EDT","3/6/2018 10:14:25 AM EDT","3/6/2018 10:14:25 AM EDT","parajonm@yahoo.com"
"Please DocuSign your UPCIC insurance documents.-(323)610-6179| 00729206 | SB","Completed","Issa Smith","Completed","3/6/2018 8:53:45 AM EDT","3/6/2018 12:03:21 PM EDT","3/6/2018 12:01:45 PM EDT","3/6/2018 12:03:21 PM EDT","3/6/2018 12:03:21 PM EDT","5ivestargen@gmail.com"
"Please DocuSign your allrisks  insurance documents.-(561)508-1108| 00729185 | AG HH","Completed","Luis Sarti","Completed","3/5/2018 5:25:59 PM EDT","3/7/2018 12:41:53 PM EDT","3/6/2018 4:42:54 PM EDT","3/7/2018 12:41:53 PM EDT","3/7/2018 12:41:53 PM EDT","chefasarti@yahoo.com"
"Please DocuSign your SeaCoast  insurance documents.-(561)469-9880| 00724228 | SB JK","Voided","Rashida Tariq","Sent","3/5/2018 5:15:19 PM EDT","","","3/13/2018 1:35:57 AM EDT","","lakeworthautotech1@yahoo.com"
"Please DocuSign your SeaCoast  insurance documents.-(561)469-9880| 00724228 | SB","Voided","Rashida Tariq","Sent","3/5/2018 5:03:02 PM EDT","","","3/7/2018 9:14:06 AM EDT","","lakeworthautotech1@yahoo.com"
"Please DocuSign your TH insurance documents.-(201)965-2295| 00729054 |LR","Completed","Joanne Oltmanns","Completed","3/5/2018 4:59:12 PM EDT","3/8/2018 7:53:31 PM EDT","3/8/2018 7:51:36 PM EDT","3/8/2018 7:53:31 PM EDT","3/8/2018 7:53:31 PM EDT","joltmanns@optonline.net"
"Please DocuSign your UPC insurance documents.-(404)518-4129| 00729238 |LR","Completed","Omar Vargas","Completed","3/5/2018 4:53:25 PM EDT","3/7/2018 9:31:05 AM EDT","3/5/2018 8:20:03 PM EDT","3/7/2018 9:31:05 AM EDT","3/7/2018 9:31:05 AM EDT","russell.kurland@hotmail.com"
"Please DocuSign your UPCIC insurance documents.-(386)405-3956 | 00729156 | LR","Completed","Marjory Ackley","Completed","3/5/2018 4:53:10 PM EDT","3/5/2018 5:04:35 PM EDT","3/5/2018 4:59:18 PM EDT","3/5/2018 5:04:35 PM EDT","3/5/2018 5:04:35 PM EDT","mackley1970@gmail.com"
"NEW: Please DocuSign your AllRisk insurance documents.-(401)374-7826 | 00713437 | AG","Completed","David Genest","Completed","3/5/2018 4:49:05 PM EDT","3/5/2018 8:07:54 PM EDT","3/5/2018 8:05:48 PM EDT","3/5/2018 8:07:54 PM EDT","3/5/2018 8:07:54 PM EDT","dagen84@gmail.com"
"Please DocuSign your CP insurance documents.-(386)753-5192 | 00726848 | LR","Voided","Louise Summerall","Sent","3/5/2018 4:45:10 PM EDT","","","3/13/2018 1:34:31 AM EDT","","louisesummerall1947@gmail.com"
"Please DocuSign your Velocity insurance documents.-(305)609-6519 | 00445319 | LR","Completed","Judith Dunlop","Completed","3/5/2018 4:44:57 PM EDT","3/7/2018 10:17:15 AM EDT","3/7/2018 10:15:42 AM EDT","3/7/2018 10:22:35 AM EDT","3/7/2018 10:17:15 AM EDT","Kdunlop464@gmail.com"
"Please DocuSign your Velocity insurance documents.-(305)609-6519 | 00445319 | LR","Completed","Kirk P Dunlop","Completed","3/5/2018 4:44:57 PM EDT","3/7/2018 10:22:35 AM EDT","3/7/2018 10:21:22 AM EDT","3/7/2018 10:22:35 AM EDT","3/7/2018 10:22:35 AM EDT","Kdunlop464@gmail.com"
"corrected: Please DocuSign this agent of record form.-(954)720-6976 | 00722595 | LR","Voided","JACQUELINE CASSIO","Sent","3/5/2018 4:41:59 PM EDT","","","3/13/2018 1:35:55 AM EDT","","jacknskip@att.net"
"corrected: Please DocuSign this agent of record form.-(954)720-6976 | 00722595 | LR","Voided","JOSEPH CASSIO","Sent","3/5/2018 4:41:59 PM EDT","","","3/13/2018 1:35:55 AM EDT","","jacknskip@att.net"
"Please DocuSign this policy change request.-(973)543-6250 | 00443676 |LL","Completed","Rudy Valli","Completed","3/5/2018 4:34:09 PM EDT","3/5/2018 5:29:19 PM EDT","3/5/2018 5:28:27 PM EDT","3/5/2018 5:29:19 PM EDT","3/5/2018 5:29:19 PM EDT","rvalli@valmarassociates.com"
"Please DocuSign your UPC insurance documents.-(561)860-7637| 00725570 | LR","Voided","Jason Litt","Sent","3/5/2018 4:33:12 PM EDT","","","3/13/2018 1:34:12 AM EDT","","jscoderre@aol.com"
"Please DocuSign your Foremost insurance documents.-pc#not assigned yet Phn#561-255-0563Manny","Voided","TONI THOMAS","Sent","3/5/2018 3:59:37 PM EDT","","","3/13/2018 1:34:39 AM EDT","","tonithomas390@yahoo.com"
"Please DocuSign your Prepared & Vertus insurance documents.-(410)608-4053| 00201248 | LR","Completed","Debra Jackson","Completed","3/5/2018 3:36:24 PM EDT","3/5/2018 4:47:08 PM EDT","3/5/2018 4:30:32 PM EDT","3/5/2018 4:47:08 PM EDT","3/5/2018 4:47:08 PM EDT","dcjackson919@gmail.com"
"Please DocuSign your Seacoast insurance documents.-(786)317-9244| 00708855 |LR","Completed","HEAVEN DESIR","Completed","3/5/2018 3:26:41 PM EDT","3/7/2018 3:57:26 AM EDT","3/7/2018 3:56:54 AM EDT","3/7/2018 3:57:26 AM EDT","3/7/2018 3:57:26 AM EDT","HEAVENDESIR@ICLOUD.COM"
"Please DocuSign your AllRisk, Geovera & Vertus insurance documents.-(305)248-2142 | 00728904 | AG","Completed","August Silva","Completed","3/5/2018 3:21:23 PM EDT","3/5/2018 3:50:00 PM EDT","3/5/2018 3:39:23 PM EDT","3/5/2018 3:50:00 PM EDT","3/5/2018 3:50:00 PM EDT","asilv4119@outlook.com"
"Please DocuSign your TH insurance documents.-(561)330-9898| 00709004 |SB","Completed","James Wardlow","Completed","3/5/2018 3:07:23 PM EDT","3/5/2018 5:59:39 PM EDT","3/5/2018 5:52:33 PM EDT","3/5/2018 5:59:39 PM EDT","3/5/2018 5:59:39 PM EDT","wardlowjames@yahoo.com"
"Please DocuSign your Allrisk insurance documents.-(727)310-9523 | 00726406 |SR","Completed","Herbert Minor","Completed","3/5/2018 2:59:23 PM EDT","3/5/2018 3:46:20 PM EDT","3/5/2018 3:44:56 PM EDT","3/5/2018 3:46:20 PM EDT","3/5/2018 3:46:20 PM EDT","herbandcora@gmail.com"
"Please DocuSign your Allrisks insurance documents.-(305)233-3412 | 00729137 | AG BB","Completed","Santerre, Kenneth","Completed","3/5/2018 2:52:15 PM EDT","3/5/2018 3:56:48 PM EDT","3/5/2018 3:38:23 PM EDT","3/5/2018 3:56:48 PM EDT","3/5/2018 3:56:48 PM EDT","kjsanterre@aol.com"
"Please DocuSign your AllRisk insurance documents.-(786)246-3876| 00728899 |LR","Completed","Yuniet Guerrero","Completed","3/5/2018 2:49:28 PM EDT","3/5/2018 11:12:31 PM EDT","3/5/2018 11:04:32 PM EDT","3/7/2018 10:51:44 PM EDT","3/5/2018 11:12:31 PM EDT","mshauling.fl@gmail.com"
"Please DocuSign your AllRisk insurance documents.-(786)246-3876| 00728899 |LR","Completed","Tania R Huet","Completed","3/5/2018 2:49:28 PM EDT","3/7/2018 10:51:44 PM EDT","3/5/2018 11:01:59 PM EDT","3/7/2018 10:51:44 PM EDT","3/7/2018 10:51:44 PM EDT","mshauling.fl@gmail.com"
"Please DocuSign your UPCIC insurance documents.-(786)226-7156| 00728883 | LR","Completed","Judith Cooper","Completed","3/5/2018 2:34:45 PM EDT","3/7/2018 10:36:35 AM EDT","3/7/2018 10:27:42 AM EDT","3/7/2018 10:36:35 AM EDT","3/7/2018 10:36:35 AM EDT","judie.cooper@gmx.com"
"Please DocuSign Cancellation request form.-(908)377-7128 | 00476667 | MO","Completed","CARNOT-WISNOWSKI, LORI","Completed","3/5/2018 2:33:25 PM EDT","3/5/2018 7:34:52 PM EDT","3/5/2018 7:33:45 PM EDT","3/5/2018 7:36:43 PM EDT","3/5/2018 7:34:52 PM EDT","loribethcarnot@gmail.com"
"Please DocuSign Cancellation request form.-(908)377-7128 | 00476667 | MO","Completed","Joshua Wisnowski","Completed","3/5/2018 2:33:25 PM EDT","3/5/2018 7:36:43 PM EDT","3/5/2018 7:35:55 PM EDT","3/5/2018 7:36:43 PM EDT","3/5/2018 7:36:43 PM EDT","loribethcarnot@gmail.com"
"Please DocuSign your Cap pre insurance documents.-(609)751-4849 | 00728877 | SB","Completed","Isaac Brown","Completed","3/5/2018 2:24:44 PM EDT","3/7/2018 11:25:37 AM EDT","3/6/2018 8:14:14 AM EDT","3/7/2018 11:25:37 AM EDT","3/7/2018 11:25:37 AM EDT","Zackc62@comcast.net"
"Please DocuSign your AllRisk insurance documents.-(321)773-2948 | 00728836 |AG MD","Voided","Deborah Johnson","Sent","3/5/2018 2:20:14 PM EDT","","","3/8/2018 10:33:38 PM EDT","","SATELLITEDEB9@YAHOO.COM"
"Please DocuSign your UPC insurance documents.-(561)718-8283 | 00728712 | SB","Completed","GENE GIBSON","Completed","3/5/2018 1:44:55 PM EDT","3/6/2018 2:07:31 PM EDT","3/6/2018 2:00:42 PM EDT","3/6/2018 2:07:31 PM EDT","3/6/2018 2:07:31 PM EDT","Gene.j.gibson@uscg.mil"
"Please DocuSign your Cabrillo insurance documents.-(631)742-8622(631)742-8622 AG","Completed","Susan Wade","Completed","3/5/2018 1:40:19 PM EDT","3/6/2018 8:46:08 AM EDT","3/5/2018 6:22:55 PM EDT","3/6/2018 8:46:08 AM EDT","3/6/2018 8:46:08 AM EDT","susanwade220@gmail.com"
"Please sign your written complience form JK","Completed","Mary Maratta","Completed","3/5/2018 1:32:04 PM EDT","3/5/2018 3:20:37 PM EDT","3/5/2018 3:10:20 PM EDT","3/5/2018 3:20:37 PM EDT","3/5/2018 3:20:37 PM EDT","mmaratta23@gmail.com"
"NEW: Please DocuSign your UPC insurance documents.-(904)553-7588 | 00712925 | LR","Completed","SARAH SAMMANTHA LAMFERS","Completed","3/5/2018 1:28:22 PM EDT","3/5/2018 3:12:26 PM EDT","3/5/2018 3:12:11 PM EDT","3/7/2018 5:53:05 AM EDT","3/5/2018 3:12:26 PM EDT","rabindranath13@gmail.com"
"NEW: Please DocuSign your UPC insurance documents.-(904)553-7588 | 00712925 | LR","Completed","ARDELLE JAMES LAMFERS","Completed","3/5/2018 1:28:22 PM EDT","3/7/2018 5:53:05 AM EDT","3/7/2018 5:52:49 AM EDT","3/7/2018 5:53:05 AM EDT","3/7/2018 5:53:05 AM EDT","rabindranath13@gmail.com"
"New:Please DocuSign your Geovera insurance documents.-(813)373-9088 | 00727772 | AG DR","Completed","William Workman","Completed","3/5/2018 1:17:09 PM EDT","3/5/2018 1:18:32 PM EDT","3/5/2018 1:18:02 PM EDT","3/5/2018 1:18:32 PM EDT","3/5/2018 1:18:32 PM EDT","surfwtw@gmail.com"
"Please DocuSign your Allrisk insurance documents.-(786)525-1077 | 00728972 | AG BB","Completed","Akeels Blyden","Completed","3/5/2018 12:58:08 PM EDT","3/5/2018 1:49:16 PM EDT","3/5/2018 1:46:38 PM EDT","3/5/2018 1:49:16 PM EDT","3/5/2018 1:49:16 PM EDT","empress053102@gmail.com"
"Please DocuSign your florida specialtyinsurance documents.-(404)379-9713| 00728790 | LR","Completed","Noemia Santos","Completed","3/5/2018 12:45:55 PM EDT","3/6/2018 3:04:47 PM EDT","3/6/2018 3:01:45 PM EDT","3/9/2018 8:49:25 AM EDT","3/6/2018 3:04:47 PM EDT","fnjrojas@live.com"
"Please DocuSign your florida specialtyinsurance documents.-(404)379-9713| 00728790 | LR","Completed","Frank Rojas","Completed","3/5/2018 12:45:55 PM EDT","3/9/2018 8:49:25 AM EDT","3/9/2018 8:45:05 AM EDT","3/9/2018 8:49:25 AM EDT","3/9/2018 8:49:25 AM EDT","fnjrojas@live.com"
"Please DocuSign your Allrisk insurance documents.-(786)532-5991 | 00728886 | SR BB","Completed","Pedro Gelaz","Completed","3/5/2018 12:37:18 PM EDT","3/5/2018 1:39:11 PM EDT","3/5/2018 1:35:22 PM EDT","3/5/2018 1:39:11 PM EDT","3/5/2018 1:39:11 PM EDT","ipgelaz@yahoo.com"
"Please DocuSign your Tower Hill insurance documents.-no phone| 00721413 | SB","Voided","Seymond Pierrelouis","Sent","3/5/2018 12:27:01 PM EDT","","","3/13/2018 1:33:36 AM EDT","","babymarsha@yahoo.com"
"Please DocuSign your Tower Hill insurance documents.-no phone| 00721413 | SB","Voided","Marsha Elme","Sent","3/5/2018 12:27:01 PM EDT","","","3/13/2018 1:33:36 AM EDT","","babymarsha@yahoo.com"
"Please DocuSign Cancellation request form.-.-(954)429-1773 | 00723174 |SR MO","Voided","Ermin Dammetis","Delivered","3/5/2018 11:29:25 AM EDT","","3/5/2018 3:10:48 PM EDT","3/5/2018 3:47:42 PM EDT","","barbie44@bellsouth.net"
"Please DocuSign your AllRisk insurance documents.-phn#305-251-6593qt#3326927 SR DR","Voided","Tim Watson","Sent","3/5/2018 11:17:50 AM EDT","","","3/13/2018 1:34:18 AM EDT","","tkckwatson@comcast.net"
"Please DocuSign Cancellation request form.-(727)647-7149| 00579111 | MO","Completed","Cheryl Pinto","Completed","3/5/2018 11:09:36 AM EDT","3/5/2018 6:31:59 PM EDT","3/5/2018 6:31:28 PM EDT","3/5/2018 6:32:55 PM EDT","3/5/2018 6:31:59 PM EDT","vap123@tampabay.rr.com"
"Please DocuSign Cancellation request form.-(727)647-7149| 00579111 | MO","Completed","Ventura Pinto","Completed","3/5/2018 11:09:36 AM EDT","3/5/2018 6:32:55 PM EDT","3/5/2018 6:32:39 PM EDT","3/5/2018 6:32:55 PM EDT","3/5/2018 6:32:55 PM EDT","vap123@tampabay.rr.com"
"Please DocuSign Cancellation request form.-(603)387-7770| 00728064 | MO","Completed","PHYLLIS WHITNEY","Completed","3/5/2018 10:58:24 AM EDT","3/5/2018 12:54:15 PM EDT","3/5/2018 11:38:58 AM EDT","3/5/2018 12:56:13 PM EDT","3/5/2018 12:54:15 PM EDT","pwhitney09@gmail.com"
"Please DocuSign Cancellation request form.-(603)387-7770| 00728064 | MO","Completed","Paul Whitney","Completed","3/5/2018 10:58:24 AM EDT","3/5/2018 12:56:13 PM EDT","3/5/2018 11:47:30 AM EDT","3/5/2018 12:56:13 PM EDT","3/5/2018 12:56:13 PM EDT","pwhitney09@gmail.com"
"Please DocuSign Cancellation request form.-(727)492-4725 | 00728186 | MO","Completed","JEAN W GREENLEAF","Completed","3/5/2018 10:45:58 AM EDT","3/5/2018 12:33:31 PM EDT","3/5/2018 12:32:09 PM EDT","3/5/2018 12:35:53 PM EDT","3/5/2018 12:33:31 PM EDT","greenleafjb@yahoo.com"
"Please DocuSign Cancellation request form.-(727)492-4725 | 00728186 | MO","Completed","ROBERT A GREENLEAF","Completed","3/5/2018 10:45:58 AM EDT","3/5/2018 12:35:53 PM EDT","3/5/2018 12:34:38 PM EDT","3/5/2018 12:35:53 PM EDT","3/5/2018 12:35:53 PM EDT","greenleafjb@yahoo.com"
"Please DocuSign your allrisks insurance documents. -(352)343-0311 | 00728802 | AG Kory  MO","Completed","Theodore Heilesen","Completed","3/5/2018 10:38:44 AM EDT","3/6/2018 11:06:41 AM EDT","3/6/2018 10:19:11 AM EDT","3/6/2018 11:10:08 AM EDT","3/6/2018 11:06:41 AM EDT","tcandla@yahoo.com"
"Please DocuSign your allrisks insurance documents. -(352)343-0311 | 00728802 | AG Kory  MO","Completed","Lottie Anne Heilesen","Completed","3/5/2018 10:38:44 AM EDT","3/6/2018 11:10:08 AM EDT","3/6/2018 10:46:50 AM EDT","3/6/2018 11:10:08 AM EDT","3/6/2018 11:10:08 AM EDT","tcandla@yahoo.com"
"Please DocuSign Cancellation request form.-(561)889-4342 | 00728342 | MO","Completed","Marvine Dessalines","Completed","3/5/2018 10:30:22 AM EDT","3/8/2018 12:44:29 PM EDT","3/8/2018 12:44:15 PM EDT","3/8/2018 12:44:29 PM EDT","3/8/2018 12:44:29 PM EDT","MARVINEDESSALINES@YAHOO.COM"
"Please DocuSign Cancellation request form.-(754)302-8344| 00724345 | MO","Completed","Kimberly McDonald","Completed","3/5/2018 10:10:30 AM EDT","3/5/2018 12:08:50 PM EDT","3/5/2018 10:36:32 AM EDT","3/5/2018 12:08:50 PM EDT","3/5/2018 12:08:50 PM EDT","kmcdo005@fiu.edu"
"Please DocuSign Cancellation request form.-(305)842-1608| 00718692 | MO","Completed","Ana Wigand P. Rodrigues","Completed","3/5/2018 9:35:28 AM EDT","3/5/2018 10:00:06 AM EDT","3/5/2018 9:59:18 AM EDT","3/5/2018 10:00:45 AM EDT","3/5/2018 10:00:06 AM EDT","Baron.becker@gmail.com"
"Please DocuSign Cancellation request form.-(305)842-1608| 00718692 | MO","Completed","Baron Becker","Completed","3/5/2018 9:35:28 AM EDT","3/5/2018 10:00:45 AM EDT","3/5/2018 10:00:34 AM EDT","3/5/2018 10:00:45 AM EDT","3/5/2018 10:00:45 AM EDT","Baron.becker@gmail.com"
"Missing initials :Please DocuSign your UPCIC insurance documents.- (561)207-1222| 00728326 | AG","Completed","Valer Devuyst","Completed","3/5/2018 9:24:40 AM EDT","3/7/2018 4:03:29 PM EDT","3/7/2018 4:01:49 PM EDT","3/7/2018 4:03:29 PM EDT","3/7/2018 4:03:29 PM EDT","depd35@yahoo.com"
"Please DocuSig Bulldog Premium Finance form.-(239)674-9544 | 00724704 | Manny","Completed","Peter Dubeau","Completed","3/5/2018 9:05:31 AM EDT","3/5/2018 5:09:15 PM EDT","3/5/2018 5:01:40 PM EDT","3/5/2018 5:09:15 PM EDT","3/5/2018 5:09:15 PM EDT","petdub@hotmail.com"
"Please DocuSign your Safeco insurance documents.-(908)377-7128| 00476667 | LL","Completed","Joshua Wisnowski","Completed","3/2/2018 6:00:49 PM EDT","3/3/2018 10:36:40 AM EDT","3/2/2018 11:38:49 PM EDT","3/3/2018 10:36:40 AM EDT","3/3/2018 10:36:40 AM EDT","loribethcarnot@gmail.com"
"Please DocuSign your CPIC insurance documents.-(469)831-7534 | 00728506 | LR MO","Completed","Kenneth Mayon","Completed","3/2/2018 5:50:54 PM EDT","3/2/2018 7:39:26 PM EDT","3/2/2018 7:38:32 PM EDT","3/2/2018 7:43:30 PM EDT","3/2/2018 7:39:26 PM EDT","Kmayon72@yahoo.com"
"Please DocuSign your CPIC insurance documents.-(469)831-7534 | 00728506 | LR MO","Completed","KARI M MAYON","Completed","3/2/2018 5:50:54 PM EDT","3/2/2018 7:43:30 PM EDT","3/2/2018 7:42:52 PM EDT","3/2/2018 7:43:30 PM EDT","3/2/2018 7:43:30 PM EDT","Kmayon72@yahoo.com"
"Please DocuSign your AllRisk insurance documents SR","Delivered","suei yeun lien","Delivered","3/2/2018 5:31:31 PM EDT","","3/5/2018 7:30:30 PM EDT","","","edosushi@yahoo.com"
"Please DocuSign Cancellation request form.-(702)281-2941 | 00706248 |MO","Completed","Evelyne Butler","Completed","3/2/2018 5:22:39 PM EDT","3/4/2018 11:46:08 AM EDT","3/4/2018 11:45:27 AM EDT","3/4/2018 11:47:01 AM EDT","3/4/2018 11:46:08 AM EDT","vhguillemette@gmail.com"
"Please DocuSign Cancellation request form.-(702)281-2941 | 00706248 |MO","Completed","Virginie Dalby","Completed","3/2/2018 5:22:39 PM EDT","3/4/2018 11:47:01 AM EDT","3/4/2018 11:46:41 AM EDT","3/4/2018 11:47:01 AM EDT","3/4/2018 11:47:01 AM EDT","vhguillemette@gmail.com"
"Please DocuSign Cancellation request form.-(561)309-1364 | 00280147 | MO","Completed","Bryan Janney","Completed","3/2/2018 5:16:57 PM EDT","3/2/2018 5:38:04 PM EDT","3/2/2018 5:34:57 PM EDT","3/2/2018 5:39:19 PM EDT","3/2/2018 5:38:04 PM EDT","janneyb@bellsouth.net"
"Please DocuSign Cancellation request form.-(561)309-1364 | 00280147 | MO","Completed","Randy Green","Completed","3/2/2018 5:16:57 PM EDT","3/2/2018 5:39:19 PM EDT","3/2/2018 5:38:32 PM EDT","3/2/2018 5:39:19 PM EDT","3/2/2018 5:39:19 PM EDT","janneyb@bellsouth.net"
"Please DocuSign Cancellation request form.-(954)829-4858| 00722688 | MO","Completed","CHRISTHOPHER SIMMONS","Completed","3/2/2018 5:00:44 PM EDT","3/5/2018 11:24:14 AM EDT","3/5/2018 11:23:48 AM EDT","3/6/2018 11:13:20 AM EDT","3/5/2018 11:24:14 AM EDT","penfowl@aol.com"
"Please DocuSign Cancellation request form.-(954)829-4858| 00722688 | MO","Completed","DONNA SIMMONS","Completed","3/2/2018 5:00:44 PM EDT","3/6/2018 11:13:20 AM EDT","3/5/2018 11:25:28 AM EDT","3/6/2018 11:13:20 AM EDT","3/6/2018 11:13:20 AM EDT","penfowl@aol.com"
"Please DocuSign this policy change request.-(703)623-1551| 00728201 |SB","Completed","Kenneth Brand","Completed","3/2/2018 4:52:44 PM EDT","3/2/2018 5:47:16 PM EDT","3/2/2018 5:46:59 PM EDT","3/2/2018 5:47:16 PM EDT","3/2/2018 5:47:16 PM EDT","krbrand@gmail.com"
"Please DocuSign your UPC insurance documents.-(904)553-7588 | 00712925 | LR","Completed","SARAH SAMMANTHA LAMFERS","Completed","3/2/2018 4:44:01 PM EDT","3/2/2018 5:45:21 PM EDT","3/2/2018 5:43:54 PM EDT","3/2/2018 5:48:05 PM EDT","3/2/2018 5:45:21 PM EDT","rabindranath13@gmail.com"
"Please DocuSign your UPC insurance documents.-(904)553-7588 | 00712925 | LR","Completed","ARDELLE JAMES LAMFERS","Completed","3/2/2018 4:44:01 PM EDT","3/2/2018 5:48:05 PM EDT","3/2/2018 5:46:43 PM EDT","3/2/2018 5:48:05 PM EDT","3/2/2018 5:48:05 PM EDT","rabindranath13@gmail.com"
"Please DocuSign Cancellation request form. (352)207-6128 | 00723848 | MO","Completed","GIELBEDA, ALEIDA","Completed","3/2/2018 4:38:22 PM EDT","3/5/2018 10:09:03 AM EDT","3/2/2018 5:54:50 PM EDT","3/5/2018 10:12:36 AM EDT","3/5/2018 10:09:03 AM EDT","giel1231@gmail.com"
"Please DocuSign Cancellation request form. (352)207-6128 | 00723848 | MO","Completed","ONEILL, MIRIAM","Completed","3/2/2018 4:38:22 PM EDT","3/5/2018 10:12:36 AM EDT","3/4/2018 5:23:55 AM EDT","3/5/2018 10:12:36 AM EDT","3/5/2018 10:12:36 AM EDT","giel1231@gmail.com"
"Please DocuSign your Bass insurance documents.-(941)743-5758| 00728738 |AG","Completed","William Harshaw","Completed","3/2/2018 4:01:51 PM EDT","3/2/2018 4:11:19 PM EDT","3/2/2018 4:09:12 PM EDT","3/2/2018 4:11:19 PM EDT","3/2/2018 4:11:19 PM EDT","Wharshaw51@gmail.com"
"Please DocuSign Cancellation request form.-(850)494-9944 | 00726511 | MO","Voided","STEVEN M DEOLA","Sent","3/2/2018 3:53:01 PM EDT","","","3/10/2018 12:34:11 AM EDT","","hurishield@cox.net"
"Please DocuSign Cancellation request form.-(850)494-9944 | 00726511 | MO","Voided","SUSAN DEOLA","Completed","3/2/2018 3:53:01 PM EDT","3/7/2018 8:05:44 AM EDT","3/7/2018 8:05:17 AM EDT","3/10/2018 12:34:11 AM EDT","3/7/2018 8:05:44 AM EDT","hurishield@cox.net"
"Please DocuSign your Lexington insurance documents.-phn#561-306-0735pc#Q2228279BB SR","Completed","Anna Bierstock","Completed","3/2/2018 3:29:51 PM EDT","3/2/2018 3:48:03 PM EDT","3/2/2018 3:46:22 PM EDT","3/2/2018 3:54:33 PM EDT","3/2/2018 3:48:03 PM EDT","sam.bierstock@gmail.com"
"Please DocuSign your Lexington insurance documents.-phn#561-306-0735pc#Q2228279BB SR","Completed","Samuel Bierstock","Completed","3/2/2018 3:29:51 PM EDT","3/2/2018 3:54:33 PM EDT","3/2/2018 3:48:45 PM EDT","3/2/2018 3:54:33 PM EDT","3/2/2018 3:54:33 PM EDT","sam.bierstock@gmail.com"
"Please DocuSign your Bass insurance documents.-(941)743-5758| 00728738 |AG","Completed","Samuel Bierstock","Completed","3/2/2018 3:11:49 PM EDT","3/2/2018 3:24:41 PM EDT","3/2/2018 3:21:30 PM EDT","3/2/2018 3:24:41 PM EDT","3/2/2018 3:24:41 PM EDT","Wharshaw51@gmail.com"
"Please DocuSign your St.Johns insurance documents.-(787)677-8088| 00728594 | SB","Completed","Orangel Morales","Completed","3/2/2018 2:54:59 PM EDT","3/4/2018 10:26:20 AM EDT","3/4/2018 10:24:55 AM EDT","3/4/2018 10:26:20 AM EDT","3/4/2018 10:26:20 AM EDT","ojmorales1@hotmail.com"
"Please DocuSign your UPCIC insurance documents.-(786)498-9462 | 00728404 |AG","Completed","Carlos Batista","Completed","3/2/2018 2:49:21 PM EDT","3/2/2018 2:57:05 PM EDT","3/2/2018 2:55:15 PM EDT","3/2/2018 2:57:05 PM EDT","3/2/2018 2:57:05 PM EDT","HLHCarlos@gmail.com"
"Please DocuSign your Cancellation request form.-(813)500-7459| 00722175 |MO","Voided","Juan C Perez","Sent","3/2/2018 2:33:48 PM EDT","","","3/10/2018 12:34:33 AM EDT","","Jcjuanca14@yahoo.com"
"Corrected:Please DocuSign your UPCIC insurance documents.-(978)807-6959 | 00727745 | AG","Completed","Michael Broomfield","Completed","3/2/2018 1:46:21 PM EDT","3/5/2018 10:44:34 AM EDT","3/2/2018 1:49:37 PM EDT","3/5/2018 10:44:34 AM EDT","3/5/2018 10:44:34 AM EDT","mbandreamgt@Yahoo.com"
"Please DocuSign Cancellation request form.-(407)921-4072| 00727557 | MO","Completed","Thomas Jojo","Completed","3/2/2018 1:33:07 PM EDT","3/2/2018 11:01:35 PM EDT","3/2/2018 11:01:11 PM EDT","3/2/2018 11:01:35 PM EDT","3/2/2018 11:01:35 PM EDT","jojothomas11@gmail.com"
"Please DocuSign Cancellation request form.- (786)547-7865 | 00722065 | MO","Completed","Delton Melon","Completed","3/2/2018 1:20:14 PM EDT","3/8/2018 7:31:46 PM EDT","3/8/2018 7:31:00 PM EDT","3/8/2018 7:31:46 PM EDT","3/8/2018 7:31:46 PM EDT","moleon32@hotmail.com"
"Please DocuSign Skipjack Premium Finance form KC Manny","Voided","Rhonda James","AutoResponded","3/2/2018 12:39:51 PM EDT","","","3/10/2018 12:34:49 AM EDT","","rhondadj@dadeschools.net"
"Please DocuSign your home insurance documents.-(586)854-5216 | 00728395 | SR BB","Completed","Edward Gantzer","Completed","3/2/2018 12:03:35 PM EDT","3/2/2018 12:06:03 PM EDT","3/2/2018 12:04:31 PM EDT","3/2/2018 12:06:03 PM EDT","3/2/2018 12:06:03 PM EDT","egantzer@yahoo.com"
"Please DocuSign: FLH-0007457 Inspection Letter.(772)444-0005 | 00714480 | LR","Voided","Lefebvre, Nancy","Sent","3/2/2018 11:54:37 AM EDT","","","3/10/2018 12:35:25 AM EDT","","nancylefebvre1@gmail.com"
"Please DocuSign FLH0007459 inspection letter. (407)575-9522| 00709515 | SR","Completed","Aungst, John","Completed","3/2/2018 11:05:34 AM EDT","3/4/2018 3:41:36 AM EDT","3/4/2018 3:39:59 AM EDT","3/4/2018 3:41:36 AM EDT","3/4/2018 3:41:36 AM EDT","philaungst0509@gmail.com"
"Please DocuSign HVH-0001613 inspection letter. (954)328-9749 | 00714346 | LR","Voided","Jeri Ginsberg","Sent","3/2/2018 10:52:00 AM EDT","","","3/10/2018 12:35:29 AM EDT","","pandjginsberg@comcast.net"
"Please DocuSign your Prepared insurance documents.-(786)271-5996| 00728471 | LR","Completed","Daniel Hoffman","Completed","3/2/2018 9:52:29 AM EDT","3/5/2018 12:39:11 PM EDT","3/3/2018 7:55:49 PM EDT","3/5/2018 12:39:11 PM EDT","3/5/2018 12:39:11 PM EDT","danielevy86@gmail.com"
"Please DocuSign your Federated National insurance documents.- (954)552-5084  | 00728457 | SB","Completed","Guillermo Reyes","Completed","3/2/2018 9:27:10 AM EDT","3/2/2018 11:32:10 AM EDT","3/2/2018 11:05:28 AM EDT","3/2/2018 11:34:00 AM EDT","3/2/2018 11:32:10 AM EDT","memo_84@msn.com"
"Please DocuSign your Federated National insurance documents.- (954)552-5084  | 00728457 | SB","Completed","Grace Reyes","Completed","3/2/2018 9:27:10 AM EDT","3/2/2018 11:34:00 AM EDT","3/2/2018 11:33:04 AM EDT","3/2/2018 11:34:00 AM EDT","3/2/2018 11:34:00 AM EDT","memo_84@msn.com"
"Please DocuSign your safeco insurance documents.-pc#F3346766 LL Maria","Completed","Amy Lahr","Completed","3/1/2018 4:32:42 PM EDT","3/1/2018 6:14:50 PM EDT","3/1/2018 6:12:25 PM EDT","3/1/2018 6:14:50 PM EDT","3/1/2018 6:14:50 PM EDT","email@kevinlahr.com"
"Please DocuSign CLF-0004185 Inspection Letter.(256)476-1942| 00709169 | LR SR","Completed","Benny Poole","Completed","3/1/2018 3:53:14 PM EDT","3/2/2018 4:57:54 AM EDT","3/2/2018 4:56:01 AM EDT","3/2/2018 4:57:54 AM EDT","3/2/2018 4:57:54 AM EDT","poolebh@gmail.com"
"Please DocuSign this agent of record form.-(386)935-4808 | 00719574 | KC DB","Completed","Arlene Hedgespeth","Completed","3/1/2018 3:42:51 PM EDT","3/2/2018 6:39:07 AM EDT","3/2/2018 6:38:16 AM EDT","3/2/2018 6:39:07 AM EDT","3/2/2018 6:39:07 AM EDT","shortstuffarlene@yahoo.com"
"Please DocuSign this agent of record form.-Phn#786-218-6110Pc# HCPC-HO3-306772-8 DB DR","Completed","Jacob Liro","Completed","3/1/2018 3:30:56 PM EDT","3/5/2018 8:34:46 AM EDT","3/5/2018 8:33:04 AM EDT","3/5/2018 8:34:46 AM EDT","3/5/2018 8:34:46 AM EDT","amyliro@yahoo.com"
"Please DocuSign your Wright Flood insurance documents.-(561)452-4744 | 00715418 | LR","Completed","Sherilynne Luther","Completed","3/1/2018 2:28:08 PM EDT","3/1/2018 3:20:25 PM EDT","3/1/2018 3:17:26 PM EDT","3/1/2018 3:20:25 PM EDT","3/1/2018 3:20:25 PM EDT","sherilynneluther@yahoo.com"
"Please DocuSign your American Strategic insurance documents.-(561)889-4342 | 00728342 | LR","Completed","Marvine Dessalines","Completed","3/1/2018 2:14:28 PM EDT","3/5/2018 3:49:52 AM EDT","3/5/2018 3:47:38 AM EDT","3/5/2018 3:49:52 AM EDT","3/5/2018 3:49:52 AM EDT","MARVINEDESSALINES@YAHOO.COM"
"Please DocuSign your new ASI flood insurance application.-(561)333-2215| 00359488 | LL LR","Completed","Leonard Dutil","Completed","3/1/2018 2:02:37 PM EDT","3/1/2018 2:17:13 PM EDT","3/1/2018 2:15:41 PM EDT","3/1/2018 2:17:13 PM EDT","3/1/2018 2:17:13 PM EDT","chasrat3@yahoo.com"
"Please DocuSign your Allrisks insurance documents.-(619)654-1741| 00728333 | SR  Kory","Completed","Mark Sankowski","Completed","3/1/2018 1:52:18 PM EDT","3/1/2018 2:29:16 PM EDT","3/1/2018 2:26:44 PM EDT","3/1/2018 2:29:16 PM EDT","3/1/2018 2:29:16 PM EDT","ljyaker@yahoo.com"
"corrected:Please DocuSign your UPCIC insurance documents.- (561)207-1222| 00728326 | AG","Completed","Valer Devuyst","Completed","3/1/2018 1:38:40 PM EDT","3/1/2018 4:47:37 PM EDT","3/1/2018 1:39:16 PM EDT","3/1/2018 4:47:37 PM EDT","3/1/2018 4:47:37 PM EDT","depd35@yahoo.com"
": Please DocuSign your Florida Peninsula insurance documents.-(913)235-9942 | 00728318 | SB","Completed","Kevin Johnson","Completed","3/1/2018 12:35:24 PM EDT","3/2/2018 4:37:05 PM EDT","3/1/2018 1:16:54 PM EDT","3/2/2018 4:37:05 PM EDT","3/2/2018 4:37:05 PM EDT","kjohnson5535@gmail.com"
"Please DocuSign your Foremost insurance documents.-(561)618-2440 | 00723998 | LL","Completed","Sterlette Searcy","Completed","3/1/2018 12:17:26 PM EDT","3/2/2018 7:10:38 AM EDT","3/2/2018 7:08:17 AM EDT","3/2/2018 7:10:38 AM EDT","3/2/2018 7:10:38 AM EDT","sstarsearcy@gmail.com"
"Please DocuSign your CP insurance documents.-(954)696-3921| 00728089 | LR","Completed","ARTURO R OLIVARES","Completed","3/1/2018 11:40:41 AM EDT","3/8/2018 5:06:08 PM EDT","3/8/2018 5:03:09 PM EDT","3/8/2018 5:06:08 PM EDT","3/8/2018 5:06:08 PM EDT","arturo.olivares1@gmail.com"
"Please DocuSign your UPCIC insurance documents.-(305)219-0993 | 00728076 | AG","Completed","Lenny Rivera","Completed","3/1/2018 11:31:18 AM EDT","3/1/2018 12:12:16 PM EDT","3/1/2018 11:42:37 AM EDT","3/1/2018 12:12:16 PM EDT","3/1/2018 12:12:16 PM EDT","L26JYD@gmail.com"
"Please DocuSign your TH insurance documents.-(603)387-7770| 00728064 |SB","Completed","Phyllis P Whitney","Completed","3/1/2018 11:24:25 AM EDT","3/1/2018 2:43:33 PM EDT","3/1/2018 11:29:16 AM EDT","3/1/2018 2:55:22 PM EDT","3/1/2018 2:43:33 PM EDT","pwhitney09@gmail.com"
"Please DocuSign your TH insurance documents.-(603)387-7770| 00728064 |SB","Completed","Paul Whitney","Completed","3/1/2018 11:24:25 AM EDT","3/1/2018 2:55:22 PM EDT","3/1/2018 11:26:41 AM EDT","3/1/2018 2:55:22 PM EDT","3/1/2018 2:55:22 PM EDT","pwhitney09@gmail.com"
"Please DocuSign your Allrisk insurance documents.-(305)491-1976| 00727989 | AG KristenD","Completed","Ailene Pelobello","Completed","3/1/2018 11:01:16 AM EDT","3/1/2018 9:34:39 PM EDT","3/1/2018 3:02:50 PM EDT","3/1/2018 9:34:39 PM EDT","3/1/2018 9:34:39 PM EDT","aileneap@yahoo.com"
"Please DocuSign your UPC insurance documents.-(407)607-2781| 00727959 | LR","Completed","Rhea Vallas","Completed","3/1/2018 10:55:00 AM EDT","3/1/2018 12:05:14 PM EDT","3/1/2018 11:56:11 AM EDT","3/1/2018 12:05:14 PM EDT","3/1/2018 12:05:14 PM EDT","matita_carballo@yahoo.com"
"Please DocuSign your Souther Oak insurance documents.-(954)488-0201| 00727915 | SB","Completed","Kimberly Burgess","Completed","3/1/2018 10:38:42 AM EDT","3/1/2018 4:15:13 PM EDT","3/1/2018 11:28:19 AM EDT","3/1/2018 4:15:13 PM EDT","3/1/2018 4:15:13 PM EDT","kimaburgess@aol.com"
"Please DocuSign your UPCIC insurance documents.-(727)647-7149 | 00579111 |AG","Completed","Cheryl Pinto","Completed","3/1/2018 10:22:06 AM EDT","3/2/2018 7:59:03 AM EDT","3/2/2018 7:53:04 AM EDT","3/2/2018 8:01:57 AM EDT","3/2/2018 7:59:03 AM EDT","Vap123@tampabay.rr.com"
"Please DocuSign your UPCIC insurance documents.-(727)647-7149 | 00579111 |AG","Completed","Ventura Pinto","Completed","3/1/2018 10:22:06 AM EDT","3/2/2018 8:01:57 AM EDT","3/2/2018 8:01:15 AM EDT","3/2/2018 8:01:57 AM EDT","3/2/2018 8:01:57 AM EDT","Vap123@tampabay.rr.com"
"Please DocuSign your Geovera insurance documents.-(813)373-9088 | 00727772 | SR DR","Completed","William Workman","Completed","3/1/2018 9:46:22 AM EDT","3/1/2018 10:14:51 AM EDT","3/1/2018 10:12:48 AM EDT","3/1/2018 10:14:51 AM EDT","3/1/2018 10:14:51 AM EDT","surfwtw@gmail.com"
"Please DocuSign your UPCIC insurance documents.-(978)807-6959 | 00727745 |AG","Voided","Michael Broomfield","Sent","3/1/2018 9:42:53 AM EDT","","","3/2/2018 3:01:08 PM EDT","","johnettagoldsmith988@gmail.com"
"Please DocuSign your AllRisk insurance documents.-(813)247-7822 | 00726089 |SR","Completed","Johnette Goldsmith","Completed","3/1/2018 9:35:41 AM EDT","3/3/2018 8:53:00 AM EDT","3/3/2018 8:35:08 AM EDT","3/3/2018 8:53:00 AM EDT","3/3/2018 8:53:00 AM EDT","johnettagoldsmith988@gmail.com"
"Please DocuSign your AllRisk insurance documents.-(941)219-8609| 00718486 | SR","Voided","George Mira","Sent","3/1/2018 9:35:22 AM EDT","","","3/9/2018 12:32:08 AM EDT","","Gmira2@hotmail.com"
"Please DocuSign your AllRisk insurance documents.(321)208-7799| 00149754 | SR","Voided","Lowell Murrell","Sent","3/1/2018 9:35:08 AM EDT","","","3/9/2018 12:30:56 AM EDT","","lmurrellwva@cfl.rr.com"
"Please DocuSign your AllRisk insurance documents.-(407)504-8004| 00723506 |SR","Voided","Wanda Anderson","Sent","3/1/2018 9:34:09 AM EDT","","","3/9/2018 12:31:33 AM EDT","","Anderson.wanda@gmail.com"
"Corrected:Please DocuSign your SeaCoast  insurance documents.-Phn#(561)469-9880| Pc#476509 | SB","Voided","Kemwattie Mahmood","Sent","3/1/2018 9:33:49 AM EDT","","","3/9/2018 12:32:36 AM EDT","","lakeworthautotech1@yahoo.com"
"Please DocuSign your AllRisk insurance documents.-(561)929-8692 | 00726069 | SR","Voided","Marie Fleurentin","Sent","3/1/2018 9:30:44 AM EDT","","","3/9/2018 12:32:40 AM EDT","","fwer_luxon@hotmail.com"
"Please DocuSign your Aspen insurance documents.-(973)464-9843 | 00727693 | SR DR","Completed","DONNA GRECO","Completed","3/1/2018 9:27:16 AM EDT","3/2/2018 10:34:22 AM EDT","3/2/2018 10:23:43 AM EDT","3/2/2018 10:34:22 AM EDT","3/2/2018 10:34:22 AM EDT","d.greco153@icloud.com"
"Please DocuSign your Cap Pre insurance documents.-(561)767-7060| 00663861 |LR","Completed","Samantha Landi","Completed","3/1/2018 9:23:55 AM EDT","3/1/2018 5:49:42 PM EDT","3/1/2018 1:06:00 PM EDT","3/1/2018 5:49:42 PM EDT","3/1/2018 5:49:42 PM EDT","Samantha.e.landi@gmail.com"
"New: Please DocuSign your AllRisk insurance documents.-(305)332-3404| 00723996 | SR DR","Completed","David West","Completed","3/1/2018 9:14:16 AM EDT","3/2/2018 11:48:53 AM EDT","3/1/2018 7:20:24 PM EDT","3/2/2018 11:48:53 AM EDT","3/2/2018 11:48:53 AM EDT","dwest118@gmail.com"
"Please DocuSign your FL Specialty insurance documents.-(407)921-4072 | 00727557 |SB","Completed","JoJo Thomas","Completed","3/1/2018 9:08:30 AM EDT","3/2/2018 7:04:37 AM EDT","3/2/2018 7:03:14 AM EDT","3/2/2018 7:04:37 AM EDT","3/2/2018 7:04:37 AM EDT","jojothomas11@gmail.com"
"Please DocuSign your Geovera insurance documents.-(219)629-1279 | 00691020 | SR RL","Completed","Jessica Tancos","Completed","3/1/2018 9:03:33 AM EDT","3/1/2018 9:24:47 AM EDT","3/1/2018 9:22:20 AM EDT","3/1/2018 9:24:47 AM EDT","3/1/2018 9:24:47 AM EDT","Jtancos4342@yahoo.com"