"Subject","Status","Recipient Name","Action","Sent On","Completed On","View Date","Status Changed Date","Sign Date","Recipient Email"
"Please DocuSign: Riner Change request PVH2123261 KG","Completed","Carmen Riner","Completed","6/1/2018 8:00:58 PM EDT","6/1/2018 9:17:49 PM EDT","6/1/2018 9:16:46 PM EDT","6/1/2018 9:17:49 PM EDT","6/1/2018 9:17:49 PM EDT","dcrin2010@hotmail.com"
"Please DocuSign your Progressive insurance documents.- ph# 561-452-7336 pc#922099063 Manny","Completed","NADA SAVU","Completed","6/1/2018 5:08:54 PM EDT","6/1/2018 5:22:43 PM EDT","6/1/2018 5:20:19 PM EDT","6/1/2018 5:22:43 PM EDT","6/1/2018 5:22:43 PM EDT","nadasavu@gmail.com"
"Please DocuSign your Safeco insurance documents.-(561)312-5660 | 00250141 | LU","Sent","Jane Kaplowitz","Sent","6/1/2018 2:47:55 PM EDT","","","","","robert145@mac.com"
"Please DocuSign: CLF-0004599 Inspection Letter.-(386)884-9938| 00737134 | LR","Delivered","Martin, Gayle","Delivered","6/1/2018 2:21:11 PM EDT","","6/2/2018 9:24:59 PM EDT","","","Billypilgrim465@yahoo.com"
"Please DocuSign your Allrisks insurance documents.- qt:3533579  ph#:786-346-2281 LR BB","Sent","Ricardo Leiva","Sent","6/1/2018 2:15:01 PM EDT","","","","","annie_ileiva@hotmail.com"
"Please DocuSign your Aspen  insurance documents.- pc#TBD7847  ph#:602-321-3586 LU BB","Sent","Elizabeth Sterling","Sent","6/1/2018 2:09:25 PM EDT","","","","","sterlingspin@gmail.com"
"Please DocuSign your Wind Mitigation inspection.-(786)663-1265| 00737220 | DR","Sent","Hugo Cardenas","Sent","6/1/2018 1:50:07 PM EDT","","","","","Hugoyug1@yahoo.com"
"Please DocuSign your Allrisks insurance documents.-(407)209-4704| 00746553 | LR Kory","Completed","Myers Judith","Completed","6/1/2018 1:01:27 PM EDT","6/1/2018 1:14:46 PM EDT","6/1/2018 1:06:29 PM EDT","6/1/2018 1:14:46 PM EDT","6/1/2018 1:14:46 PM EDT","judymyersmomof6@gmail.com"
"Please DocuSign your Allrisks insurance documents.-(937)215-9076| 00750806 | LU BB","Delivered","Suchitra Reddy Neravetla","Delivered","6/1/2018 12:30:44 PM EDT","","6/2/2018 11:49:02 AM EDT","","","neravetla@yahoo.com"
"Please DocuSign Statement of No Loss form.-(305)495-1991| 00729843 | LR","Sent","Downer, Eulet","Sent","6/1/2018 12:14:32 PM EDT","","","","","euletdowner@yahoo.com"
"Please DocuSign your Federated National insurance documents.-(941)524-7464| 00664600 | LR","Completed","Glenn Graham","Completed","6/1/2018 11:43:39 AM EDT","6/1/2018 12:57:24 PM EDT","6/1/2018 12:45:42 PM EDT","6/1/2018 12:57:24 PM EDT","6/1/2018 12:57:24 PM EDT","Glenn.angie@verizon.net"
"Please DocuSign your Florida Peninsula insurance documents.-(954)558-7397| 00193764 | LR","Completed","OREXMYTH DE LA VEGA","Completed","6/1/2018 10:59:49 AM EDT","6/1/2018 11:21:22 AM EDT","6/1/2018 11:17:58 AM EDT","6/1/2018 11:21:22 AM EDT","6/1/2018 11:21:22 AM EDT","ovega@me.com"
"Please DocuSign your UPCIC insurance documents.-(561)313-8379| 00410478 | AG VO","Completed","RONALD  O'BRIEN","Completed","6/1/2018 10:49:19 AM EDT","6/1/2018 1:01:29 PM EDT","6/1/2018 12:40:12 PM EDT","6/1/2018 1:06:15 PM EDT","6/1/2018 1:01:29 PM EDT","obri2103@att.net"
"Please DocuSign your UPCIC insurance documents.-(561)313-8379| 00410478 | AG VO","Completed","GABRIELA RODRIGUEZ O'BRIEN","Completed","6/1/2018 10:49:19 AM EDT","6/1/2018 1:06:15 PM EDT","6/1/2018 1:04:00 PM EDT","6/1/2018 1:06:15 PM EDT","6/1/2018 1:06:15 PM EDT","obri2103@att.net"
"Please DocuSign your UPCIC insurance documents.-(214)554-5902| 00525230 | AG","Completed","MAJREIL  LOWE","Completed","6/1/2018 10:20:17 AM EDT","6/2/2018 8:44:46 AM EDT","6/2/2018 8:43:42 AM EDT","6/2/2018 8:44:46 AM EDT","6/2/2018 8:44:46 AM EDT","mlpropertyholding@yahoo.com"
"Please DocuSign your UPCIC insurance documents.-(772)812-5291| 00750730 | AG","Sent","Mathew  Wallace","Sent","6/1/2018 10:07:05 AM EDT","","","","","matthewwyattwallace@gmail.com"
"Please DocuSign your UPCIC insurance documents.-(772)812-5291| 00750730 | AG","Sent","Jacob  Muscara","Sent","6/1/2018 10:07:05 AM EDT","","","","","matthewwyattwallace@gmail.com"
"Please DocuSign your UPC insurance documents.-(305)399-3897| 00750733 | LU","Sent","MARIA MILAGROS DA SILVA PESTANA","Sent","6/1/2018 10:00:22 AM EDT","","","","","clorardoluisleal@gmail.com"
"Please DocuSign your UPC insurance documents.-(305)399-3897| 00750733 | LU","Sent","CLORARDO LUIS LEAL LUBO","Completed","6/1/2018 10:00:22 AM EDT","6/1/2018 10:42:26 AM EDT","6/1/2018 10:41:56 AM EDT","","6/1/2018 10:42:26 AM EDT","clorardoluisleal@gmail.com"
"Please DocuSign your Foremost insurance documents.-(561)503-9614| 00750761 | LU","Completed","ELIZABETH ELLIOTT","Completed","6/1/2018 9:50:20 AM EDT","6/1/2018 10:30:55 AM EDT","6/1/2018 10:29:25 AM EDT","6/1/2018 10:30:55 AM EDT","6/1/2018 10:30:55 AM EDT","Elliottliz1990@icloud.com"
"Please DocuSign your Bass insurance documents.-(561)596-8451| 00750783 | LR Kory","Completed","Lisa Hurt","Completed","6/1/2018 9:38:04 AM EDT","6/1/2018 4:56:07 PM EDT","6/1/2018 4:54:23 PM EDT","6/1/2018 4:56:07 PM EDT","6/1/2018 4:56:07 PM EDT","lhurt25@yahoo.com"
"Please DocuSign your St. Johns insurance documents.-(561)719-2524| 00750819 | LU VO","Completed","Barbara Adams","Completed","6/1/2018 9:12:19 AM EDT","6/1/2018 9:37:46 AM EDT","6/1/2018 9:29:39 AM EDT","6/1/2018 9:37:46 AM EDT","6/1/2018 9:37:46 AM EDT","blznsun@gmail.com"