"Subject","Status","Recipient Name","Action","Sent On","Completed On","View Date","Status Changed Date","Sign Date","Recipient Email"
"Please DocuSign Scottsdale Terrorism Form.-(561)723-8953| 00768843 | VO","Sent","Chavez, Augusto","Sent","10/8/2018 10:03:42 AM EDT","","","","","chav7511@bellouth.net"
"Please DocuSign Cancellation request form.-(305)933-6247| 00266894 | VO","Completed","Deborah Stayman","Completed","10/5/2018 12:16:05 PM EDT","10/5/2018 12:20:34 PM EDT","10/5/2018 12:19:26 PM EDT","10/5/2018 12:21:50 PM EDT","10/5/2018 12:20:34 PM EDT","myron_stayman@ml.com"
"Please DocuSign Cancellation request form.-(305)933-6247| 00266894 | VO","Completed","Myron Stayman","Completed","10/5/2018 12:16:05 PM EDT","10/5/2018 12:21:50 PM EDT","10/5/2018 12:21:38 PM EDT","10/5/2018 12:21:50 PM EDT","10/5/2018 12:21:50 PM EDT","myron_stayman@ml.com"
"Please DocuSign your No Mandatory Purchase Affidavit.-(571)309-7536| 00543643 |  KC","Completed","Owens, David","Completed","10/4/2018 2:44:06 PM EDT","10/5/2018 10:39:02 AM EDT","10/4/2018 3:23:06 PM EDT","10/5/2018 10:39:02 AM EDT","10/5/2018 10:39:02 AM EDT","daveo161@aol.com"
"Please DocuSign Cancellation request form.-(443)398-5015 | 00139715 | VO","Completed","Donna Brock","Completed","10/3/2018 2:38:05 PM EDT","10/3/2018 2:55:29 PM EDT","10/3/2018 2:54:52 PM EDT","10/3/2018 2:55:29 PM EDT","10/3/2018 2:55:29 PM EDT","tapsinc900@aol.com"
"Please DocuSign this policy change request.-(718)761-7494| 00729805 | VO","Completed","Francis G Carley","Completed","10/3/2018 2:08:34 PM EDT","10/3/2018 5:31:18 PM EDT","10/3/2018 5:31:06 PM EDT","10/3/2018 5:31:18 PM EDT","10/3/2018 5:31:18 PM EDT","fcarley@verizon.net"
"Please DocuSign Cancellation request form.-(305)409-1305| 00758105 |  VO","Completed","Adi Gal","Completed","10/3/2018 11:59:19 AM EDT","10/3/2018 12:00:00 PM EDT","10/3/2018 11:59:53 AM EDT","10/3/2018 12:00:00 PM EDT","10/3/2018 12:00:00 PM EDT","adigalrealtor@gmail.com"
"Please DocuSign Cancellation request form.-(954)632-2230 | 00626466 | VO","Voided","Tonita Gregory","Sent","10/3/2018 10:46:23 AM EDT","","","10/4/2018 10:16:13 AM EDT","","TONITAGREGORY@GMAIL.COM"